都道府県コード又は市区町村コード,NO,都道府県名,市区町村名,イベント名,イベント名_カナ,イベント名_英語,開始日,終了日,開始時間,終了時間,開始日時特記事項,説明,料金(基本),料金(詳細),連絡先名称,連絡先電話番号,連絡先内線番号,主催者,場所名称,住所,方書,緯度,経度,アクセス方法,駐車場情報,定員,参加申込終了日,参加申込終了時間,参加申込方法,URL,備考,カテゴリー,区,公開日,更新日,子育て情報,施設No.
221309,20260113435,静岡県,浜松市,鳥獣被害対策基本講座,チョウジュウヒガイタイサクキホンコウザ,"Basic course on crop damage preventation by wild animal",2026-11-26,,10:00,11:30,,"【内容】イノシシ、シカ、サルなどの野生動物による農林産物被害を防ぐための基本知識を身に付ける講座
【対象】どなたでも申込可能です
【その他】講座修了者については、防護柵の設置費等を助成する「浜松市動物被害対策事業費補助金」の補助率が上がります。",,無料,"農業振興課 北部農業グループ",(053)523-1113,,浜松地域鳥獣被害対策協議会,引佐支所,浜松市浜名区引佐町井伊谷616-5,,34.834554,137.670504,,有,40人　先着順,,,"申込必要
【申込開始】2026年10月25日(日曜日)　8時30分
【方法】窓口／電話",https://www.city.hamamatsu.shizuoka.jp/noushin/event/tyoju-kouza.html,,講座・教室,浜名区,2026-01-19,2026-01-28,,004483_00
221309,20260113436,静岡県,浜松市,鳥獣被害対策基本講座,チョウジュウヒガイタイサクキホンコウザ,"Basic course on crop damage preventation by wild animal",2026-10-16,,10:00,11:30,,"【内容】イノシシ、シカ、サルなどの野生動物による農林産物被害を防ぐための基本知識を身に付ける講座
【対象】どなたでも申込可能です
【その他】講座修了者については、防護柵の設置費等を助成する「浜松市動物被害対策事業費補助金」の補助率が上がります。",,無料,龍山支所,(053)966-2111,,浜松地域鳥獣被害対策協議会,龍山支所,浜松市天竜区龍山町大嶺570-1,,34.969654,137.825932,,有,40人　先着順,,,"申込必要
【申込開始】2026年09月15日(火曜日)　8時30分
【方法】窓口／電話",https://www.city.hamamatsu.shizuoka.jp/noushin/event/tyoju-kouza.html,,講座・教室,天竜区,2026-01-19,,,004489_00
221309,20260113437,静岡県,浜松市,鳥獣被害対策基本講座,チョウジュウヒガイタイサクキホンコウザ,"Basic course on crop damage preventation by wild animal",2026-09-03,,10:00,11:30,,"【内容】イノシシ、シカ、サルなどの野生動物による農林産物被害を防ぐための基本知識を身に付ける講座
【対象】どなたでも申込可能です
【その他】講座修了者については、防護柵の設置費等を助成する「浜松市動物被害対策事業費補助金」の補助率が上がります。",,無料,"農業振興課 北部農業グループ",(053)523-1113,,浜松地域鳥獣被害対策協議会,北行政センター,浜松市浜名区細江町気賀305,,34.806210,137.650988,,有,40人　先着順,,,"申込必要
【申込開始】2026年08月02日(日曜日)　8時30分
【方法】窓口／電話",https://www.city.hamamatsu.shizuoka.jp/noushin/event/tyoju-kouza.html,車は西側第2駐車場へ,講座・教室,浜名区,2026-01-19,2026-01-28,,000935_00
221309,20260113438,静岡県,浜松市,鳥獣被害対策基本講座,チョウジュウヒガイタイサクキホンコウザ,"Basic course on crop damage preventation by wild animal",2026-12-08,,10:00,11:30,,"【内容】イノシシ、シカ、サルなどの野生動物による農林産物被害を防ぐための基本知識を身に付ける講座
【対象】どなたでも申込可能です
【その他】講座修了者については、防護柵の設置費等を助成する「浜松市動物被害対策事業費補助金」の補助率が上がります。",,無料,佐久間支所,(053)966-0001,,浜松地域鳥獣被害対策協議会,浜松市佐久間歴史と民話の郷会館,浜松市天竜区佐久間町佐久間429-1,,35.091760,137.813648,,有,40人　先着順,,,"申込必要
【申込開始】2026年11月07日(土曜日)　8時30分
【方法】窓口／電話",https://www.city.hamamatsu.shizuoka.jp/noushin/event/tyoju-kouza.html,,講座・教室,天竜区,2026-01-19,,,004484_00
221309,20260113439,静岡県,浜松市,鳥獣被害対策基本講座,チョウジュウヒガイタイサクキホンコウザ,"Basic course on crop damage preventation by wild animal",2027-01-26,,10:00,11:30,,"【内容】イノシシ、シカ、サルなどの野生動物による農林産物被害を防ぐための基本知識を身に付ける講座
【対象】どなたでも申込可能です
【その他】講座修了者については、防護柵の設置費等を助成する「浜松市動物被害対策事業費補助金」の補助率が上がります。",,無料,"農業振興課 天竜農業グループ",(053)922-0030,,浜松地域鳥獣被害対策協議会,天竜区役所,浜松市天竜区二俣町二俣481,,34.872645,137.81625,,有,40人　先着順,,,"申込必要
【申込開始】2027年12月25日(土曜日)　8時30分
【方法】窓口／電話",https://www.city.hamamatsu.shizuoka.jp/noushin/event/tyoju-kouza.html,,講座・教室,天竜区,2026-01-19,,,001994_00
221309,20260113440,静岡県,浜松市,鳥獣被害対策基本講座,チョウジュウヒガイタイサクキホンコウザ,"Basic course on crop damage preventation by wild animal",2027-02-12,,10:00,11:30,,"【内容】イノシシ、シカ、サルなどの野生動物による農林産物被害を防ぐための基本知識を身に付ける講座
【対象】どなたでも申込可能です
【その他】講座修了者については、防護柵の設置費等を助成する「浜松市動物被害対策事業費補助金」の補助率が上がります。",,無料,水窪支所,(053)982-0001,,浜松地域鳥獣被害対策協議会,水窪支所,浜松市天竜区水窪町奥領家2980-1,,35.165959,137.869545,,有,40人　先着順,,,"申込必要
【申込開始】2027年01月11日(月曜日)　8時30分
【方法】窓口／電話",https://www.city.hamamatsu.shizuoka.jp/noushin/event/tyoju-kouza.html,,講座・教室,天竜区,2026-01-19,,,004487_00
221309,20260113581,静岡県,浜松市,行政相談委員による行政相談,,,2026-09-09,,9:00,12:00,,,,,南行政センター,(053)425-1382,,,南行政センター,浜松市中央区江之島町600-1,,34.667355,137.752214,,,,,,"申込不要
当日、直接会場へ",https://www.soumu.go.jp/main_sosiki/hyouka/soudan_n/index.html,,そうだん,中央区,2026-01-19,,,002131_00
221309,20260113582,静岡県,浜松市,行政相談委員による行政相談,,,2026-10-14,,9:00,15:00,,,,,南行政センター,(053)425-1382,,,南行政センター,浜松市中央区江之島町600-1,,34.667355,137.752214,,,,,,"申込不要
当日、直接会場へ",https://www.soumu.go.jp/main_sosiki/hyouka/soudan_n/index.html,,そうだん,中央区,2026-01-19,,,002131_00
221309,20260113583,静岡県,浜松市,行政相談委員による行政相談,,,2026-11-11,,9:00,12:00,,,,,南行政センター,(053)425-1382,,,南行政センター,浜松市中央区江之島町600-1,,34.667355,137.752214,,,,,,"申込不要
当日、直接会場へ",https://www.soumu.go.jp/main_sosiki/hyouka/soudan_n/index.html,,そうだん,中央区,2026-01-19,,,002131_00
221309,20260113584,静岡県,浜松市,行政相談委員による行政相談,,,2026-12-09,,9:00,12:00,,,,,南行政センター,(053)425-1382,,,南行政センター,浜松市中央区江之島町600-1,,34.667355,137.752214,,,,,,"申込不要
当日、直接会場へ",https://www.soumu.go.jp/main_sosiki/hyouka/soudan_n/index.html,,そうだん,中央区,2026-01-19,,,002131_00
221309,20260113585,静岡県,浜松市,行政相談委員による行政相談,,,2027-01-13,,9:00,12:00,,,,,南行政センター,(053)425-1382,,,南行政センター,浜松市中央区江之島町600-1,,34.667355,137.752214,,,,,,"申込不要
当日、直接会場へ",https://www.soumu.go.jp/main_sosiki/hyouka/soudan_n/index.html,,そうだん,中央区,2026-01-19,,,002131_00
221309,20260113586,静岡県,浜松市,行政相談委員による行政相談,,,2027-02-10,,9:00,12:00,,,,,南行政センター,(053)425-1382,,,南行政センター,浜松市中央区江之島町600-1,,34.667355,137.752214,,,,,,"申込不要
当日、直接会場へ",https://www.soumu.go.jp/main_sosiki/hyouka/soudan_n/index.html,,そうだん,中央区,2026-01-19,,,002131_00
221309,20260113587,静岡県,浜松市,行政相談委員による行政相談,,,2027-03-10,,9:00,12:00,,,,,南行政センター,(053)425-1382,,,南行政センター,浜松市中央区江之島町600-1,,34.667355,137.752214,,,,,,"申込不要
当日、直接会場へ",https://www.soumu.go.jp/main_sosiki/hyouka/soudan_n/index.html,,そうだん,中央区,2026-01-19,,,002131_00
221309,20260209064,静岡県,浜松市,浜松市民文化フェスティバル2026「バレエ・ダンスの祭典」参加募集,ハママツシミンブンカフェスティバル2026バレエダンスノサイテンサンカボシュウ,,2026-10-11,,15:00,17:00,,"【内容】“市民による芸術文化の祭典”と位置付け、市内の様々なジャンルの文化団体が、日頃の研鑽の成果を発表する場として開催する。広く参加団体を募り、お互いの交流を深めることで、連携を目指す。また、身近な出演者の演奏や舞踊を鑑賞する機会を提供することで、市民が文化活動に参加する契機を創出し、文化活動の活性化及び文化芸術の向上に資することを目的とする。
【対象】浜松市内で活動し、自主公演又は、それに準ずる舞台公演の経験のあるクラシックバレエ、ジャスダンス、モダンダンス、民族舞踊(フラダンス・フラメンコなど)、タップダンス、ヒップホップ、ブレイクダンス等の団体。
【条件】チケットノルマ有。また、本公演は参加団体相互の協力で運営されます。当日の会場保安係、受付等の お手伝いをお願いする場合がございます。皆様のご協力をお願いいたします。",,,（公財）浜松市文化振興財団　文化事業課,(053)451-1151,,(公財)浜松市文化振興財団　文化事業課,アクトシティ浜松,浜松市中央区板屋町111-1,,34.705528,137.735724,,,,2026-05-08,,"申込必要
【締切】締切
【申込開始】2026年04月01日(水曜日)　
【方法】FAX((053)451-1123)／郵送(430-7790　浜松市中央区板屋町111-1　(公財)浜松市文化振興財団　文化事業課)／E-mail(culture@hcf.or.jp)",https://www.hcf.or.jp/,,おんがく,中央区,2026-02-12,,×,000015_00
221309,20260209135,静岡県,浜松市,令和8年度　賀茂真淵記念館講座　「記念館アカデミー」《真淵を学ぶ、古典研究にふれる》　記1講座　真淵の注釈で『源氏物語』をよむⅤ(全3回),,,2026-10-09,,13:00,14:40,(1)10/9(金)(2)11/13(金)(3)12/4(金),"【内容】『源氏物語』の「少女」巻から賀茂真淵の注釈により読み進めていきます。
【講師】高野奈未(日本大学教授)",1500円,初回に一括してお支払いください。(欠席の場合は資料を郵送します。),賀茂真淵記念館,(053)456-8050,,賀茂真淵記念館,浜松市立賀茂真淵記念館,浜松市中央区東伊場一丁目22-2,,34.700942,137.715897,バス:鴨江佐鳴台線(3番ポール)鴨江坂上下車南へ徒歩7～8分。*道は、平坦です。志都呂宇布見線(5番ポール)商工会議所下車北へ徒歩5分。*急坂道です。車:雄踏街道、商工会議所西信号を北へ坂上がる。(国道257号線森田町信号を北進),第一駐車場10台、第二駐車場15台,40人　申込多数の場合抽選　※申込締切後も、空きがある講座は受講を受け付けます。随時、記念館までお問合せ願います。,2026-05-18,,"申込必要
【締切】締切
【方法】FAX((053)569-4068)／郵送(432-8036　浜松市中央区東伊場一丁目22番2号　賀茂真淵記念館)／ホームページ／E-mail(kamonomabuchikinenkan@na.commufa.jp)
※往復ハガキ以外は1回の申し込みで複数の講座の申し込みが可能です。なお、自然災害・事故等により講座が延期・中止となることがありますので、ご承知おきください。 ※必ず連絡できる電話番号を記入してください。",https://www.mabuchi-kinenkan.jp,"(1)ホームページの申し込み欄、(2)Eメール、(3)FAX、(4)1講座1通の往復ハガキのいずれかの方法で、住所、氏名(よみがな)、 電話番号、メールアドレス(お持ちの方)、参加希望講座名(例:「記3万葉集巻七をよむ」)を記入してお申し込みください。(1)～(3)の申し込みで正しいメールアドレスの記載のある方のみ、Eメールで返信します。",講座・教室,中央区,2026-02-12,,×,000410_00
221309,20260209137,静岡県,浜松市,令和8年度　賀茂真淵記念館講座　「記念館アカデミー」《真淵を学ぶ、古典研究にふれる》　記3講座　万葉集巻七をよむ(全6回),,,2026-10-07,,9:30,11:10,(1)10/7(水)　(2)10/14(水)　(3)10/21(水)　(4)10/28(水)　(5)11/4(水)　(6)11/11(水),"【内容】万葉集巻七は、雑歌・譬喩(ひゆ)歌・挽歌の三部構成です。譬喩歌は巻十一、十二の相聞の寄物陳思歌に等しく相聞歌と言ってもよい歌です。古集・古歌集・柿本人麻呂歌集からの収録歌がほぼ三割を占め、この巻の編者の意図は素材による分類の実験にあり、作者名・作歌時期・作歌状況の記述は皆無と言えます。　
【条件】※受講にはテキストとして、講談社文庫、中西進「万葉集 全訳注原文付 (二)」が必要です。各自でご用意ください。
【講師】松平和久(元高校・大学教員)",3000円,初回に一括してお支払いください。(欠席の場合は資料を郵送します。),賀茂真淵記念館,(053)456-8050,,賀茂真淵記念館,浜松市立賀茂真淵記念館,浜松市中央区東伊場一丁目22-2,,34.700942,137.715897,バス:鴨江佐鳴台線(3番ポール)鴨江坂上下車南へ徒歩7～8分。*道は、平坦です。志都呂宇布見線(5番ポール)商工会議所下車北へ徒歩5分。*急坂道です。車:雄踏街道、商工会議所西信号を北へ坂上がる。(国道257号線森田町信号を北進),第一駐車場10台、第二駐車場15台,40人　申込多数の場合抽選　※申込締切後も、空きがある講座は受講を受け付けます。随時、記念館までお問合せ願います。,2026-05-18,,"申込必要
【締切】締切
【方法】FAX((053)569-4068)／郵送(432-8036　浜松市中央区東伊場一丁目22番2号　賀茂真淵記念館)／ホームページ／E-mail(kamonomabuchikinenkan@na.commufa.jp)
※往復ハガキ以外は1回の申し込みで複数の講座の申し込みが可能です。なお、自然災害・事故等により講座が延期・中止となることがありますので、ご承知おきください。 ※必ず連絡できる電話番号を記入してください。",https://www.mabuchi-kinenkan.jp,"(1)ホームページの申し込み欄、(2)Eメール、(3)FAX、(4)1講座1通の往復ハガキのいずれかの方法で、住所、氏名(よみがな)、 電話番号、メールアドレス(お持ちの方)、参加希望講座名(例:「記3万葉集巻七をよむ」)を記入してお申し込みください。(1)～(3)の申し込みで正しいメールアドレスの記載のある方のみ、Eメールで返信します。",講座・教室,中央区,2026-02-12,,×,000410_00
221309,20260209141,静岡県,浜松市,令和8年度　賀茂真淵記念館講座　歴史文化講座《講師陣による新たな視点満載！文学・歴史分野の講座》　歴3講座　『万葉集』からみた奈良時代(全3回),,,2026-09-25,,13:30,15:30,,"【内容】日本最古の和歌集『万葉集』の中には、奈良時代の諸制度や日常生活に関わる内容も含まれています。この講座では、『万葉集』を素材にして、奈良時代の歴史像を明らかにしていきます。
【講師】廣瀬憲雄(愛知大学文学部教授)",1500円,初回に一括してお支払いください。(欠席の場合は資料を郵送します。),賀茂真淵記念館,(053)456-8050,,賀茂真淵記念館,浜松市地域情報センター,浜松市中央区中央一丁目12-7,,34.710264,137.73567,遠州鉄道遠州病院駅下車東へ徒歩2分。バスターミナル-10番のりば　蒲・小沢渡線「総合庁舎」下車徒歩3分または、11盤のりば　早出線「県総合庁舎」下車徒歩3分,駐車場がありませんので、公共の交通機関または、近隣の有料駐車場をご利用ください。,160人　申込多数の場合抽選　※申込締切後も、空きがある講座は受講を受け付けます。随時、記念館までお問合せ願います。,2026-05-18,,"申込必要
【締切】締切
【方法】FAX((053)569-4068)／郵送(432-8036　浜松市中央区東伊場一丁目22番2号　賀茂真淵記念館)／ホームページ／E-mail(kamonomabuchikinenkan@na.commufa.jp)
ハガキの場合、5月18日(月)必着　※往復ハガキ以外は1回の申し込みで複数の講座の申し込みが可能です。なお、自然災害・事故等により講座が延期・中止となることがありますので、ご承知おきください。 ※必ず連絡できる電話番号を記入してください。",https://www.mabuchi-kinenkan.jp,"(1)ホームページの申し込み欄、(2)Eメール、(3)FAX、(4)1講座1通の往復ハガキのいずれかの方法で、住所、氏名(よみがな)、 電話番号、メールアドレス(お持ちの方)、参加希望講座名(例:「歴1夏目漱石の『明暗』を読む」)を記入してお申し込みください。 (1)～(3)の申し込みで正しいメールアドレスの記載のある方のみ、Eメールで返信します。",講座・教室,中央区,2026-02-12,,×,001836_00
221309,20260209142,静岡県,浜松市,令和8年度　賀茂真淵記念館講座　歴史文化講座《講師陣による新たな視点満載！文学・歴史分野の講座》　歴4講座　古代都市「藤原京」の成立(全1回),,,2026-11-06,,13:30,15:10,,"【内容】694年、持統天皇は飛鳥浄御原宮から藤原京へ遷都します。名実ともに律令国家の首都となった画期的な都城は、どのように誕生したのでしょうか。その実態に迫ります。
【講師】小澤 毅(三重大学人文学部名誉教授)",500円,初回に一括してお支払いください。(欠席の場合は資料を郵送します。),賀茂真淵記念館,(053)456-8050,,賀茂真淵記念館,浜松市地域情報センター,浜松市中央区中央一丁目12-7,,34.710264,137.73567,遠州鉄道遠州病院駅下車東へ徒歩2分。バスターミナル-10番のりば　蒲・小沢渡線「総合庁舎」下車徒歩3分または、11盤のりば　早出線「県総合庁舎」下車徒歩3分,駐車場がありませんので、公共の交通機関または、近隣の有料駐車場をご利用ください。,160人　申込多数の場合抽選　※申込締切後も、空きがある講座は受講を受け付けます。随時、記念館までお問合せ願います。,2026-05-18,,"申込必要
【締切】締切
【方法】FAX((053)569-4068)／郵送(432-8036　浜松市中央区東伊場一丁目22番2号　賀茂真淵記念館)／ホームページ／E-mail(kamonomabuchikinenkan@na.commufa.jp)
ハガキの場合、5月18日(月)必着　※往復ハガキ以外は1回の申し込みで複数の講座の申し込みが可能です。なお、自然災害・事故等により講座が延期・中止となることがありますので、ご承知おきください。 ※必ず連絡できる電話番号を記入してください。",https://www.mabuchi-kinenkan.jp,"(1)ホームページの申し込み欄、(2)Eメール、(3)FAX、(4)1講座1通の往復ハガキのいずれかの方法で、住所、氏名(よみがな)、 電話番号、メールアドレス(お持ちの方)、参加希望講座名(例:「歴1夏目漱石の『明暗』を読む」)を記入してお申し込みください。 (1)～(3)の申し込みで正しいメールアドレスの記載のある方のみ、Eメールで返信します。",講座・教室,中央区,2026-02-12,,×,001836_00
221309,20260209233,静岡県,浜松市,ささえあいポイント事業ボランティア登録研修会(上半期分),,,2026-09-18,,14:00,16:00,,"【内容】施設や地域でボランティア活動などを行うと換金可能なポイントが貯まります。事前に研修会を受講しボランティア登録する必要があります。
【対象】主に65歳以上の市民",,,高齢者福祉課,(053)457-2789,2789,,浜松市福祉交流センター,浜松市中央区成子町140-8,ギャラリー43,34.700201,137.728214,,,,2026-09-17,,"申込必要
【締切】締切
【方法】電話((053)457-7011)／ホームページ",https://www.city.hamamatsu.shizuoka.jp/kourei/care_net/sasaeaipoint.html,※オンラインでいつでも受講可,おしらせ,中央区,2026-02-12,,,002342_00
221309,20260209334,静岡県,浜松市,ひとり親家庭のための無料弁護士相談,,,2026-09-16,,13:00,17:00,,"【内容】養育費、親子交流、親権、戸籍、慰謝料、財産分与などの相談に応じます。(一人あたり30分・託児はありません)
【対象】ひとり親家庭の方やお子さんがいて離婚を考えている人",,,ひとり親サポートセンター,(054)254-1191,,,静岡県浜松総合庁舎,浜松市中央区中央一丁目12-1,ひとり親サポートセンター西部支所,34.710521,137.73463,,,14人　先着順,,,"申込必要
【申込開始】2026年04月15日(水曜日)　
【方法】電話",http://www.shizuboshi.jp/child_support/index.htm,,そうだん,中央区,2026-02-12,2026-02-27,○,999999_02
221309,20260209335,静岡県,浜松市,ひとり親家庭のための無料弁護士相談,,,2026-11-25,,13:00,17:00,,"【内容】養育費、親子交流、親権、戸籍、慰謝料、財産分与などの相談に応じます。(一人あたり30分・託児はありません)
【対象】ひとり親家庭の方やお子さんがいて離婚を考えている人",,,ひとり親サポートセンター,(054)254-1191,,,静岡県浜松総合庁舎,浜松市中央区中央一丁目12-1,ひとり親サポートセンター西部支所,34.710521,137.73463,,,14人　先着順,,,"申込必要
【申込開始】2026年04月15日(水曜日)　
【方法】電話",http://www.shizuboshi.jp/child_support/index.htm,,そうだん,中央区,2026-02-12,2026-02-27,○,999999_02
221309,20260209336,静岡県,浜松市,ひとり親家庭のための無料弁護士相談,,,2027-01-27,,13:00,17:00,,"【内容】養育費、親子交流、親権、戸籍、慰謝料、財産分与などの相談に応じます。(一人あたり30分・託児はありません)
【対象】ひとり親家庭の方やお子さんがいて離婚を考えている人",,,ひとり親サポートセンター,(054)254-1191,,,静岡県浜松総合庁舎,浜松市中央区中央一丁目12-1,ひとり親サポートセンター西部支所,34.710521,137.73463,,,14人　先着順,,,"申込必要
【申込開始】2026年04月15日(水曜日)　
【方法】電話",http://www.shizuboshi.jp/child_support/index.htm,,そうだん,中央区,2026-02-12,2026-02-27,○,999999_02
221309,20260209337,静岡県,浜松市,ひとり親家庭のための無料弁護士相談,,,2027-03-24,,13:00,17:00,,"【内容】養育費、親子交流、親権、戸籍、慰謝料、財産分与などの相談に応じます。(一人あたり30分・託児はありません)
【対象】ひとり親家庭の方やお子さんがいて離婚を考えている人",,,ひとり親サポートセンター,(054)254-1191,,,静岡県浜松総合庁舎,浜松市中央区中央一丁目12-1,ひとり親サポートセンター西部支所,34.710521,137.73463,,,14人　先着順,,,"申込必要
【申込開始】2026年04月15日(水曜日)　
【方法】電話",http://www.shizuboshi.jp/child_support/index.htm,,そうだん,中央区,2026-02-12,2026-02-27,○,999999_02
221309,20260313052,静岡県,浜松市,浜松市アクトシティ音楽院　ジャズ文化講座(4),ハママツシアクトシティオンガクイン　ジャズブンカコウザ,,2026-09-04,,18:30,20:15,,"【内容】気軽に音楽文化に触れる機会の提供を目的とした市民向けの教養講座。市内音楽愛好者を対象都市、ジャズ初心者でも楽しむ箏のできるテーマを各回設定しジャズの魅力や楽しみ方などを紹介する。講師には守屋純子氏を招く。
【対象】ジャズに興味のある方ならどなたでも
【講師】守屋純子",,無料(要申込),浜松市アクトシティ音楽院,(053)-451-1150,,浜松市、浜松市教育委員会,クリエート浜松,浜松市中央区早馬町2-1,,34.710326,137.733836,,,300人　先着順,,,"申込必要
【申込開始】2026年05月15日(金曜日)　10時00分
【方法】ホームページ",https://www.hacam.jp/,,おんがく,中央区,2026-03-18,,×,004149_00
221309,20260313053,静岡県,浜松市,浜松市アクトシティ音楽院　ジャズ文化講座(5),ハママツシアクトシティオンガクイン　ジャズブンカコウザ,,2026-09-11,,18:30,20:15,,"【内容】気軽に音楽文化に触れる機会の提供を目的とした市民向けの教養講座。市内音楽愛好者を対象都市、ジャズ初心者でも楽しむ箏のできるテーマを各回設定しジャズの魅力や楽しみ方などを紹介する。講師には守屋純子氏を招く。
【対象】ジャズに興味のある方ならどなたでも
【講師】守屋純子",,無料(要申込),浜松市アクトシティ音楽院,(053)-451-1150,,浜松市、浜松市教育委員会,クリエート浜松,浜松市中央区早馬町2-1,,34.710326,137.733836,,,300人　先着順,,,"申込必要
【申込開始】2026年05月15日(金曜日)　10時00分
【方法】ホームページ",https://www.hacam.jp/,,おんがく,中央区,2026-03-18,,×,004149_00
221309,20260313058,静岡県,浜松市,"アクト・プレミアム・シリーズ2026 児玉桃×セルゲイ・ハチャトゥリアン","アクト・プレミアム・シリーズ2026
コダマモモ×セルゲイ・ハチャトゥリアン",,2026-09-07,,18:45,20:45,,"【条件】未就学児入場不可
【出演・演目など】【出演】
児玉桃(ピアノ)
セルゲイ・ハチャトゥリアン(ヴァイオリン)

【曲目】
［児玉桃ピアノ・ソロ］
シューマン:子供の情景 Op.15
ショパン:ピアノ・ソナタ 第3番 ロ短調 Op.58

［セルゲイ・ハチャトゥリアン＆児玉桃］
フランク:ヴァイオリン・ソナタ イ長調",,"【全席指定・税込】S席6,500円　A席5,500円　B席4,000円　学生B席1,500円","公益財団法人 浜松市文化振興財団",(053)451-1114,,"公益財団法人 浜松市文化振興財団",アクトシティ浜松,浜松市中央区板屋町111-1,中ホール,34.705528,137.735724,,,,,,"申込必要
【申込開始】2026年05月24日(日曜日)　10時00分
【方法】窓口／ホームページ",https://www.hcf.or.jp/,,おんがく,中央区,2026-03-18,2026-05-20,×,000015_00
221309,20260313059,静岡県,浜松市,"野村萬斎 監修　アクトシティ能・狂言",ノムラマンサイカンシュウ　アクトシティノウ・キョウゲン,,2026-09-13,,15:00,17:30,,"【内容】狂言師・野村萬斎 監修による、浜松オリジナル演出の能・狂言。
大ホールに照明などを駆使した非日常的空間が出現します。
六〇〇年を超える歴史を持つ洗練された伝統芸能の技法と、現代の技術が織りなす新しいスタイルの能・狂言をご堪能ください！
【条件】未就学児入場不可
【出演・演目など】狂言「小傘」:野村萬斎(狂言師)ほか
能「大会」:片山九郎右衛門(観世流能楽師)ほか",,"【全席指定・税込】S席8,000円　A席6,000円　学生席1,500円(24歳以下)","公益財団法人 浜松市文化振興財団",(053)451-1114,,"浜松市／静岡新聞社・静岡放送／公益財団法人 浜松市文化振興財団",アクトシティ浜松,浜松市中央区板屋町111-1,大ホール,34.705528,137.735724,,,,,,"申込必要
【申込開始】2026年05月24日(日曜日)　10時00分
【方法】窓口／ホームページ",https://www.hcf.or.jp/,,おんがく,中央区,2026-03-18,,×,000015_00
221309,20260313135,静岡県,浜松市,賀茂真淵記念館　令和8年度平常展(前期)　?万葉学者　賀茂真淵″の万葉研究を巡って　～万葉人の「まこと」を追って～,,,2026-05-28,2026-09-27,9:30,17:00,,"【内容】私たちが今も愛誦している『万葉集』を、賀茂真淵や近世国学者がどのように読み解き、万葉びとの心の真実をとらえてきたか、その研究の足跡を、掛け軸や写本・版本などの展示物を通して紹介します。
【その他】※7月1日(水)市制記念日、8月21日(金)県民の日は無料開放します。　",300円,"大人300円　高校生150円　
小中学生、70歳以上の方、障がい者とその介添者(原則1名)は無料",賀茂真淵記念館,(053)456-8050,,賀茂真淵記念館,浜松市立賀茂真淵記念館,浜松市中央区東伊場一丁目22-2,,34.700942,137.715897,バス:鴨江佐鳴台線(3番ポール)鴨江坂上下車南へ徒歩7～8分。*道は、平坦です。志都呂宇布見線(5番ポール)商工会議所下車北へ徒歩5分。*急坂道です。車:雄踏街道、商工会議所西信号を北へ坂上がる。(国道257号線森田町信号を北進),第一駐車場10台、第二駐車場15台,,,,申込不要,https://www.mabuchi-kinenkan.jp,月曜日(ただし祝日・振替休日の場合は開館、翌火曜日休館),イベント,中央区,2026-03-18,,×,000410_00
221309,20260313139,静岡県,浜松市,地域展「出土品が語る浜松の歴史」,チイキテン「シュツドヒンガカタルハママツノレキシ」,,2026-05-28,2026-10-04,9:00,17:00,,【内容】地域遺産センターで保管している出土品から、近年の発掘調査成果を交えて展示し、掘り出された浜松の歴史を紹介します。,無料円,無料,地域遺産センター,(053)542-3660,,,浜松市地域遺産センター,浜松市浜名区引佐町井伊谷616-5,,34.834528,137.669707,『浜松駅』バスターミナル15番乗り場から遠鉄バス「45奥山行」に乗り、『神宮寺』停留所下車徒歩5分,建物南側60台,,,,申込不要,https://www.city.hamamatsu.shizuoka.jp/bunkazai/maibun/index.html,休館日:月曜日(祝日の場合翌平日),イベント,浜名区,2026-03-18,,○,005055_00
221309,20260313353,静岡県,浜松市,いっせい草刈り旬間にご協力をお願いします,イッセイクサカリジュンカン,,2026-09-12,2026-09-21,,,,【内容】農地を管理している人は、適正かつ効率的な利用をしなければなりません。雑草が繁茂している農地は草刈りをお願いします。,,,農業委員会事務局,(053)457-2481,,,,,,,,,,,,,申込不要,https://www.city.hamamatsu.shizuoka.jp/nogyoi/shinko/agri/farmland/aretanouchi.html,,おしらせ,,2026-03-18,,,
221309,20260313354,静岡県,浜松市,農地台帳補完調査,ノウチダイチョウホカンチョウサ,,2026-12-10,2027-01-12,,,,【内容】12月中旬に、対象世帯へ農地台帳補完調査書を郵送します。耕作状況などの内容を確認の上、提出してください。,,,農業委員会事務局,(053)457-2481,,,,,,,,,,,,,申込不要,https://www.city.hamamatsu.shizuoka.jp/nogyoi/shinko/agri/farmland/daityo-2.html,,おしらせ,,2026-03-18,,,
221309,20260326428,静岡県,浜松市,すくすく教室～小さく生まれたお子さんのための育児相談交流会～,スクスクキョウシツ～チイサクウマレタオコサンノタメノイクジソウダンコウリュウカイ～,,2026-10-14,,9:30,11:00,,【内容】お子さんの成長・発達、医療、育児についての情報交換・交流会、親子遊び、相談　※終了後30分間、保護者同士の自由な語らいの時間あり,,,健康増進課,(053)453-6117,,,浜北保健センター,浜松市浜名区平口1604-1,,34.797743,137.775399,,,,2026-10-07,,"申込必要
【締切】締切
【方法】ホームページ",https://www.hamamatsu-pippi.net/contents/7906.html,,こそだて,中央区,2026-03-26,,○,002412_00
221309,20260407021,静岡県,浜松市,税理士による無料税務相談(予約制),ゼイリシニヨルムリョウゼイムソウダン(ヨヤクセイ),,2026-09-03,,13:30,16:30,,【内容】税理士が税務に関する相談に応じます,,,東海税理士会浜松西支部,(053)453-1621,,東海税理士会浜松西支部,浜松市くらしのセンター,浜松市中央区海老塚町51-1,,34.702305,137.731964,,,先着順,,,"申込必要
【申込開始】2026年08月20日(木曜日)　9時00分
【方法】電話((053)453-1621)
予約受付時間:平日9:00～15:00",https://www.city.hamamatsu.shizuoka.jp/kurashi/soudankai.html,,そうだん,中央区,2026-04-17,,,005359_01
221309,20260407024,静岡県,浜松市,登記関連「相続・境界・農地転用」相談会(予約制),トウキカンレン「ソウゾク・キョウカイ・ノウチテンヨウ」ソウダンカイ(ヨヤクセイ),,2026-09-03,,13:30,16:30,,【内容】司法書士、土地家屋調査士、行政書士が登記関連の相談に応じます,,,行政書士土地家屋調査士会二会合同事務局,(053)474-4848,,静岡県行政書士会西遠支部,浜松市くらしのセンター,浜松市中央区海老塚町51-1,,34.702305,137.731964,,,18人　先着順,,,"申込必要
【申込開始】2026年08月25日(火曜日)　9時30分
【方法】電話((053)474-4848)
予約受付時間:平日9:30～16:00",https://www.3-kai.jp/tochikaoku/,,そうだん,中央区,2026-04-17,,,005359_01
221309,20260407029,静岡県,浜松市,浜松市女性が安心して活躍できる環境づくり事業費補助金,,,2026-06-01,2026-11-30,,,※予算に達し次第終了,"【内容】女性特有の健康課題による影響を緩和するための製品等の導入など、女性が安心して活躍できる環境づくり等に要する経費に対し補助金を交付します。
【対象】市内に事務所又は事業所を有している者(その他要件有)
【条件】手引きをご確認ください。",,,UD・男女共同参画課,(053)457-2561,,,浜松市役所,浜松市中央区元城町103-2,,34.711085,137.726132,,,先着順,2026-11-30,,"申込必要
【締切】必着
【申込開始】2026年06月01日(月曜日)　
【方法】窓口／郵送(　)",https://www.city.hamamatsu.shizuoka.jp/jose/katuyakusokushin/hojokin.html,,おしらせ,中央区,2026-04-17,,×,002666_00
221309,20260407137,静岡県,浜松市,"仲道郁代 ピアノ・リサイタル Vol.14「組曲～調和と心慮～」",,,2026-10-04,,14:00,16:00,,"【内容】日本を代表するピアニスト 仲道郁代がお贈りする、こだわりのリサイタル・シリーズ！
【出演・演目など】仲道郁代(ピアノ)
バッハ:パルティータ 第1番 変ロ長調 BWV825
ラヴェル:クープランの墓
バッハ:イタリア協奏曲 ヘ長調 BWV971
バッハ:パルティータ 第2番 ハ短調 BWV826
グリーグ:組曲「ホルベアの時代より」 Op.40",,"【全席指定・税込】一般4,000円　学生1,000円","公益財団法人 浜松市文化振興財団",(053)451-1114,,"公益財団法人 浜松市文化振興財団",アクトシティ浜松,浜松市中央区板屋町111-1,中ホール,34.705528,137.735724,,,,,,"申込必要
【申込開始】2026年06月21日(日曜日)　10時00分
【方法】窓口／ホームページ",https://www.hcf.or.jp/,,おんがく,中央区,2026-04-17,,×,000015_00
221309,20260407138,静岡県,浜松市,"尾崎亜美 50th Amii-versary Concert Tour 2026",,,2026-11-23,,17:30,19:30,,"【内容】数々の大ヒット曲を生み出したシンガーソングライター、尾崎亜美の50周年記念コンサート。
【出演・演目など】尾崎亜美
オリビアを聴きながら
マイ・ピュア・レディ
天使のウィンク　ほか",,"【全席指定・税込】一般8,500円　学生3,000円","公益財団法人 浜松市文化振興財団",(053)451-1114,,"公益財団法人 浜松市文化振興財団／サモンプロモーション",アクトシティ浜松,浜松市中央区板屋町111-1,中ホール,34.705528,137.735724,,,,,,"申込必要
【申込開始】2026年06月27日(土曜日)　10時00分
【方法】窓口／ホームページ",https://www.hcf.or.jp/,,おんがく,中央区,2026-04-17,,×,000015_00
221309,20260407139,静岡県,浜松市,チャイコフスキー・バレエ劇場「くるみ割り人形」,,,2026-12-23,,18:30,20:30,,【内容】子どもから大人まで世界中で愛される聖夜のファンタジー,,"【全席指定・税込】S席11,000円　A席8,000円　B席6,000円","公益財団法人 浜松市文化振興財団",(053)451-1114,,"公益財団法人 浜松市文化振興財団／光藍社",アクトシティ浜松,浜松市中央区板屋町111-1,大ホール,34.705528,137.735724,,,,,,"申込必要
【申込開始】2026年06月17日(水曜日)　10時00分
【方法】窓口／ホームページ",https://www.hcf.or.jp/,,おんがく,中央区,2026-04-17,,×,000015_00
221309,20260407157,静岡県,浜松市,【募集】みなくるマーケット～カレーなる実りの秋まつり~,【ボシュウ】ミナクルマーケット～カレーナルミノリノアキマツリ~,,2026-11-03,,11:00,15:00,小雨決行(雨天の場合は11月8日に延期),"【内容】11月3日に開催の「みらいーら みなくるマーケット~ カレーなる実りの秋まつり~」の出店者を募集します！
【対象】どなたでも",2000円,出店料,浜松科学館,(053)454-0178,,,浜松科学館,浜松市中央区北寺島町256-3,,34.705034,137.739694,,,6人　抽選,2026-06-30,,"申込必要
【締切】締切
【申込開始】2026年05月08日(金曜日)　
【方法】ホームページ／E-mail",https://www.mirai-ra.jp,,おしらせ,中央区,2026-04-17,,○,005123_00
221309,20260407245,静岡県,浜松市,ブックスタート,ブックスタート,Bookstart,2026-09-01,,10:00,,各開催月の前月19日から申し込み受付開始,"【内容】読み聞かせやわらべうたの体験とアドバイス、おすすめの絵本1冊プレゼント
【対象】6ヶ月から満1歳(お誕生日当月まで)の赤ちゃんとその保護者
【条件】対象期間内に1回受講可",,,中央図書館,(053)456-0234,,,浜松市立中央図書館,浜松市中央区松城町214番地の21,,34.709665,137.725399,,有,先着順　各会場に応じて,,,"申込必要
【申込開始】2026年08月19日(水曜日)　
【方法】窓口／電話((053)456-0234)
各開催月の前月19日から申し込み受付開始",https://www.lib-city-hamamatsu.jp/service/jidou/bookstart/bookstart_202607-09.html,,こそだて,中央区,2026-04-17,,○,001861_00
221309,20260407246,静岡県,浜松市,ブックスタート,ブックスタート,Bookstart,2026-09-02,,10:00,,各開催月の前月19日から申し込み受付開始,"【内容】読み聞かせやわらべうたの体験とアドバイス、おすすめの絵本1冊プレゼント
【対象】6ヶ月から満1歳(お誕生日当月まで)の赤ちゃんとその保護者
【条件】対象期間内に1回受講可",,,中央図書館,(053)456-0234,,,浜松市立雄踏図書館,浜松市中央区雄踏町宇布見8287,,34.699443,137.631848,,有,先着順　各会場に応じて,,,"申込必要
【申込開始】2026年08月19日(水曜日)　
【方法】窓口／電話((053)596-5522)
各開催月の前月19日から申し込み受付開始",https://www.lib-city-hamamatsu.jp/service/jidou/bookstart/bookstart_202607-09.html,,こそだて,中央区,2026-04-17,,○,002751_00
221309,20260407247,静岡県,浜松市,ブックスタート,ブックスタート,Bookstart,2026-09-03,,10:00,,各開催月の前月19日から申し込み受付開始,"【内容】読み聞かせやわらべうたの体験とアドバイス、おすすめの絵本1冊プレゼント
【対象】6ヶ月から満1歳(お誕生日当月まで)の赤ちゃんとその保護者
【条件】対象期間内に1回受講可",,,中央図書館,(053)456-0234,,,浜松市立はまゆう図書館,浜松市中央区大人見町1750-394,,34.737857,137.657554,,有,先着順　各会場に応じて,,,"申込必要
【申込開始】2026年08月19日(水曜日)　
【方法】窓口／電話((053)482-1127)
各開催月の前月19日から申し込み受付開始",https://www.lib-city-hamamatsu.jp/service/jidou/bookstart/bookstart_202607-09.html,,こそだて,中央区,2026-04-17,,○,000110_00
221309,20260407248,静岡県,浜松市,ブックスタート,ブックスタート,Bookstart,2026-09-03,,10:00,,各開催月の前月19日から申し込み受付開始,"【内容】読み聞かせやわらべうたの体験とアドバイス、おすすめの絵本1冊プレゼント
【対象】6ヶ月から満1歳(お誕生日当月まで)の赤ちゃんとその保護者
【条件】対象期間内に1回受講可",,,中央図書館,(053)456-0234,,,浜松市立可新図書館,浜松市中央区小沢渡町1142-1,,34.684340,137.682252,,有,先着順　各会場に応じて,,,"申込必要
【申込開始】2026年08月19日(水曜日)　
【方法】窓口／電話((053)449-1001)
各開催月の前月19日から申し込み受付開始",https://www.lib-city-hamamatsu.jp/service/jidou/bookstart/bookstart_202607-09.html,,こそだて,中央区,2026-04-17,,○,000377_00
221309,20260407249,静岡県,浜松市,ブックスタート,ブックスタート,Bookstart,2026-09-04,,10:00,,各開催月の前月19日から申し込み受付開始,"【内容】読み聞かせやわらべうたの体験とアドバイス、おすすめの絵本1冊プレゼント
【対象】6ヶ月から満1歳(お誕生日当月まで)の赤ちゃんとその保護者
【条件】対象期間内に1回受講可",,,中央図書館,(053)456-0234,,,東部保健福祉センター,浜松市中央区青屋町300,いきいきプラザ天竜川2階,34.715732,137.782995,,有,先着順　各会場に応じて,,,"申込必要
【申込開始】2026年08月19日(水曜日)　
【方法】窓口／電話((053)456-0234)
各開催月の前月19日から申し込み受付開始",https://www.lib-city-hamamatsu.jp/service/jidou/bookstart/bookstart_202607-09.html,,こそだて,中央区,2026-04-17,,○,000029_00
221309,20260407250,静岡県,浜松市,ブックスタート,ブックスタート,Bookstart,2026-09-05,,13:30,,各開催月の前月19日から申し込み受付開始,"【内容】読み聞かせやわらべうたの体験とアドバイス、おすすめの絵本1冊プレゼント
【対象】6ヶ月から満1歳(お誕生日当月まで)の赤ちゃんとその保護者
【条件】対象期間内に1回受講可",,,中央図書館,(053)456-0234,,,プレ葉ウォーク浜北,浜松市浜名区貴布祢1200,,34.797492,137.779388,,有,先着順　各会場に応じて,,,"申込必要
【申込開始】2026年08月19日(水曜日)　
【方法】窓口／電話((053)456-0234)
各開催月の前月19日から申し込み受付開始",https://www.lib-city-hamamatsu.jp/service/jidou/bookstart/bookstart_202607-09.html,,こそだて,浜名区,2026-04-17,,○,
221309,20260407251,静岡県,浜松市,ブックスタート,ブックスタート,Bookstart,2026-09-07,,10:00,,各開催月の前月19日から申し込み受付開始,"【内容】読み聞かせやわらべうたの体験とアドバイス、おすすめの絵本1冊プレゼント
【対象】6ヶ月から満1歳(お誕生日当月まで)の赤ちゃんとその保護者
【条件】対象期間内に1回受講可",,,中央図書館,(053)456-0234,,,浜松市立中央図書館,浜松市中央区松城町214番地の21,,34.709665,137.725399,,有,先着順　各会場に応じて,,,"申込必要
【申込開始】2026年08月19日(水曜日)　
【方法】窓口／電話((053)456-0234)
各開催月の前月19日から申し込み受付開始",https://www.lib-city-hamamatsu.jp/service/jidou/bookstart/bookstart_202607-09.html,,こそだて,中央区,2026-04-17,,○,001861_00
221309,20260407252,静岡県,浜松市,ブックスタート,ブックスタート,Bookstart,2026-09-07,,10:00,,各開催月の前月19日から申し込み受付開始,"【内容】読み聞かせやわらべうたの体験とアドバイス、おすすめの絵本1冊プレゼント
【対象】6ヶ月から満1歳(お誕生日当月まで)の赤ちゃんとその保護者
【条件】対象期間内に1回受講可",,,中央図書館,(053)456-0234,,,浜松市立城北図書館,浜松市中央区和地山二丁目37-2,,34.730199,137.719025,,有,先着順　各会場に応じて,,,"申込必要
【申込開始】2026年08月19日(水曜日)　
【方法】窓口／電話((053)474-1725)
各開催月の前月19日から申し込み受付開始",https://www.lib-city-hamamatsu.jp/service/jidou/bookstart/bookstart_202607-09.html,,こそだて,中央区,2026-04-17,,○,001413_00
221309,20260407253,静岡県,浜松市,ブックスタート,ブックスタート,Bookstart,2026-09-07,,10:00,,各開催月の前月19日から申し込み受付開始,"【内容】読み聞かせやわらべうたの体験とアドバイス、おすすめの絵本1冊プレゼント
【対象】6ヶ月から満1歳(お誕生日当月まで)の赤ちゃんとその保護者
【条件】対象期間内に1回受講可",,,中央図書館,(053)456-0234,,,浜松市立積志図書館,浜松市中央区積志町1819,,34.769767,137.761581,,有,先着順　各会場に応じて,,,"申込必要
【申込開始】2026年08月19日(水曜日)　
【方法】窓口／電話((053)435-0744)
各開催月の前月19日から申し込み受付開始",https://www.lib-city-hamamatsu.jp/service/jidou/bookstart/bookstart_202607-09.html,,こそだて,中央区,2026-04-17,,○,001639_00
221309,20260407254,静岡県,浜松市,ブックスタート,ブックスタート,Bookstart,2026-09-08,,10:00,,各開催月の前月19日から申し込み受付開始,"【内容】読み聞かせやわらべうたの体験とアドバイス、おすすめの絵本1冊プレゼント
【対象】6ヶ月から満1歳(お誕生日当月まで)の赤ちゃんとその保護者
【条件】対象期間内に1回受講可",,,中央図書館,(053)456-0234,,,浜松市立都田図書館,浜松市浜名区都田町8751-2,,34.813018,137.737874,,有,先着順　各会場に応じて,,,"申込必要
【申込開始】2026年08月19日(水曜日)　
【方法】窓口／電話((053)428-0011)
各開催月の前月19日から申し込み受付開始",https://www.lib-city-hamamatsu.jp/service/jidou/bookstart/bookstart_202607-09.html,,こそだて,浜名区,2026-04-17,,○,004712_00
221309,20260407255,静岡県,浜松市,ブックスタート,ブックスタート,Bookstart,2026-09-09,,10:00,,各開催月の前月19日から申し込み受付開始,"【内容】読み聞かせやわらべうたの体験とアドバイス、おすすめの絵本1冊プレゼント
【対象】6ヶ月から満1歳(お誕生日当月まで)の赤ちゃんとその保護者
【条件】対象期間内に1回受講可",,,中央図書館,(053)456-0234,,,浜松市立西図書館,浜松市中央区西伊場町52-17,,34.697643,137.702293,,有,先着順　各会場に応じて,,,"申込必要
【申込開始】2026年08月19日(水曜日)　
【方法】窓口／電話((053)456-3379)
各開催月の前月19日から申し込み受付開始",https://www.lib-city-hamamatsu.jp/service/jidou/bookstart/bookstart_202607-09.html,,こそだて,中央区,2026-04-17,,○,001583_00
221309,20260407256,静岡県,浜松市,ブックスタート,ブックスタート,Bookstart,2026-09-09,,10:00,,各開催月の前月19日から申し込み受付開始,"【内容】読み聞かせやわらべうたの体験とアドバイス、おすすめの絵本1冊プレゼント
【対象】6ヶ月から満1歳(お誕生日当月まで)の赤ちゃんとその保護者
【条件】対象期間内に1回受講可",,,中央図書館,(053)456-0234,,,浜松市立浜北図書館,浜松市浜名区貴布祢3000,,34.791673,137.783232,,有,先着順　各会場に応じて,,,"申込必要
【申込開始】2026年08月19日(水曜日)　
【方法】窓口／電話((053)586-8200)
各開催月の前月19日から申し込み受付開始",https://www.lib-city-hamamatsu.jp/service/jidou/bookstart/bookstart_202607-09.html,,こそだて,浜名区,2026-04-17,,○,000106_01
221309,20260407257,静岡県,浜松市,ブックスタート,ブックスタート,Bookstart,2026-09-10,,10:00,,各開催月の前月19日から申し込み受付開始,"【内容】読み聞かせやわらべうたの体験とアドバイス、おすすめの絵本1冊プレゼント
【対象】6ヶ月から満1歳(お誕生日当月まで)の赤ちゃんとその保護者
【条件】対象期間内に1回受講可",,,中央図書館,(053)456-0234,,,浜松市立南図書館,浜松市中央区海老塚二丁目25-17,,34.696814,137.733514,,有,先着順　各会場に応じて,,,"申込必要
【申込開始】2026年08月19日(水曜日)　
【方法】窓口／電話((053)452-1655)
各開催月の前月19日から申し込み受付開始",https://www.lib-city-hamamatsu.jp/service/jidou/bookstart/bookstart_202607-09.html,,こそだて,中央区,2026-04-17,,○,002136_00
221309,20260407258,静岡県,浜松市,ブックスタート,ブックスタート,Bookstart,2026-09-10,,10:30,,各開催月の前月19日から申し込み受付開始,"【内容】読み聞かせやわらべうたの体験とアドバイス、おすすめの絵本1冊プレゼント
【対象】6ヶ月から満1歳(お誕生日当月まで)の赤ちゃんとその保護者
【条件】対象期間内に1回受講可",,,中央図書館,(053)456-0234,,,浜松市立引佐図書館,浜松市浜名区引佐町井伊谷610-2,,34.834554,137.67148,,有,先着順　各会場に応じて,,,"申込必要
【申込開始】2026年08月19日(水曜日)　
【方法】窓口／電話((053)542-2118)
各開催月の前月19日から申し込み受付開始",https://www.lib-city-hamamatsu.jp/service/jidou/bookstart/bookstart_202607-09.html,,こそだて,浜名区,2026-04-17,,○,000247_00
221309,20260407259,静岡県,浜松市,ブックスタート,ブックスタート,Bookstart,2026-09-11,,10:00,,各開催月の前月19日から申し込み受付開始,"【内容】読み聞かせやわらべうたの体験とアドバイス、おすすめの絵本1冊プレゼント
【対象】6ヶ月から満1歳(お誕生日当月まで)の赤ちゃんとその保護者
【条件】対象期間内に1回受講可",,,中央図書館,(053)456-0234,,,東部保健福祉センター,浜松市中央区青屋町300,いきいきプラザ天竜川2階,34.715732,137.782995,,有,先着順　各会場に応じて,,,"申込必要
【申込開始】2026年08月19日(水曜日)　
【方法】窓口／電話((053)456-0234)
各開催月の前月19日から申し込み受付開始",https://www.lib-city-hamamatsu.jp/service/jidou/bookstart/bookstart_202607-09.html,,こそだて,中央区,2026-04-17,,○,000029_00
221309,20260407260,静岡県,浜松市,ブックスタート,ブックスタート,Bookstart,2026-09-15,,10:00,,各開催月の前月19日から申し込み受付開始,"【内容】読み聞かせやわらべうたの体験とアドバイス、おすすめの絵本1冊プレゼント
【対象】6ヶ月から満1歳(お誕生日当月まで)の赤ちゃんとその保護者
【条件】対象期間内に1回受講可",,,中央図書館,(053)456-0234,,,浜松市立中央図書館,浜松市中央区松城町214番地の21,,34.709665,137.725399,,有,先着順　各会場に応じて,,,"申込必要
【申込開始】2026年08月19日(水曜日)　
【方法】窓口／電話((053)456-0234)
各開催月の前月19日から申し込み受付開始",https://www.lib-city-hamamatsu.jp/service/jidou/bookstart/bookstart_202607-09.html,,こそだて,中央区,2026-04-17,,○,001861_00
221309,20260407261,静岡県,浜松市,ブックスタート,ブックスタート,Bookstart,2026-09-15,,10:00,,各開催月の前月19日から申し込み受付開始,"【内容】読み聞かせやわらべうたの体験とアドバイス、おすすめの絵本1冊プレゼント
【対象】6ヶ月から満1歳(お誕生日当月まで)の赤ちゃんとその保護者
【条件】対象期間内に1回受講可",,,中央図書館,(053)456-0234,,,浜松市立東図書館,浜松市中央区子安町309-1,,34.713193,137.761613,,有,先着順　各会場に応じて,,,"申込必要
【申込開始】2026年08月19日(水曜日)　
【方法】窓口／電話((053)464-2081)
各開催月の前月19日から申し込み受付開始",https://www.lib-city-hamamatsu.jp/service/jidou/bookstart/bookstart_202607-09.html,,こそだて,中央区,2026-04-17,,○,002071_00
221309,20260407262,静岡県,浜松市,ブックスタート,ブックスタート,Bookstart,2026-09-15,,10:00,,各開催月の前月19日から申し込み受付開始,"【内容】読み聞かせやわらべうたの体験とアドバイス、おすすめの絵本1冊プレゼント
【対象】6ヶ月から満1歳(お誕生日当月まで)の赤ちゃんとその保護者
【条件】対象期間内に1回受講可",,,中央図書館,(053)456-0234,,,浜松市立舞阪図書館,浜松市中央区舞阪町舞阪2668-56,,34.679240,137.613319,,有,先着順　各会場に応じて,,,"申込必要
【申込開始】2026年08月19日(水曜日)　
【方法】窓口／電話((053)592-7000)
各開催月の前月19日から申し込み受付開始",https://www.lib-city-hamamatsu.jp/service/jidou/bookstart/bookstart_202607-09.html,,こそだて,中央区,2026-04-17,,○,002459_00
221309,20260407263,静岡県,浜松市,ブックスタート,ブックスタート,Bookstart,2026-09-15,,11:20,,各開催月の前月19日から申し込み受付開始,"【内容】読み聞かせやわらべうたの体験とアドバイス、おすすめの絵本1冊プレゼント
【対象】6ヶ月から満1歳(お誕生日当月まで)の赤ちゃんとその保護者
【条件】対象期間内に1回受講可",,,中央図書館,(053)456-0234,,,浜松市春野福祉センター,浜松市天竜区春野町宮川1330,,34.979531,137.896839,,有,先着順　各会場に応じて,,,"申込必要
【申込開始】2026年08月19日(水曜日)　
【方法】窓口／電話((053)989-1119)
各開催月の前月19日から申し込み受付開始",https://www.lib-city-hamamatsu.jp/service/jidou/bookstart/bookstart_202607-09.html,,こそだて,天竜区,2026-04-17,,○,001219_00
221309,20260407264,静岡県,浜松市,ブックスタート,ブックスタート,Bookstart,2026-09-16,,10:00,,各開催月の前月19日から申し込み受付開始,"【内容】読み聞かせやわらべうたの体験とアドバイス、おすすめの絵本1冊プレゼント
【対象】6ヶ月から満1歳(お誕生日当月まで)の赤ちゃんとその保護者
【条件】対象期間内に1回受講可",,,中央図書館,(053)456-0234,,,浜松市立北図書館,浜松市中央区葵東一丁目15-1,,34.756749,137.720457,,有,先着順　各会場に応じて,,,"申込必要
【申込開始】2026年08月19日(水曜日)　
【方法】窓口／電話((053)436-6646)
各開催月の前月19日から申し込み受付開始",https://www.lib-city-hamamatsu.jp/service/jidou/bookstart/bookstart_202607-09.html,,こそだて,中央区,2026-04-17,,○,002626_00
221309,20260407265,静岡県,浜松市,ブックスタート,ブックスタート,Bookstart,2026-09-16,,10:00,,各開催月の前月19日から申し込み受付開始,"【内容】読み聞かせやわらべうたの体験とアドバイス、おすすめの絵本1冊プレゼント
【対象】6ヶ月から満1歳(お誕生日当月まで)の赤ちゃんとその保護者
【条件】対象期間内に1回受講可",,,中央図書館,(053)456-0234,,,浜松市立雄踏図書館,浜松市中央区雄踏町宇布見8287,,34.699443,137.631848,,有,先着順　各会場に応じて,,,"申込必要
【申込開始】2026年08月19日(水曜日)　
【方法】窓口／電話((053)596-5522)
各開催月の前月19日から申し込み受付開始",https://www.lib-city-hamamatsu.jp/service/jidou/bookstart/bookstart_202607-09.html,,こそだて,中央区,2026-04-17,,○,002751_00
221309,20260407266,静岡県,浜松市,ブックスタート,ブックスタート,Bookstart,2026-09-16,,10:00,,各開催月の前月19日から申し込み受付開始,"【内容】読み聞かせやわらべうたの体験とアドバイス、おすすめの絵本1冊プレゼント
【対象】6ヶ月から満1歳(お誕生日当月まで)の赤ちゃんとその保護者
【条件】対象期間内に1回受講可",,,中央図書館,(053)456-0234,,,浜松市立天竜図書館,浜松市天竜区二俣町二俣184-32,,34.864322,137.817746,,有,先着順　各会場に応じて,,,"申込必要
【申込開始】2026年08月19日(水曜日)　
【方法】窓口／電話((053)926-1245)
各開催月の前月19日から申し込み受付開始",https://www.lib-city-hamamatsu.jp/service/jidou/bookstart/bookstart_202607-09.html,,こそだて,天竜区,2026-04-17,,○,004523_01
221309,20260407267,静岡県,浜松市,ブックスタート,ブックスタート,Bookstart,2026-09-17,,10:00,,各開催月の前月19日から申し込み受付開始,"【内容】読み聞かせやわらべうたの体験とアドバイス、おすすめの絵本1冊プレゼント
【対象】6ヶ月から満1歳(お誕生日当月まで)の赤ちゃんとその保護者
【条件】対象期間内に1回受講可",,,中央図書館,(053)456-0234,,,浜松市立はまゆう図書館,浜松市中央区大人見町1750-394,,34.737857,137.657554,,有,先着順　各会場に応じて,,,"申込必要
【申込開始】2026年08月19日(水曜日)　
【方法】窓口／電話((053)482-1127)
各開催月の前月19日から申し込み受付開始",https://www.lib-city-hamamatsu.jp/service/jidou/bookstart/bookstart_202607-09.html,,こそだて,中央区,2026-04-17,,○,000110_00
221309,20260407268,静岡県,浜松市,ブックスタート,ブックスタート,Bookstart,2026-09-17,,10:00,,各開催月の前月19日から申し込み受付開始,"【内容】読み聞かせやわらべうたの体験とアドバイス、おすすめの絵本1冊プレゼント
【対象】6ヶ月から満1歳(お誕生日当月まで)の赤ちゃんとその保護者
【条件】対象期間内に1回受講可",,,中央図書館,(053)456-0234,,,浜松市立可新図書館,浜松市中央区小沢渡町1142-1,,34.684340,137.682252,,有,先着順　各会場に応じて,,,"申込必要
【申込開始】2026年08月19日(水曜日)　
【方法】窓口／電話((053)449-1001)
各開催月の前月19日から申し込み受付開始",https://www.lib-city-hamamatsu.jp/service/jidou/bookstart/bookstart_202607-09.html,,こそだて,中央区,2026-04-17,,○,000377_00
221309,20260407269,静岡県,浜松市,ブックスタート,ブックスタート,Bookstart,2026-09-17,,10:00,,各開催月の前月19日から申し込み受付開始,"【内容】読み聞かせやわらべうたの体験とアドバイス、おすすめの絵本1冊プレゼント
【対象】6ヶ月から満1歳(お誕生日当月まで)の赤ちゃんとその保護者
【条件】対象期間内に1回受講可",,,中央図書館,(053)456-0234,,,浜松市立三ヶ日図書館,浜松市浜名区三ヶ日町宇志799-1,,34.806730,137.557937,,有,先着順　各会場に応じて,,,"申込必要
【申込開始】2026年08月19日(水曜日)　
【方法】窓口／電話((053)528-0151)
各開催月の前月19日から申し込み受付開始",https://www.lib-city-hamamatsu.jp/service/jidou/bookstart/bookstart_202607-09.html,,こそだて,浜名区,2026-04-17,,○,000971_00
221309,20260407270,静岡県,浜松市,ブックスタート,ブックスタート,Bookstart,2026-09-18,,10:00,,各開催月の前月19日から申し込み受付開始,"【内容】読み聞かせやわらべうたの体験とアドバイス、おすすめの絵本1冊プレゼント
【対象】6ヶ月から満1歳(お誕生日当月まで)の赤ちゃんとその保護者
【条件】対象期間内に1回受講可",,,中央図書館,(053)456-0234,,,浜松市立流通元町図書館,浜松市中央区流通元町20-2,産業展示館北館1階,34.741198,137.790484,,有,先着順　各会場に応じて,,,"申込必要
【申込開始】2026年08月19日(水曜日)　
【方法】窓口／電話((053)422-0202)
各開催月の前月19日から申し込み受付開始",https://www.lib-city-hamamatsu.jp/service/jidou/bookstart/bookstart_202607-09.html,,こそだて,中央区,2026-04-17,,○,001719_01
221309,20260407271,静岡県,浜松市,ブックスタート,ブックスタート,Bookstart,2026-09-21,,10:00,,各開催月の前月19日から申し込み受付開始,"【内容】読み聞かせやわらべうたの体験とアドバイス、おすすめの絵本1冊プレゼント
【対象】6ヶ月から満1歳(お誕生日当月まで)の赤ちゃんとその保護者
【条件】対象期間内に1回受講可",,,中央図書館,(053)456-0234,,,浜松市立城北図書館,浜松市中央区和地山二丁目37-2,,34.730199,137.719025,,有,先着順　各会場に応じて,,,"申込必要
【申込開始】2026年08月19日(水曜日)　
【方法】窓口／電話((053)474-1725)
各開催月の前月19日から申し込み受付開始",https://www.lib-city-hamamatsu.jp/service/jidou/bookstart/bookstart_202607-09.html,,こそだて,中央区,2026-04-17,,○,001413_00
221309,20260407272,静岡県,浜松市,ブックスタート,ブックスタート,Bookstart,2026-09-21,,10:00,,各開催月の前月19日から申し込み受付開始,"【内容】読み聞かせやわらべうたの体験とアドバイス、おすすめの絵本1冊プレゼント
【対象】6ヶ月から満1歳(お誕生日当月まで)の赤ちゃんとその保護者
【条件】対象期間内に1回受講可",,,中央図書館,(053)456-0234,,,浜松市立積志図書館,浜松市中央区積志町1819,,34.769767,137.761581,,有,先着順　各会場に応じて,,,"申込必要
【申込開始】2026年08月19日(水曜日)　
【方法】窓口／電話((053)435-0744)
各開催月の前月19日から申し込み受付開始",https://www.lib-city-hamamatsu.jp/service/jidou/bookstart/bookstart_202607-09.html,,こそだて,中央区,2026-04-17,,○,001639_00
221309,20260407273,静岡県,浜松市,ブックスタート,ブックスタート,Bookstart,2026-09-23,,10:00,,各開催月の前月19日から申し込み受付開始,"【内容】読み聞かせやわらべうたの体験とアドバイス、おすすめの絵本1冊プレゼント
【対象】6ヶ月から満1歳(お誕生日当月まで)の赤ちゃんとその保護者
【条件】対象期間内に1回受講可",,,中央図書館,(053)456-0234,,,浜松市立浜北図書館,浜松市浜名区貴布祢3000,,34.791673,137.783232,,有,先着順　各会場に応じて,,,"申込必要
【申込開始】2026年08月19日(水曜日)　
【方法】窓口／電話((053)586-8200)
各開催月の前月19日から申し込み受付開始",https://www.lib-city-hamamatsu.jp/service/jidou/bookstart/bookstart_202607-09.html,,こそだて,浜名区,2026-04-17,,○,000106_01
221309,20260407274,静岡県,浜松市,ブックスタート,ブックスタート,Bookstart,2026-09-24,,10:30,,各開催月の前月19日から申し込み受付開始,"【内容】読み聞かせやわらべうたの体験とアドバイス、おすすめの絵本1冊プレゼント
【対象】6ヶ月から満1歳(お誕生日当月まで)の赤ちゃんとその保護者
【条件】対象期間内に1回受講可",,,中央図書館,(053)456-0234,,,浜松市立細江図書館,浜松市浜名区細江町気賀4579-1,,34.806791,137.649121,,有,先着順　各会場に応じて,,,"申込必要
【申込開始】2026年08月19日(水曜日)　
【方法】窓口／電話((053)527-0185)
各開催月の前月19日から申し込み受付開始",https://www.lib-city-hamamatsu.jp/service/jidou/bookstart/bookstart_202607-09.html,,こそだて,浜名区,2026-04-17,,○,000933_00
221309,20260407275,静岡県,浜松市,ブックスタート,ブックスタート,Bookstart,2026-09-25,,13:30,,各開催月の前月19日から申し込み受付開始,"【内容】読み聞かせやわらべうたの体験とアドバイス、おすすめの絵本1冊プレゼント
【対象】6ヶ月から満1歳(お誕生日当月まで)の赤ちゃんとその保護者
【条件】対象期間内に1回受講可",,,中央図書館,(053)456-0234,,,プレ葉ウォーク浜北,浜松市浜名区貴布祢1200,,34.797492,137.779388,,有,先着順　各会場に応じて,,,"申込必要
【申込開始】2026年08月19日(水曜日)　
【方法】窓口／電話((053)456-0234)
各開催月の前月19日から申し込み受付開始",https://www.lib-city-hamamatsu.jp/service/jidou/bookstart/bookstart_202607-09.html,,こそだて,浜名区,2026-04-17,,○,
221309,20260407276,静岡県,浜松市,ブックスタート,ブックスタート,Bookstart,2026-09-27,,13:30,,各開催月の前月19日から申し込み受付開始,"【内容】読み聞かせやわらべうたの体験とアドバイス、おすすめの絵本1冊プレゼント
【対象】6ヶ月から満1歳(お誕生日当月まで)の赤ちゃんとその保護者
【条件】対象期間内に1回受講可",,,中央図書館,(053)456-0234,,,浜松市立中央図書館,浜松市中央区松城町214番地の21,,34.709665,137.725399,,有,先着順　各会場に応じて,,,"申込必要
【申込開始】2026年08月19日(水曜日)　
【方法】窓口／電話((053)456-0234)
各開催月の前月19日から申し込み受付開始",https://www.lib-city-hamamatsu.jp/service/jidou/bookstart/bookstart_202607-09.html,申込状況により中国語の通訳が同席,こそだて,中央区,2026-04-17,,○,001861_00
221309,20260407296,静岡県,浜松市,「浜松・次世代の語り部」育成事業,,,2026-09-19,,9:30,11:30,10月10日、10月24日、11月24日、11月28日、12月19日、1月30日、2月13日(全て土曜日),【内容】戦争の悲惨さや平和の尊さを次世代に語り継ぐ「次世代の語り部」育成事業,,,浜松復興記念館（語り部育成事業実行委員会）,(053)455-0815,,,浜松復興記念館,浜松市中央区利町304-2,,34.7060345,137.7262776,,無,20人,2026-07-15,,"申込必要
【締切】必着",https://fukkoukinenkan.com,,おしらせ,中央区,2026-04-17,,,002381_00
221309,20260407317,静岡県,浜松市,統合失調症の家族教室,トウゴウシッチョウショウノカゾクキョウシツ,,2026-09-29,,13:30,15:30,,"【内容】統合失調症患者のご家族が抱く悩みや疑問を解消する教室を開催します。
【対象】統合失調症と診断されている人の家族
【条件】※原則として初めて受講する方",,,障害者支援課,(053)457-2213,,,浜松市精神保健福祉センター,浜松市中央区中央一丁目12-1,静岡県浜松総合庁舎4階,34.710600,137.734608,,,20人　先着順,,,"申込必要
【申込開始】2026年06月16日(火曜日)　
【方法】電話((053)457-2213)",https://www.city.hamamatsu.shizuoka.jp/syoghuku/kokoro/kazoku.html,,けんこう,中央区,2026-04-17,,,001061_00
221309,20260407318,静岡県,浜松市,統合失調症の家族教室,トウゴウシッチョウショウノカゾクキョウシツ,,2026-10-20,,13:30,15:30,,"【内容】統合失調症患者のご家族が抱く悩みや疑問を解消する教室を開催します。
【対象】統合失調症と診断されている人の家族
【条件】※原則として初めて受講する方",,,障害者支援課,(053)457-2213,,,浜松市精神保健福祉センター,浜松市中央区中央一丁目12-1,静岡県浜松総合庁舎4階,34.710600,137.734608,,,20人　先着順,,,"申込必要
【申込開始】2026年06月16日(火曜日)　
【方法】電話((053)457-2213)",https://www.city.hamamatsu.shizuoka.jp/syoghuku/kokoro/kazoku.html,,けんこう,中央区,2026-04-17,,,001061_00
221309,20260407319,静岡県,浜松市,統合失調症の家族教室,トウゴウシッチョウショウノカゾクキョウシツ,,2026-11-12,,13:30,15:30,,"【内容】統合失調症患者のご家族が抱く悩みや疑問を解消する教室を開催します。
【対象】統合失調症と診断されている人の家族
【条件】※原則として初めて受講する方",,,障害者支援課,(053)457-2213,,,浜名区役所,浜松市浜名区貴布祢3000,,34.791664,137.783231,,,20人　先着順,,,"申込必要
【申込開始】2026年10月16日(金曜日)　
【方法】電話((053)457-2213)",https://www.city.hamamatsu.shizuoka.jp/syoghuku/kokoro/kazoku.html,,けんこう,浜名区,2026-04-17,,,002404_00
221309,20260407320,静岡県,浜松市,統合失調症の家族教室,トウゴウシッチョウショウノカゾクキョウシツ,,2026-12-11,,13:30,15:30,,"【内容】統合失調症患者のご家族が抱く悩みや疑問を解消する教室を開催します。
【対象】統合失調症と診断されている人の家族
【条件】※原則として初めて受講する方",,,障害者支援課,(053)457-2213,,,浜名区役所,浜松市浜名区貴布祢3000,,34.791664,137.783231,,,20人　先着順,,,"申込必要
【申込開始】2026年10月16日(金曜日)　
【方法】電話((053)457-2213)",https://www.city.hamamatsu.shizuoka.jp/syoghuku/kokoro/kazoku.html,,けんこう,浜名区,2026-04-17,,,002404_00
221309,20260407321,静岡県,浜松市,統合失調症の家族教室,トウゴウシッチョウショウノカゾクキョウシツ,,2027-01-26,,13:30,15:30,,"【内容】統合失調症患者のご家族が抱く悩みや疑問を解消する教室を開催します。
【対象】統合失調症と診断されている人の家族
【条件】※原則として初めて受講する方",,,障害者支援課,(053)457-2213,,,浜名区役所,浜松市浜名区貴布祢3000,,34.791664,137.783231,,,20人　先着順,,,"申込必要
【申込開始】2026年10月16日(金曜日)　
【方法】電話((053)457-2213)",https://www.city.hamamatsu.shizuoka.jp/syoghuku/kokoro/kazoku.html,,けんこう,浜名区,2026-04-17,,,002404_00
221309,20260407322,静岡県,浜松市,統合失調症の家族教室,トウゴウシッチョウショウノカゾクキョウシツ,,2027-02-26,,13:30,15:30,,"【内容】統合失調症患者のご家族が抱く悩みや疑問を解消する教室を開催します。
【対象】統合失調症と診断されている人の家族
【条件】※原則として初めて受講する方",,,障害者支援課,(053)457-2213,,,浜松市精神保健福祉センター,浜松市中央区中央一丁目12-1,静岡県浜松総合庁舎4階,34.710600,137.734608,,,20人　先着順,,,"申込必要
【申込開始】2026年10月16日(金曜日)　
【方法】電話((053)457-2213)",https://www.city.hamamatsu.shizuoka.jp/syoghuku/kokoro/kazoku.html,,けんこう,中央区,2026-04-17,,,001061_00
221309,20260407327,静岡県,浜松市,こころの健康相談,ココロノケンコウソウダン,,2026-09-11,,13:00,15:00,,"【内容】こころの病について、精神科医の無料相談
【条件】※すでに精神科等に通院・入院している人の相談はできません。",,,障害者支援課,(053)457-2213,2213,障害者支援課,浜松市役所,浜松市中央区元城町103-2,,34.711085,137.726132,,,3人　先着順　各日3人,,,"申込必要
【申込開始】2026年08月17日(月曜日)　8時30分
【方法】電話((053)457-2213)","https://www.city.hamamatsu.shizuoka.jp/syoghuku/welfare/obstacle
/seishin/kokoro.html",,けんこう,中央区,2026-04-17,,,002666_00
221309,20260407328,静岡県,浜松市,こころの健康相談,ココロノケンコウソウダン,,2026-09-17,,13:00,15:00,,"【内容】こころの病について、精神科医の無料相談
【条件】※すでに精神科等に通院・入院している人の相談はできません。",,,障害者支援課,(053)457-2213,2213,障害者支援課,天竜保健福祉センター,浜松市天竜区二俣町二俣530-18,,34.871333,137.814592,,,3人　先着順　各日3人,,,"申込必要
【申込開始】2026年08月17日(月曜日)　8時30分
【方法】電話((053)457-2213)","https://www.city.hamamatsu.shizuoka.jp/syoghuku/welfare/obstacle
/seishin/kokoro.html",,けんこう,天竜区,2026-04-17,,,002518_00
221309,20260407329,静岡県,浜松市,こころの健康相談,ココロノケンコウソウダン,,2026-10-02,,13:00,15:00,,"【内容】こころの病について、精神科医の無料相談
【条件】※すでに精神科等に通院・入院している人の相談はできません。",,,障害者支援課,(053)457-2213,2213,障害者支援課,浜松市役所,浜松市中央区元城町103-2,,34.711085,137.726132,,,3人　先着順　各日3人,,,"申込必要
【申込開始】2026年09月15日(火曜日)　8時30分
【方法】電話((053)457-2213)","https://www.city.hamamatsu.shizuoka.jp/syoghuku/welfare/obstacle
/seishin/kokoro.html",,けんこう,中央区,2026-04-17,,,002666_00
221309,20260407330,静岡県,浜松市,こころの健康相談,ココロノケンコウソウダン,,2026-10-07,,13:00,15:00,,"【内容】こころの病について、精神科医の無料相談
【条件】※すでに精神科等に通院・入院している人の相談はできません。",,,障害者支援課,(053)457-2213,2213,障害者支援課,細江健康センター,浜松市浜名区細江町気賀305番地,,34.806109,137.650537,,,3人　先着順　各日3人,,,"申込必要
【申込開始】2026年09月15日(火曜日)　8時30分
【方法】電話((053)457-2213)","https://www.city.hamamatsu.shizuoka.jp/syoghuku/welfare/obstacle
/seishin/kokoro.html",,けんこう,浜名区,2026-04-17,,,000930_00
221309,20260407331,静岡県,浜松市,こころの健康相談,ココロノケンコウソウダン,,2026-10-15,,13:00,15:00,,"【内容】こころの病について、精神科医の無料相談
【条件】※すでに精神科等に通院・入院している人の相談はできません。",,,障害者支援課,(053)457-2213,2213,障害者支援課,浜名区役所,浜松市浜名区貴布祢3000,,34.791664,137.783231,,,3人　先着順　各日3人,,,"申込必要
【申込開始】2026年09月15日(火曜日)　8時30分
【方法】電話((053)457-2213)","https://www.city.hamamatsu.shizuoka.jp/syoghuku/welfare/obstacle
/seishin/kokoro.html",,けんこう,浜名区,2026-04-17,,,002404_00
221309,20260407332,静岡県,浜松市,こころの健康相談,ココロノケンコウソウダン,,2026-11-05,,13:00,15:00,,"【内容】こころの病について、精神科医の無料相談
【条件】※すでに精神科等に通院・入院している人の相談はできません。",,,障害者支援課,(053)457-2213,2213,障害者支援課,浜松市役所,浜松市中央区元城町103-2,,34.711085,137.726132,,,3人　先着順　各日3人,,,"申込必要
【申込開始】2026年10月15日(木曜日)　8時30分
【方法】電話((053)457-2213)","https://www.city.hamamatsu.shizuoka.jp/syoghuku/welfare/obstacle
/seishin/kokoro.html",,けんこう,中央区,2026-04-17,,,002666_00
221309,20260407333,静岡県,浜松市,こころの健康相談,ココロノケンコウソウダン,,2026-11-26,,13:00,15:00,,"【内容】こころの病について、精神科医の無料相談
【条件】※すでに精神科等に通院・入院している人の相談はできません。",,,障害者支援課,(053)457-2213,2213,障害者支援課,浜松市役所,浜松市中央区元城町103-2,,34.711085,137.726132,,,3人　先着順　各日3人,,,"申込必要
【申込開始】2026年10月15日(木曜日)　8時30分
【方法】電話((053)457-2213)","https://www.city.hamamatsu.shizuoka.jp/syoghuku/welfare/obstacle
/seishin/kokoro.html",,けんこう,中央区,2026-04-17,,,002666_00
221309,20260407334,静岡県,浜松市,こころの健康相談,ココロノケンコウソウダン,,2026-12-02,,13:00,15:00,,"【内容】こころの病について、精神科医の無料相談
【条件】※すでに精神科等に通院・入院している人の相談はできません。",,,障害者支援課,(053)457-2213,2213,障害者支援課,天竜保健福祉センター,浜松市天竜区二俣町二俣530-18,,34.871333,137.814592,,,3人　先着順　各日3人,,,"申込必要
【申込開始】2026年11月16日(月曜日)　8時30分
【方法】電話((053)457-2213)","https://www.city.hamamatsu.shizuoka.jp/syoghuku/welfare/obstacle
/seishin/kokoro.html",,けんこう,天竜区,2026-04-17,,,002518_00
221309,20260407335,静岡県,浜松市,こころの健康相談,ココロノケンコウソウダン,,2026-12-16,,13:00,15:00,,"【内容】こころの病について、精神科医の無料相談
【条件】※すでに精神科等に通院・入院している人の相談はできません。",,,障害者支援課,(053)457-2213,2213,障害者支援課,浜松市役所,浜松市中央区元城町103-2,,34.711085,137.726132,,,3人　先着順　各日3人,,,"申込必要
【申込開始】2026年11月16日(月曜日)　8時30分
【方法】電話((053)457-2213)","https://www.city.hamamatsu.shizuoka.jp/syoghuku/welfare/obstacle
/seishin/kokoro.html",,けんこう,中央区,2026-04-17,,,002666_00
221309,20260407336,静岡県,浜松市,こころの健康相談,ココロノケンコウソウダン,,2027-01-19,,13:00,15:00,,"【内容】こころの病について、精神科医の無料相談
【条件】※すでに精神科等に通院・入院している人の相談はできません。",,,障害者支援課,(053)457-2213,2213,障害者支援課,浜松市役所,浜松市中央区元城町103-2,,34.711085,137.726132,,,3人　先着順　各日3人,,,"申込必要
【申込開始】2026年12月15日(火曜日)　8時30分
【方法】電話((053)457-2213)","https://www.city.hamamatsu.shizuoka.jp/syoghuku/welfare/obstacle
/seishin/kokoro.html",,けんこう,中央区,2026-04-17,,,002666_00
221309,20260407337,静岡県,浜松市,こころの健康相談,ココロノケンコウソウダン,,2027-02-04,,13:00,15:00,,"【内容】こころの病について、精神科医の無料相談
【条件】※すでに精神科等に通院・入院している人の相談はできません。",,,障害者支援課,(053)457-2213,2213,障害者支援課,細江健康センター,浜松市浜名区細江町気賀305番地,,34.806109,137.650537,,,3人　先着順　各日3人,,,"申込必要
【申込開始】2027年01月15日(金曜日)　8時30分
【方法】電話((053)457-2213)","https://www.city.hamamatsu.shizuoka.jp/syoghuku/welfare/obstacle
/seishin/kokoro.html",,けんこう,浜名区,2026-04-17,,,000930_00
221309,20260407338,静岡県,浜松市,こころの健康相談,ココロノケンコウソウダン,,2027-02-17,,13:00,15:00,,"【内容】こころの病について、精神科医の無料相談
【条件】※すでに精神科等に通院・入院している人の相談はできません。",,,障害者支援課,(053)457-2213,2213,障害者支援課,浜松市役所,浜松市中央区元城町103-2,,34.711085,137.726132,,,3人　先着順　各日3人,,,"申込必要
【申込開始】2027年01月15日(金曜日)　8時30分
【方法】電話((053)457-2213)","https://www.city.hamamatsu.shizuoka.jp/syoghuku/welfare/obstacle
/seishin/kokoro.html",,けんこう,中央区,2026-04-17,,,002666_00
221309,20260407339,静岡県,浜松市,こころの健康相談,ココロノケンコウソウダン,,2027-02-25,,13:00,15:00,,"【内容】こころの病について、精神科医の無料相談
【条件】※すでに精神科等に通院・入院している人の相談はできません。",,,障害者支援課,(053)457-2213,2213,障害者支援課,浜松市役所,浜松市中央区元城町103-2,,34.711085,137.726132,,,3人　先着順　各日3人,,,"申込必要
【申込開始】2027年01月15日(金曜日)　8時30分
【方法】電話((053)457-2213)","https://www.city.hamamatsu.shizuoka.jp/syoghuku/welfare/obstacle
/seishin/kokoro.html",,けんこう,中央区,2026-04-17,,,002666_00
221309,20260407340,静岡県,浜松市,こころの健康相談,ココロノケンコウソウダン,,2027-03-11,,13:00,15:00,,"【内容】こころの病について、精神科医の無料相談
【条件】※すでに精神科等に通院・入院している人の相談はできません。",,,障害者支援課,(053)457-2213,2213,障害者支援課,佐久間保健センター,浜松市天竜区佐久間町中部18-11,(佐久間ヘルストピアセンター),35.082559,137.800108,,,3人　先着順　各日3人,,,"申込必要
【申込開始】2027年02月15日(月曜日)　8時30分
【方法】電話((053)457-2213)","https://www.city.hamamatsu.shizuoka.jp/syoghuku/welfare/obstacle
/seishin/kokoro.html",,けんこう,天竜区,2026-04-17,,,005137_01
221309,20260407341,静岡県,浜松市,こころの健康相談,ココロノケンコウソウダン,,2027-03-25,,13:00,15:00,,"【内容】こころの病について、精神科医の無料相談
【条件】※すでに精神科等に通院・入院している人の相談はできません。",,,障害者支援課,(053)457-2213,2213,障害者支援課,浜松市役所,浜松市中央区元城町103-2,,34.711085,137.726132,,,3人　先着順　各日3人,,,"申込必要
【申込開始】2027年02月15日(月曜日)　8時30分
【方法】電話((053)457-2213)","https://www.city.hamamatsu.shizuoka.jp/syoghuku/welfare/obstacle
/seishin/kokoro.html",,けんこう,中央区,2026-04-17,,,002666_00
221309,20260407365,静岡県,浜松市,発達相談,ハッタツソウダン,,2026-09-17,,,,,"【内容】小児科医師、心理相談員、言語聴覚士(施設職員)、教育委員会相談員への相談
【対象】心身の発達の偏りや遅れなどの心配がある1歳から就学前の子供とその保護者",,,健康増進課,(053)453-6117,,,浜松市口腔保健医療センター（歯の健康センター）,浜松市中央区鴨江二丁目11-2,,34.705136,137.713226,,,,2026-09-03,,"申込必要
【締切】締切
【申込開始】2026年08月17日(月曜日)　
【方法】電話((053)453-6117)
電話で健康増進課へ",https://www.hamamatsu-pippi.net/contents/7933.html,,こそだて,中央区,2026-04-17,,○,000743_00
221309,20260407366,静岡県,浜松市,発達相談,ハッタツソウダン,,2026-11-19,,,,,"【内容】小児科医師、心理相談員、言語聴覚士(施設職員)、教育委員会相談員への相談
【対象】心身の発達の偏りや遅れなどの心配がある2歳から就学前の子供とその保護者",,,健康増進課,(053)453-6117,,,浜松市口腔保健医療センター（歯の健康センター）,浜松市中央区鴨江二丁目11-2,,34.705136,137.713226,,,,2026-11-05,,"申込必要
【締切】締切
【申込開始】2026年10月15日(木曜日)　
【方法】電話((053)453-6117)
電話で健康増進課へ",https://www.hamamatsu-pippi.net/contents/7933.html,,こそだて,中央区,2026-04-17,,○,000743_00
221309,20260407367,静岡県,浜松市,発達相談,ハッタツソウダン,,2027-01-21,,,,,"【内容】小児科医師、心理相談員、言語聴覚士(施設職員)、教育委員会相談員への相談
【対象】心身の発達の偏りや遅れなどの心配がある3歳から就学前の子供とその保護者",,,健康増進課,(053)453-6117,,,浜松市口腔保健医療センター（歯の健康センター）,浜松市中央区鴨江二丁目11-2,,34.705136,137.713226,,,,2027-01-07,,"申込必要
【締切】締切
【申込開始】2026年12月15日(火曜日)　
【方法】電話((053)453-6117)
電話で健康増進課へ",https://www.hamamatsu-pippi.net/contents/7933.html,,こそだて,中央区,2026-04-17,,○,000743_00
221309,20260407368,静岡県,浜松市,発達相談,ハッタツソウダン,,2027-03-18,,,,,"【内容】小児科医師、心理相談員、言語聴覚士(施設職員)、教育委員会相談員への相談
【対象】心身の発達の偏りや遅れなどの心配がある4歳から就学前の子供とその保護者",,,健康増進課,(053)453-6117,,,浜松市口腔保健医療センター（歯の健康センター）,浜松市中央区鴨江二丁目11-2,,34.705136,137.713226,,,,2027-03-04,,"申込必要
【締切】締切
【申込開始】2027年02月15日(月曜日)　
【方法】電話((053)453-6117)
電話で健康増進課へ",https://www.hamamatsu-pippi.net/contents/7933.html,,こそだて,中央区,2026-04-17,,○,000743_00
221309,20260407431,静岡県,浜松市,わんぱくひのっきー隊(全5回),,,2026-09-13,,,,延3泊8日,"【内容】自然体験や野外活動を通して「責任」「協力」「自律」「コミュニケーション」などのリーダーとして意識を沸きたてます。
【対象】浜松市内に在住または在学中の小学4～6年生
【その他】令和8年(1)9月13日(日)・(2)10月17日(土)～18日(日)・(3)11月8日(日)・(4)11月29日(日)・(5)12月25日(金)～27日(日)",6500円,,青少年の家,(053)471-4725,,,浜松市青少年の家,浜松市中央区住吉四丁目23-1,,34.731949,137.731572,,,"30名程度 応募多数の場合抽選　ホームページのイベント申込みフォームよりご応募ください。※1人一通でお申込みください",2026-07-14,,"申込必要
【申込開始】2026年06月30日(火曜日)　
【方法】ホームページ",https://h-seisyounen-ie.entetsuassist-dms.com/,,イベント,中央区,2026-04-17,2026-05-20,○,001613_00
221309,20260407443,静岡県,浜松市,コンポスト容器・密封発酵容器の無料配付,,,2026-11-07,,9:00,11:00,,"【内容】生ごみを堆肥にするコンポスト容器(縦60cm×横70cm程度)または密封発酵容器(縦45cm×横35cm程度)の無料配付 ※どちらか1種類、2個セット ※密封発酵容器は、ぼかし(発酵促進剤)の購入や発酵液の取り出し等の手入れが必要です。
【条件】市内に住所を有し、容器及びできた堆肥を使うことができ、配付日に容器を会場で受け取ることができる人で、令和3年度以降に堆肥化容器の無料配付を受けていない世帯。",,,一般廃棄物対策課,(053)453-6192,,,中央区役所,浜松市中央区元城町103-2,,34.711085,137.726132,,,抽選　市全体でコンポスト容器は700世帯程度、密封発酵容器は325世帯程度(応募者多数の場合抽選)※1世帯につき1申し込みまでの応募です。※抽選結果は10月中旬にお知らせします。,2026-07-10,,"申込必要
【締切】必着
【方法】郵送(432-8023　中央区鴨江三丁目1-10　一般廃棄物対策課)／ホームページ
WEBフォームによる申込または往復はがきの往信用面に、(1)希望容器(「コンポスト容器」または「密封発酵容器」)、(2)住所、(3)氏名、(4)電話番号、(5)受取希望場所(【A】～【K】から1つ選択)を、返信用の宛名面に氏名・住所を書いて、一般廃棄物対策課(〒432-8023 中央区鴨江三丁目1-10)へ。【7月10日(金)必着】※往復はがき・WEBフォーム以外の申込不可。 ※配付場所・日時等が変更となる場合は、返信用はがきまたはメールでお知らせします。",https://www.city.hamamatsu.shizuoka.jp/ippai/gomi/genryou/26muryouhaihu.html,"配付場所の記載については、A中央区役所、B西行政センター、C南行政センター、D東行政センター、E 旧細江し尿処理センター、F 浜北清掃センター、G天竜区役所、H春野支所、I 佐久間支所、J 龍山支所、K 水窪支所との記載を希望",かんきょう,中央区,2026-04-17,,,002666_01
221309,20260407444,静岡県,浜松市,コンポスト容器・密封発酵容器の無料配付,,,2026-11-07,,9:00,11:00,,"【内容】生ごみを堆肥にするコンポスト容器(縦60cm×横70cm程度)または密封発酵容器(縦45cm×横35cm程度)の無料配付 ※どちらか1種類、2個セット ※密封発酵容器は、ぼかし(発酵促進剤)の購入や発酵液の取り出し等の手入れが必要です。
【条件】市内に住所を有し、容器及びできた堆肥を使うことができ、配付日に容器を会場で受け取ることができる人で、令和3年度以降に堆肥化容器の無料配付を受けていない世帯。",,,一般廃棄物対策課,(053)453-6192,,,西行政センター,浜松市中央区雄踏一丁目31番1号,,34.692738,137.645291,,,抽選　市全体でコンポスト容器は700世帯程度、密封発酵容器は325世帯程度(応募者多数の場合抽選)※1世帯につき1申し込みまでの応募です。※抽選結果は10月中旬にお知らせします。,2026-07-10,,"申込必要
【締切】必着
【方法】郵送(432-8023　中央区鴨江三丁目1-10　一般廃棄物対策課)／ホームページ
WEBフォームによる申込または往復はがきの往信用面に、(1)希望容器(「コンポスト容器」または「密封発酵容器」)、(2)住所、(3)氏名、(4)電話番号、(5)受取希望場所(【A】～【K】から1つ選択)を、返信用の宛名面に氏名・住所を書いて、一般廃棄物対策課(〒432-8023 中央区鴨江三丁目1-10)へ。【7月10日(金)必着】※往復はがき・WEBフォーム以外の申込不可。 ※配付場所・日時等が変更となる場合は、返信用はがきまたはメールでお知らせします。",https://www.city.hamamatsu.shizuoka.jp/ippai/gomi/genryou/26muryouhaihu.html,"配付場所の記載については、A中央区役所、B西行政センター、C南行政センター、D東行政センター、E 旧細江し尿処理センター、F 浜北清掃センター、G天竜区役所、H春野支所、I 佐久間支所、J 龍山支所、K 水窪支所との記載を希望",かんきょう,中央区,2026-04-17,,,001568_00
221309,20260407445,静岡県,浜松市,コンポスト容器・密封発酵容器の無料配付,,,2026-11-07,,9:00,11:00,,"【内容】生ごみを堆肥にするコンポスト容器(縦60cm×横70cm程度)または密封発酵容器(縦45cm×横35cm程度)の無料配付 ※どちらか1種類、2個セット ※密封発酵容器は、ぼかし(発酵促進剤)の購入や発酵液の取り出し等の手入れが必要です。
【条件】市内に住所を有し、容器及びできた堆肥を使うことができ、配付日に容器を会場で受け取ることができる人で、令和3年度以降に堆肥化容器の無料配付を受けていない世帯。",,,一般廃棄物対策課,(053)453-6192,,,南行政センター,浜松市中央区江之島町600-1,,34.667355,137.752214,,,抽選　市全体でコンポスト容器は700世帯程度、密封発酵容器は325世帯程度(応募者多数の場合抽選)※1世帯につき1申し込みまでの応募です。※抽選結果は10月中旬にお知らせします。,2026-07-10,,"申込必要
【締切】必着
【方法】郵送(432-8023　中央区鴨江三丁目1-10　一般廃棄物対策課)／ホームページ
WEBフォームによる申込または往復はがきの往信用面に、(1)希望容器(「コンポスト容器」または「密封発酵容器」)、(2)住所、(3)氏名、(4)電話番号、(5)受取希望場所(【A】～【K】から1つ選択)を、返信用の宛名面に氏名・住所を書いて、一般廃棄物対策課(〒432-8023 中央区鴨江三丁目1-10)へ。【7月10日(金)必着】※往復はがき・WEBフォーム以外の申込不可。 ※配付場所・日時等が変更となる場合は、返信用はがきまたはメールでお知らせします。",https://www.city.hamamatsu.shizuoka.jp/ippai/gomi/genryou/26muryouhaihu.html,"配付場所の記載については、A中央区役所、B西行政センター、C南行政センター、D東行政センター、E 旧細江し尿処理センター、F 浜北清掃センター、G天竜区役所、H春野支所、I 佐久間支所、J 龍山支所、K 水窪支所との記載を希望",かんきょう,中央区,2026-04-17,,,002131_00
221309,20260407446,静岡県,浜松市,コンポスト容器・密封発酵容器の無料配付,,,2026-11-21,,9:00,11:00,,"【内容】生ごみを堆肥にするコンポスト容器(縦60cm×横70cm程度)または密封発酵容器(縦45cm×横35cm程度)の無料配付 ※どちらか1種類、2個セット ※密封発酵容器は、ぼかし(発酵促進剤)の購入や発酵液の取り出し等の手入れが必要です。
【条件】市内に住所を有し、容器及びできた堆肥を使うことができ、配付日に容器を会場で受け取ることができる人で、令和3年度以降に堆肥化容器の無料配付を受けていない世帯。",,,一般廃棄物対策課,(053)453-6192,,,東行政センター,浜松市中央区流通元町20-3,,34.741515,137.791771,,,抽選　市全体でコンポスト容器は700世帯程度、密封発酵容器は325世帯程度(応募者多数の場合抽選)※1世帯につき1申し込みまでの応募です。※抽選結果は10月中旬にお知らせします。,2026-07-10,,"申込必要
【締切】必着
【方法】郵送(432-8023　中央区鴨江三丁目1-10　一般廃棄物対策課)／ホームページ
WEBフォームによる申込または往復はがきの往信用面に、(1)希望容器(「コンポスト容器」または「密封発酵容器」)、(2)住所、(3)氏名、(4)電話番号、(5)受取希望場所(【A】～【K】から1つ選択)を、返信用の宛名面に氏名・住所を書いて、一般廃棄物対策課(〒432-8023 中央区鴨江三丁目1-10)へ。【7月10日(金)必着】※往復はがき・WEBフォーム以外の申込不可。 ※配付場所・日時等が変更となる場合は、返信用はがきまたはメールでお知らせします。",https://www.city.hamamatsu.shizuoka.jp/ippai/gomi/genryou/26muryouhaihu.html,"配付場所の記載については、A中央区役所、B西行政センター、C南行政センター、D東行政センター、E 旧細江し尿処理センター、F 浜北清掃センター、G天竜区役所、H春野支所、I 佐久間支所、J 龍山支所、K 水窪支所との記載を希望",かんきょう,中央区,2026-04-17,,,002063_00
221309,20260407447,静岡県,浜松市,コンポスト容器・密封発酵容器の無料配付,,,2026-11-21,,9:00,11:00,,"【内容】生ごみを堆肥にするコンポスト容器(縦60cm×横70cm程度)または密封発酵容器(縦45cm×横35cm程度)の無料配付 ※どちらか1種類、2個セット ※密封発酵容器は、ぼかし(発酵促進剤)の購入や発酵液の取り出し等の手入れが必要です。
【条件】市内に住所を有し、容器及びできた堆肥を使うことができ、配付日に容器を会場で受け取ることができる人で、令和3年度以降に堆肥化容器の無料配付を受けていない世帯。",,,一般廃棄物対策課,(053)453-6192,,,旧細江し尿処理センター,浜松市浜名区細江町気賀1900,,34.794956,137.649413,,,抽選　市全体でコンポスト容器は700世帯程度、密封発酵容器は325世帯程度(応募者多数の場合抽選)※1世帯につき1申し込みまでの応募です。※抽選結果は10月中旬にお知らせします。,2026-07-10,,"申込必要
【締切】必着
【方法】郵送(432-8023　中央区鴨江三丁目1-10　一般廃棄物対策課)／ホームページ
WEBフォームによる申込または往復はがきの往信用面に、(1)希望容器(「コンポスト容器」または「密封発酵容器」)、(2)住所、(3)氏名、(4)電話番号、(5)受取希望場所(【A】～【K】から1つ選択)を、返信用の宛名面に氏名・住所を書いて、一般廃棄物対策課(〒432-8023 中央区鴨江三丁目1-10)へ。【7月10日(金)必着】※往復はがき・WEBフォーム以外の申込不可。 ※配付場所・日時等が変更となる場合は、返信用はがきまたはメールでお知らせします。",https://www.city.hamamatsu.shizuoka.jp/ippai/gomi/genryou/26muryouhaihu.html,"配付場所の記載については、A中央区役所、B西行政センター、C南行政センター、D東行政センター、E 旧細江し尿処理センター、F 浜北清掃センター、G天竜区役所、H春野支所、I 佐久間支所、J 龍山支所、K 水窪支所との記載を希望",かんきょう,浜名区,2026-04-17,,,
221309,20260407448,静岡県,浜松市,コンポスト容器・密封発酵容器の無料配付,,,2026-11-21,,9:00,11:00,,"【内容】生ごみを堆肥にするコンポスト容器(縦60cm×横70cm程度)または密封発酵容器(縦45cm×横35cm程度)の無料配付 ※どちらか1種類、2個セット ※密封発酵容器は、ぼかし(発酵促進剤)の購入や発酵液の取り出し等の手入れが必要です。
【条件】市内に住所を有し、容器及びできた堆肥を使うことができ、配付日に容器を会場で受け取ることができる人で、令和3年度以降に堆肥化容器の無料配付を受けていない世帯。",,,一般廃棄物対策課,(053)453-6192,,,"浜北清掃センター（旧 浜北環境事業所）",浜松市浜名区永島954,,34.812411,137.818808,,,抽選　市全体でコンポスト容器は700世帯程度、密封発酵容器は325世帯程度(応募者多数の場合抽選)※1世帯につき1申し込みまでの応募です。※抽選結果は10月中旬にお知らせします。,2026-07-10,,"申込必要
【締切】必着
【方法】郵送(432-8023　中央区鴨江三丁目1-10　一般廃棄物対策課)／ホームページ
WEBフォームによる申込または往復はがきの往信用面に、(1)希望容器(「コンポスト容器」または「密封発酵容器」)、(2)住所、(3)氏名、(4)電話番号、(5)受取希望場所(【A】～【K】から1つ選択)を、返信用の宛名面に氏名・住所を書いて、一般廃棄物対策課(〒432-8023 中央区鴨江三丁目1-10)へ。【7月10日(金)必着】※往復はがき・WEBフォーム以外の申込不可。 ※配付場所・日時等が変更となる場合は、返信用はがきまたはメールでお知らせします。",https://www.city.hamamatsu.shizuoka.jp/ippai/gomi/genryou/26muryouhaihu.html,"配付場所の記載については、A中央区役所、B西行政センター、C南行政センター、D東行政センター、E 旧細江し尿処理センター、F 浜北清掃センター、G天竜区役所、H春野支所、I 佐久間支所、J 龍山支所、K 水窪支所との記載を希望",かんきょう,浜名区,2026-04-17,,,
221309,20260407449,静岡県,浜松市,コンポスト容器・密封発酵容器の無料配付,,,2026-11-10,2026-11-13,8:30,17:15,,"【内容】生ごみを堆肥にするコンポスト容器(縦60cm×横70cm程度)または密封発酵容器(縦45cm×横35cm程度)の無料配付 ※どちらか1種類、2個セット ※密封発酵容器は、ぼかし(発酵促進剤)の購入や発酵液の取り出し等の手入れが必要です。
【条件】市内に住所を有し、容器及びできた堆肥を使うことができ、配付日に容器を会場で受け取ることができる人で、令和3年度以降に堆肥化容器の無料配付を受けていない世帯。",,,一般廃棄物対策課,(053)453-6192,,,天竜区役所,浜松市天竜区二俣町二俣481,,34.872645,137.81625,,,抽選　市全体でコンポスト容器は700世帯程度、密封発酵容器は325世帯程度(応募者多数の場合抽選)※1世帯につき1申し込みまでの応募です。※抽選結果は10月中旬にお知らせします。,2026-07-10,,"申込必要
【締切】必着
【方法】郵送(432-8023　中央区鴨江三丁目1-10　一般廃棄物対策課)／ホームページ
WEBフォームによる申込または往復はがきの往信用面に、(1)希望容器(「コンポスト容器」または「密封発酵容器」)、(2)住所、(3)氏名、(4)電話番号、(5)受取希望場所(【A】～【K】から1つ選択)を、返信用の宛名面に氏名・住所を書いて、一般廃棄物対策課(〒432-8023 中央区鴨江三丁目1-10)へ。【7月10日(金)必着】※往復はがき・WEBフォーム以外の申込不可。 ※配付場所・日時等が変更となる場合は、返信用はがきまたはメールでお知らせします。",https://www.city.hamamatsu.shizuoka.jp/ippai/gomi/genryou/26muryouhaihu.html,"配付場所の記載については、A中央区役所、B西行政センター、C南行政センター、D東行政センター、E 旧細江し尿処理センター、F 浜北清掃センター、G天竜区役所、H春野支所、I 佐久間支所、J 龍山支所、K 水窪支所との記載を希望",かんきょう,天竜区,2026-04-17,,,001994_00
221309,20260407450,静岡県,浜松市,コンポスト容器・密封発酵容器の無料配付,,,2026-11-10,2026-11-13,8:30,17:15,,"【内容】生ごみを堆肥にするコンポスト容器(縦60cm×横70cm程度)または密封発酵容器(縦45cm×横35cm程度)の無料配付 ※どちらか1種類、2個セット ※密封発酵容器は、ぼかし(発酵促進剤)の購入や発酵液の取り出し等の手入れが必要です。
【条件】市内に住所を有し、容器及びできた堆肥を使うことができ、配付日に容器を会場で受け取ることができる人で、令和3年度以降に堆肥化容器の無料配付を受けていない世帯。",,,一般廃棄物対策課,(053)453-6192,,,春野支所,浜松市天竜区春野町宮川1467-2,,34.982164,137.896383,,,抽選　市全体でコンポスト容器は700世帯程度、密封発酵容器は325世帯程度(応募者多数の場合抽選)※1世帯につき1申し込みまでの応募です。※抽選結果は10月中旬にお知らせします。,2026-07-10,,"申込必要
【締切】必着
【方法】郵送(432-8023　中央区鴨江三丁目1-10　一般廃棄物対策課)／ホームページ
WEBフォームによる申込または往復はがきの往信用面に、(1)希望容器(「コンポスト容器」または「密封発酵容器」)、(2)住所、(3)氏名、(4)電話番号、(5)受取希望場所(【A】～【K】から1つ選択)を、返信用の宛名面に氏名・住所を書いて、一般廃棄物対策課(〒432-8023 中央区鴨江三丁目1-10)へ。【7月10日(金)必着】※往復はがき・WEBフォーム以外の申込不可。 ※配付場所・日時等が変更となる場合は、返信用はがきまたはメールでお知らせします。",https://www.city.hamamatsu.shizuoka.jp/ippai/gomi/genryou/26muryouhaihu.html,"配付場所の記載については、A中央区役所、B西行政センター、C南行政センター、D東行政センター、E 旧細江し尿処理センター、F 浜北清掃センター、G天竜区役所、H春野支所、I 佐久間支所、J 龍山支所、K 水窪支所との記載を希望",かんきょう,天竜区,2026-04-17,,,004486_00
221309,20260407451,静岡県,浜松市,コンポスト容器・密封発酵容器の無料配付,,,2026-11-10,2026-11-13,8:30,17:15,,"【内容】生ごみを堆肥にするコンポスト容器(縦60cm×横70cm程度)または密封発酵容器(縦45cm×横35cm程度)の無料配付 ※どちらか1種類、2個セット ※密封発酵容器は、ぼかし(発酵促進剤)の購入や発酵液の取り出し等の手入れが必要です。
【条件】市内に住所を有し、容器及びできた堆肥を使うことができ、配付日に容器を会場で受け取ることができる人で、令和3年度以降に堆肥化容器の無料配付を受けていない世帯。",,,一般廃棄物対策課,(053)453-6192,,,佐久間支所,浜松市天竜区佐久間町中部18-11,,35.082559,137.800108,,,抽選　市全体でコンポスト容器は700世帯程度、密封発酵容器は325世帯程度(応募者多数の場合抽選)※1世帯につき1申し込みまでの応募です。※抽選結果は10月中旬にお知らせします。,2026-07-10,,"申込必要
【締切】必着
【方法】郵送(432-8023　中央区鴨江三丁目1-10　一般廃棄物対策課)／ホームページ
WEBフォームによる申込または往復はがきの往信用面に、(1)希望容器(「コンポスト容器」または「密封発酵容器」)、(2)住所、(3)氏名、(4)電話番号、(5)受取希望場所(【A】～【K】から1つ選択)を、返信用の宛名面に氏名・住所を書いて、一般廃棄物対策課(〒432-8023 中央区鴨江三丁目1-10)へ。【7月10日(金)必着】※往復はがき・WEBフォーム以外の申込不可。 ※配付場所・日時等が変更となる場合は、返信用はがきまたはメールでお知らせします。",https://www.city.hamamatsu.shizuoka.jp/ippai/gomi/genryou/26muryouhaihu.html,"配付場所の記載については、A中央区役所、B西行政センター、C南行政センター、D東行政センター、E 旧細江し尿処理センター、F 浜北清掃センター、G天竜区役所、H春野支所、I 佐久間支所、J 龍山支所、K 水窪支所との記載を希望",かんきょう,天竜区,2026-04-17,,,005137_00
221309,20260407452,静岡県,浜松市,コンポスト容器・密封発酵容器の無料配付,,,2026-11-10,2026-11-13,8:30,17:15,,"【内容】生ごみを堆肥にするコンポスト容器(縦60cm×横70cm程度)または密封発酵容器(縦45cm×横35cm程度)の無料配付 ※どちらか1種類、2個セット ※密封発酵容器は、ぼかし(発酵促進剤)の購入や発酵液の取り出し等の手入れが必要です。
【条件】市内に住所を有し、容器及びできた堆肥を使うことができ、配付日に容器を会場で受け取ることができる人で、令和3年度以降に堆肥化容器の無料配付を受けていない世帯。",,,一般廃棄物対策課,(053)453-6192,,,水窪支所,浜松市天竜区水窪町奥領家2980-1,,35.165959,137.869545,,,抽選　市全体でコンポスト容器は700世帯程度、密封発酵容器は325世帯程度(応募者多数の場合抽選)※1世帯につき1申し込みまでの応募です。※抽選結果は10月中旬にお知らせします。,2026-07-10,,"申込必要
【締切】必着
【方法】郵送(432-8023　中央区鴨江三丁目1-10　一般廃棄物対策課)／ホームページ
WEBフォームによる申込または往復はがきの往信用面に、(1)希望容器(「コンポスト容器」または「密封発酵容器」)、(2)住所、(3)氏名、(4)電話番号、(5)受取希望場所(【A】～【K】から1つ選択)を、返信用の宛名面に氏名・住所を書いて、一般廃棄物対策課(〒432-8023 中央区鴨江三丁目1-10)へ。【7月10日(金)必着】※往復はがき・WEBフォーム以外の申込不可。 ※配付場所・日時等が変更となる場合は、返信用はがきまたはメールでお知らせします。",https://www.city.hamamatsu.shizuoka.jp/ippai/gomi/genryou/26muryouhaihu.html,"配付場所の記載については、A中央区役所、B西行政センター、C南行政センター、D東行政センター、E 旧細江し尿処理センター、F 浜北清掃センター、G天竜区役所、H春野支所、I 佐久間支所、J 龍山支所、K 水窪支所との記載を希望",かんきょう,天竜区,2026-04-17,,,004487_00
221309,20260407453,静岡県,浜松市,コンポスト容器・密封発酵容器の無料配付,,,2026-11-10,2026-11-13,8:30,17:15,,"【内容】生ごみを堆肥にするコンポスト容器(縦60cm×横70cm程度)または密封発酵容器(縦45cm×横35cm程度)の無料配付 ※どちらか1種類、2個セット ※密封発酵容器は、ぼかし(発酵促進剤)の購入や発酵液の取り出し等の手入れが必要です。
【条件】市内に住所を有し、容器及びできた堆肥を使うことができ、配付日に容器を会場で受け取ることができる人で、令和3年度以降に堆肥化容器の無料配付を受けていない世帯。",,,一般廃棄物対策課,(053)453-6192,,,龍山支所,浜松市天竜区龍山町大嶺570-1,,34.969654,137.825932,,,抽選　市全体でコンポスト容器は700世帯程度、密封発酵容器は325世帯程度(応募者多数の場合抽選)※1世帯につき1申し込みまでの応募です。※抽選結果は10月中旬にお知らせします。,2026-07-10,,"申込必要
【締切】必着
【方法】郵送(432-8023　中央区鴨江三丁目1-10　一般廃棄物対策課)／ホームページ
WEBフォームによる申込または往復はがきの往信用面に、(1)希望容器(「コンポスト容器」または「密封発酵容器」)、(2)住所、(3)氏名、(4)電話番号、(5)受取希望場所(【A】～【K】から1つ選択)を、返信用の宛名面に氏名・住所を書いて、一般廃棄物対策課(〒432-8023 中央区鴨江三丁目1-10)へ。【7月10日(金)必着】※往復はがき・WEBフォーム以外の申込不可。 ※配付場所・日時等が変更となる場合は、返信用はがきまたはメールでお知らせします。",https://www.city.hamamatsu.shizuoka.jp/ippai/gomi/genryou/26muryouhaihu.html,"配付場所の記載については、A中央区役所、B西行政センター、C南行政センター、D東行政センター、E 旧細江し尿処理センター、F 浜北清掃センター、G天竜区役所、H春野支所、I 佐久間支所、J 龍山支所、K 水窪支所との記載を希望",かんきょう,天竜区,2026-04-17,,,004489_00
221309,20260407464,静岡県,浜松市,サポステはままつの見学、利用体験会(無料),サポステハママツノケンガク、リヨウタイケンカイ,,2026-10-21,,10:00,15:30,"第1部10:00～12:00
第2部13:30～15:30","【内容】サポステは、働くことに不安や悩みを持つ無業の人に対して、個別相談を中心に本人に合った働き方を一緒に考えていきます。実際にサポステのプログラムを見学・体験してみませんか。申し込みは、お電話または予約フォームから。
【対象】15～49歳までの無業の人(学生を除く)とその家族、支援機関の方",,,地域若者サポートステーションはままつ,(053)-453-8743,,,浜松市若者コミュニティプラザ,浜松市中央区中央1丁目13-3,(浜松市市民協働センターと同建物),34.709677,137.734684,,,各部10名,2026-10-20,,"申込必要
【申込開始】2026年09月15日(火曜日)",https://saposute-hamamatsu.jp/,,おしらせ,中央区,2026-04-17,2026-08-06,,
221309,20260407465,静岡県,浜松市,サポステはままつの見学、利用体験会(無料),サポステハママツノケンガク、リヨウタイケンカイ,,2027-01-20,,10:00,15:30,"第1部10:00～12:00
第2部13:30～15:30","【内容】サポステは、働くことに不安や悩みを持つ無業の人に対して、個別相談を中心に本人に合った働き方を一緒に考えていきます。実際にサポステのプログラムを見学・体験してみませんか。申し込みは、お電話または予約フォームから。
【対象】15～49歳までの無業の人(学生を除く)とその家族、支援機関の方",,,地域若者サポートステーションはままつ,(053)-453-8743,,,浜松市若者コミュニティプラザ,浜松市中央区中央1丁目13-3,(浜松市市民協働センターと同建物),34.709677,137.734684,,,各部10名,2027-01-19,,"申込必要
【申込開始】2026年12月15日(火曜日)",https://saposute-hamamatsu.jp/,,おしらせ,中央区,2026-04-17,,,
221309,20260407473,静岡県,浜松市,水遊びひろば　ミニプール＆スライダー,ミズアソビヒロバ　ミニプール＆スライダー,,2026-07-18,2026-09-13,10:00,16:00,雨天中止,【内容】正面広場にミニプール＆スライダーが登場！お子さん用スライダー、水深の浅いプールから大型スライダーまで楽しめます。,,"大型スライダーのみ1日700円
入園料が必要",フルーツパーク時之栖,(053)428-5211,,,浜松市フルーツパーク時之栖,浜松市浜名区都田町4263-1,,34.840260,137.732989,,,,,,,https://hamamatsu-fp.co.jp,,イベント,浜名区,2026-04-17,2026-07-09,○,000117_00
221309,20260407474,静岡県,浜松市,都田川の水遊び,ミヤコダガワノミスアゾビ,,2026-07-18,2026-09-13,10:00,15:00,"7/18～9/13の土日祝日限定開催
雨天中止、都田川増水時中止",【内容】フルーツパーク園内から隣接する都田川で水遊びが楽しめます。自然いっぱいの都田川で水辺の生き物を観察したり、泳いだり、のんびりお過ごしください。,,入園料が必要,フルーツパーク時之栖,(053)428-5211,,,浜松市フルーツパーク時之栖,浜松市浜名区都田町4263-1,,34.840260,137.732989,,,,,,,https://hamamatsu-fp.co.jp,,イベント,浜名区,2026-04-17,2026-07-09,○,000117_00
221309,20260407485,静岡県,浜松市,アクト通りふれあいデイ,,,2026-09-20,,9:00,12:00,小雨決行。商品によっては、なくなり次第終了します。,【内容】地域農産物や特産品のPR販売など。,,,まちなか政策課,(053)457-2095,,,アクト通り,浜松市中央区板屋町,,34.709882,137.73638,,,,,,申込不要,https://www.city.hamamatsu.shizuoka.jp/machinaka/shinko/commerce/toshin/hureaiday.html,,イベント,中央区,2026-04-17,,○,
221309,20260407486,静岡県,浜松市,アクト通りふれあいデイ,,,2026-10-18,,9:00,12:00,小雨決行。商品によっては、なくなり次第終了します。,【内容】地域農産物や特産品のPR販売など。,,,まちなか政策課,(053)457-2095,,,アクト通り,浜松市中央区板屋町,,34.709882,137.73638,,,,,,申込不要,https://www.city.hamamatsu.shizuoka.jp/machinaka/shinko/commerce/toshin/hureaiday.html,,イベント,中央区,2026-04-17,,○,
221309,20260407487,静岡県,浜松市,アクト通りふれあいデイ,,,2026-11-15,,9:00,12:00,小雨決行。商品によっては、なくなり次第終了します。,【内容】地域農産物や特産品のPR販売など。,,,まちなか政策課,(053)457-2095,,,アクト通り,浜松市中央区板屋町,,34.709882,137.73638,,,,,,申込不要,https://www.city.hamamatsu.shizuoka.jp/machinaka/shinko/commerce/toshin/hureaiday.html,,イベント,中央区,2026-04-17,,○,
221309,20260407488,静岡県,浜松市,アクト通りふれあいデイ,,,2026-12-20,,9:00,12:00,小雨決行。商品によっては、なくなり次第終了します。,【内容】地域農産物や特産品のPR販売など。,,,まちなか政策課,(053)457-2095,,,アクト通り,浜松市中央区板屋町,,34.709882,137.73638,,,,,,申込不要,https://www.city.hamamatsu.shizuoka.jp/machinaka/shinko/commerce/toshin/hureaiday.html,,イベント,中央区,2026-04-17,,○,
221309,20260407489,静岡県,浜松市,アクト通りふれあいデイ,,,2027-01-17,,9:00,12:00,小雨決行。商品によっては、なくなり次第終了します。,【内容】地域農産物や特産品のPR販売など。,,,まちなか政策課,(053)457-2095,,,アクト通り,浜松市中央区板屋町,,34.709882,137.73638,,,,,,申込不要,https://www.city.hamamatsu.shizuoka.jp/machinaka/shinko/commerce/toshin/hureaiday.html,,イベント,中央区,2026-04-17,,○,
221309,20260407490,静岡県,浜松市,アクト通りふれあいデイ,,,2027-02-21,,9:00,12:00,小雨決行。商品によっては、なくなり次第終了します。,【内容】地域農産物や特産品のPR販売など。,,,まちなか政策課,(053)457-2095,,,アクト通り,浜松市中央区板屋町,,34.709882,137.73638,,,,,,申込不要,https://www.city.hamamatsu.shizuoka.jp/machinaka/shinko/commerce/toshin/hureaiday.html,,イベント,中央区,2026-04-17,,○,
221309,20260407491,静岡県,浜松市,アクト通りふれあいデイ,,,2027-03-21,,9:00,12:00,小雨決行。商品によっては、なくなり次第終了します。,【内容】地域農産物や特産品のPR販売など。,,,まちなか政策課,(053)457-2095,,,アクト通り,浜松市中央区板屋町,,34.709882,137.73638,,,,,,申込不要,https://www.city.hamamatsu.shizuoka.jp/machinaka/shinko/commerce/toshin/hureaiday.html,,イベント,中央区,2026-04-17,,○,
221309,20260407492,静岡県,浜松市,アクト通りふれあいデイ,,,2027-04-18,,9:00,12:00,小雨決行。商品によっては、なくなり次第終了します。,【内容】地域農産物や特産品のPR販売など。,,,まちなか政策課,(053)457-2095,,,アクト通り,浜松市中央区板屋町,,34.709882,137.73638,,,,,,申込不要,https://www.city.hamamatsu.shizuoka.jp/machinaka/shinko/commerce/toshin/hureaiday.html,,イベント,中央区,2026-04-17,,○,
221309,20260407493,静岡県,浜松市,アクト通りふれあいデイ,,,2027-05-16,,9:00,12:00,小雨決行。商品によっては、なくなり次第終了します。,【内容】地域農産物や特産品のPR販売など。,,,まちなか政策課,(053)457-2095,,,アクト通り,浜松市中央区板屋町,,34.709882,137.73638,,,,,,申込不要,https://www.city.hamamatsu.shizuoka.jp/machinaka/shinko/commerce/toshin/hureaiday.html,,イベント,中央区,2026-04-17,,○,
221309,20260407494,静岡県,浜松市,アクト通りふれあいデイ,,,2027-06-20,,9:00,12:00,小雨決行。商品によっては、なくなり次第終了します。,【内容】地域農産物や特産品のPR販売など。,,,まちなか政策課,(053)457-2095,,,アクト通り,浜松市中央区板屋町,,34.709882,137.73638,,,,,,申込不要,https://www.city.hamamatsu.shizuoka.jp/machinaka/shinko/commerce/toshin/hureaiday.html,,イベント,中央区,2026-04-17,,○,
221309,20260407523,静岡県,浜松市,令和9年度奨学金の申請,レイワキュウネンドショウガクキンノシンセイ,,2026-07-01,2026-09-30,,,,"【内容】経済的理由により修学困難な学生に学資を無利子貸与しています。来年度の奨学金の貸与を希望する人は、事前に市ホームページなどで募集要項を確認し、申請書類を準備してください。
【対象】(1)市内に住所を有する人の子で、2027(令和9)年度に大学・専門学校などに入学または在籍する人(貸与月額上限:4万5千円)　(2)市内に住所を有する人の子で、2027(令和9)年度に高等学校へ入学または在籍し、自宅外から通学する人(貸与月額上限:3万円)
【その他】※募集要項は、市ホームページのほかに教育支援課、区役所・行政センター・協働センター、市内図書館、県西部高校・大学で入手できます。",,,教育支援課,(053)457-2406,4055,,,,,,,,,,,,,,,おしらせ,,2026-04-17,,,
221309,20260407536,静岡県,浜松市,行政相談委員による行政相談,,,2026-09-17,,9:00,12:00,,,,,中央区区民生活課,(053)457-2121,,,中央区役所,浜松市中央区元城町103-2,,34.711085,137.726132,,,,,,"申込不要
当日、直接会場へ",https://www.soumu.go.jp/main_sosiki/hyouka/soudan_n/index.html,,そうだん,中央区,2026-04-17,,,002666_01
221309,20260407537,静岡県,浜松市,行政相談委員による行政相談,,,2026-10-15,,9:00,12:00,,,,,中央区区民生活課,(053)457-2121,,,中央区役所,浜松市中央区元城町103-2,,34.711085,137.726132,,,,,,"申込不要
当日、直接会場へ",https://www.soumu.go.jp/main_sosiki/hyouka/soudan_n/index.html,,そうだん,中央区,2026-04-17,,,002666_01
221309,20260407538,静岡県,浜松市,行政相談委員による行政相談,,,2026-11-19,,9:00,12:00,,,,,中央区区民生活課,(053)457-2121,,,中央区役所,浜松市中央区元城町103-2,,34.711085,137.726132,,,,,,"申込不要
当日、直接会場へ",https://www.soumu.go.jp/main_sosiki/hyouka/soudan_n/index.html,,そうだん,中央区,2026-04-17,,,002666_01
221309,20260407539,静岡県,浜松市,行政相談委員による行政相談,,,2026-12-17,,9:00,12:00,,,,,中央区区民生活課,(053)457-2121,,,中央区役所,浜松市中央区元城町103-2,,34.711085,137.726132,,,,,,"申込不要
当日、直接会場へ",https://www.soumu.go.jp/main_sosiki/hyouka/soudan_n/index.html,,そうだん,中央区,2026-04-17,,,002666_01
221309,20260407540,静岡県,浜松市,行政相談委員による行政相談,,,2027-01-21,,9:00,12:00,,,,,中央区区民生活課,(053)457-2121,,,中央区役所,浜松市中央区元城町103-2,,34.711085,137.726132,,,,,,"申込不要
当日、直接会場へ",https://www.soumu.go.jp/main_sosiki/hyouka/soudan_n/index.html,,そうだん,中央区,2026-04-17,,,002666_01
221309,20260407541,静岡県,浜松市,行政相談委員による行政相談,,,2027-02-18,,9:00,12:00,,,,,中央区区民生活課,(053)457-2121,,,中央区役所,浜松市中央区元城町103-2,,34.711085,137.726132,,,,,,"申込不要
当日、直接会場へ",https://www.soumu.go.jp/main_sosiki/hyouka/soudan_n/index.html,,そうだん,中央区,2026-04-17,,,002666_01
221309,20260407542,静岡県,浜松市,行政相談委員による行政相談,,,2027-03-18,,9:00,12:00,,,,,中央区区民生活課,(053)457-2121,,,中央区役所,浜松市中央区元城町103-2,,34.711085,137.726132,,,,,,"申込不要
当日、直接会場へ",https://www.soumu.go.jp/main_sosiki/hyouka/soudan_n/index.html,,そうだん,中央区,2026-04-17,,,002666_01
221309,20260407543,静岡県,浜松市,行政相談委員による行政相談,,,2027-04-15,,9:00,12:00,,,,,中央区区民生活課,(053)457-2121,,,中央区役所,浜松市中央区元城町103-2,,34.711085,137.726132,,,,,,"申込不要
当日、直接会場へ",https://www.soumu.go.jp/main_sosiki/hyouka/soudan_n/index.html,,そうだん,中央区,2026-04-17,,,002666_01
221309,20260407544,静岡県,浜松市,行政相談委員による行政相談,,,2027-05-20,,9:00,12:00,,,,,中央区区民生活課,(053)457-2121,,,中央区役所,浜松市中央区元城町103-2,,34.711085,137.726132,,,,,,"申込不要
当日、直接会場へ",https://www.soumu.go.jp/main_sosiki/hyouka/soudan_n/index.html,,そうだん,中央区,2026-04-17,,,002666_01
221309,20260407570,静岡県,浜松市,収蔵展「浜松市民文芸」70年の歴史,シュウゾウテン　シミンブンゲイ70ネンノレキシ,,2026-07-01,2026-10-12,9:00,17:00,,"【内容】昭和31年創刊の市民文芸誌「浜松市民文芸」の70年の歴史を振り返ります。
【対象】どなたでも",,,浜松文芸館,(053)453-3933,,浜松文芸館,クリエート浜松,浜松市中央区早馬町2-1,5階　展示室,34.710326,137.733836,,,,,,申込不要,https://www.hcf.or.jp/facilities/bungei.php,,講座・教室,中央区,2026-04-17,2026-05-20,,004149_00
221309,20260407571,静岡県,浜松市,"北部水泳場2026年度第2期(9月～12月) プールプログラム参加者募集","ホクブスイエイジョウ2026ネンドダイ2キ(9ガツ～12ガツ)
プールプログラムサンカシャボシュウ",,2026-09-07,2026-12-21,,,,"【内容】幼児スイム・ジュニアスイム
【対象】幼児スイム:年少～年長
ジュニアスイム:小学生～中学生",,"幼児・ジュニアスイム
11,700円～12,600円",浜松市北部水泳場,(053)438-0222,,,浜松市北部水泳場,浜松市中央区高丘西四丁目7-1,,34.761340,137.692852,,,抽選　申し込み期間終了後も空きがあれば先着順,2026-06-19,,"申込必要
【申込開始】2026年06月05日(金曜日)　
【方法】ホームページ
WEB申込み
ホームページ又はQRコードから2026年度第2期プールプログラムお申込みフォームよりお申込み
以下のURLより申込み
https://hamamatsu-hokubu-pool.hacomono.jp/home",http://hokubu.public-swimming-pool.com,"詳細はHPをご覧ください。
※いつも通り検索のイラストをお願いいたします。",講座・教室,中央区,2026-04-17,,,002649_00
221309,20260407572,静岡県,浜松市,"北部水泳場2026年度第2期(9月～12月) プールプログラム参加者募集","ホクブスイエイジョウ2026ネンドダイ2キ(9ガツ～12ガツ)
プールプログラムサンカシャボシュウ",,2026-09-07,2026-12-21,,,,"【内容】【新規】成人プログラム、親子スイム
【対象】成人プログラム:高校生以上
親子スイム:幼稚園入園前の未就学児と親",,"成人プログラム
11,700円～14,000円
親子スイム
11,700円",浜松市北部水泳場,(053)438-0222,,,浜松市北部水泳場,浜松市中央区高丘西四丁目7-1,,34.761340,137.692852,,,先着順　継続者申込み期間終了後の新規申込み,,,"申込必要
【申込開始】2026年06月29日(月曜日)　
【方法】窓口
直接受講料を持参して
北部水泳場へ。
教室の申し込み状況はお電話又は北部水泳場受付にてご確認ください。",http://hokubu.public-swimming-pool.com,"詳細はHPをご覧ください。
※いつも通り検索のイラストをお願いいたします。",講座・教室,中央区,2026-04-17,,,002649_00
221309,20260511010,静岡県,浜松市,在留資格に関する無料相談,ザイリュウシカクニカンスルムリョウソウダン,,2026-09-03,,13:00,16:00,,"【内容】在留資格手続き申請の個別相談
【対象】外国人相談者本人
【その他】ポルトガル語、英語、中国語、フィリピノ語、スペイン語、ベトナム語、インドネシア語などに対応(他の言語は応相談)",,,多文化共生センター,(053)458-2170,,,クリエート浜松,浜松市中央区早馬町2-1,,34.710326,137.733836,,,4人　先着順,2026-08-29,17:00,"申込必要
【締切】締切
【申込開始】2026年07月15日(水曜日)　9時00分
【方法】窓口／電話",https://www.hi-hice.jp/ja/event-calendar/?event-month=202608,,そうだん,中央区,2026-05-21,,,004149_00
221309,20260511012,静岡県,浜松市,国際交流のための語学講座　インドネシア語,コクサイコウリュウノタメノゴガクコウザ　インドネシアゴ,,2026-09-10,,19:00,20:30,,"【内容】入門レベル　対面講座
【条件】最少催行人数6名",16000円,割引制度あり,浜松国際交流協会,(053)458-2185,,,クリエート浜松,浜松市中央区早馬町2-1,,34.710326,137.733836,,,10人　先着順,2026-08-13,17:00,"申込必要
【締切】締切
【申込開始】2026年07月15日(水曜日)　9時00分
【方法】ホームページ",https://www.hi-hice.jp/ja/event-calendar/?event-month=202609,,講座・教室,中央区,2026-05-21,,,004149_00
221309,20260511013,静岡県,浜松市,国際交流のための語学講座　韓国語,コクサイコウリュウノタメノゴガクコウザ　カンコクゴ,,2026-09-10,,19:00,20:30,,"【内容】入門レベル　対面講座
【条件】最少催行人数6名",16000円,割引制度あり,浜松国際交流協会,(053)458-2185,,,クリエート浜松,浜松市中央区早馬町2-1,,34.710326,137.733836,,,10人　先着順,2026-08-13,17:00,"申込必要
【締切】締切
【申込開始】2026年07月15日(水曜日)　9時00分
【方法】ホームページ",https://www.hi-hice.jp/ja/event-calendar/?event-month=202609,,講座・教室,中央区,2026-05-21,,,004149_00
221309,20260511014,静岡県,浜松市,国際交流のための語学講座　ポルトガル語,コクサイコウリュウノタメノゴガクコウザ　ポルトガルゴ,,2026-09-10,,19:00,20:30,,"【内容】入門レベル　オンライン
【条件】最少催行人数6名",16000円,割引制度あり,浜松国際交流協会,(053)458-2185,,,クリエート浜松,浜松市中央区早馬町2-1,,34.710326,137.733836,,,10人　先着順,2026-08-13,17:00,"申込必要
【締切】締切
【申込開始】2026年07月15日(水曜日)　9時00分
【方法】ホームページ",https://www.hi-hice.jp/ja/event-calendar/?event-month=202609,,講座・教室,中央区,2026-05-21,,,004149_00
221309,20260511021,静岡県,浜松市,不動産無料相談会(予約制),フドウサンムリョウソウダンカイ(ヨヤクセイ),,2026-09-15,,14:00,16:30,,,,,全日本不動産協会静岡県本部,(054)285-1208,,全日本不動産協会静岡県本部,浜松市役所,浜松市中央区元城町103-2,北館101・102会議室,34.711085,137.726132,,,20人　先着順,,,"申込必要
【申込開始】2026年08月04日(火曜日)　10時00分
【方法】電話((054)285-1208)",https://shizuoka.zennichi.or.jp/,,そうだん,中央区,2026-05-21,,,002666_00
221309,20260511022,静岡県,浜松市,受講・託児無料！　～当たり前をちょっと見直す　はじめて講座～「アンコンシャス・バイアスに気づく」,アンコンシャス・バイアス二キヅク,,2026-09-12,,10:00,12:30,,【内容】暮らしの中の小さなギモンやモヤモヤ。それはみんなの問題であることも。モヤモヤの正体や身近にあるアンコンシャス・バイアスに気が付くと世界の見え方が変わります！,,,あいホール,(053)412-0351,,浜松市,浜松市男女共同参画・文化芸術活動推進センター（あいホール）,浜松市中央区幸三丁目3-1,,34.741648,137.726455,,,25人　先着順,,,"申込必要
【締切】締切
【申込開始】2026年07月15日(水曜日)　10時00分
【方法】電話／ホームページ
定員になり次第終了、後日希望者に録画配信あり",https://ai-hall.com/events/unconsciousbias_20260912/,,講座・教室,中央区,2026-05-21,,○,004617_00
221309,20260511023,静岡県,浜松市,受講・託児無料！　第13期はままつ女性カレッジ　女性のための一歩踏み出す講座～私らしさが動き出す　ターニングポイント～,ダイジュウサンキハママツジョセイカレッジ,,2026-09-12,,10:00,12:30,,"【内容】家庭や職場で感じる「なんでだろう？」というモヤモヤ。それは個人の問題ではなく、社会の仕組みとつながっていることも。そうした気づきを手がかりに、自分の考えや気持ちを整理し、言葉にする力を育てていく講座です。今まで見えていなかった視点が増えることで、世界の見え方も少しずつ変わっていく。自分をアップデートできるきっかけになる講座です。
【対象】20～40歳代の女性",,,あいホール,(053)412-0351,,浜松市,浜松市男女共同参画・文化芸術活動推進センター（あいホール）,浜松市中央区幸三丁目3-1,,34.741648,137.726455,,,8人　先着順,,,"申込必要
【締切】締切
【申込開始】2026年07月15日(水曜日)　10時00分
【方法】電話／ホームページ
定員になり次第終了",https://ai-hall.com/events/college_2026/,,講座・教室,中央区,2026-05-21,,○,004617_00
221309,20260511024,静岡県,浜松市,第2回浜松市わくわく発見！UDレポートコンテスト,ダイニカイハママツシワクワクハッケン！ユーディーレポートコンテスト,,2026-07-16,2026-11-30,9:00,17:00,,"【内容】自分が見つけたユニバーサルデザインを1枚の紙にまとめたレポートを募集します
【対象】市内在住の小学生以上の方(市内へ通勤・通学する方も含む)",,,UD・男女共同参画課,(053)457-2364,2364,,浜松市役所,浜松市中央区元城町103-2,,34.711085,137.726132,,,,2026-11-30,17:00,,https://www.city.hamamatsu.shizuoka.jp/ud/universal/udphotoreport/udphotoreport.html,,おしらせ,中央区,2026-05-21,,○,002666_00
221309,20260511072,静岡県,浜松市,ジュニアクワイア浜松第32回定期演奏会,,,2026-09-06,,13:30,,,"【内容】合唱公演
【条件】4歳未満入場不可
【出演・演目など】【曲目】
『メリー・ポピンズ』他",,全席自由500円,公益財団法人浜松市文化振興財団,(053)451-1150,,浜松市、浜松市教育委員会,アクトシティ浜松,浜松市中央区板屋町111-1,中ホール,34.705528,137.735724,,,,,,"申込必要
【申込開始】2026年07月15日(水曜日)",https://www.hcf.or.jp/bunka/jojc/,,おんがく,中央区,2026-05-21,,○,000015_00
221309,20260511073,静岡県,浜松市,ジュニアオーケストラ浜松第32回定期演奏会,,,2026-09-13,,13:30,,,"【内容】オーケストラ公演
【条件】4歳未満入場不可
【出演・演目など】【曲目】
チャイコフスキー／交響曲第5番　他",,全席自由500円,公益財団法人浜松市文化振興財団,(053)451-1150,,浜松市、浜松市教育委員会,アクトシティ浜松,浜松市中央区板屋町111-1,中ホール,34.705528,137.735724,,,,,,"申込必要
【申込開始】2026年07月15日(水曜日)",https://www.hcf.or.jp/bunka/jojc/,,おんがく,中央区,2026-05-21,,○,000015_00
221309,20260511074,静岡県,浜松市,「浜松市民合唱祭2026」参加募集,"ハママツシミンガッショウサイ サンカシャボシュウ",,2026-10-18,,10:00,,,"【内容】浜松市民合唱祭に出演する合唱団を募集します。
【対象】浜松市内および静岡県西部地区の合唱団(小学校・中学校・高等学校・大学・職場・一般・児童・婦人・PTA・協働センターに所属する団体)",,,玉川昌幸,(090)1474-5871,,(公財)浜松市文化振興財団,アクトシティ浜松,浜松市中央区板屋町111-1,中ホール,34.705528,137.735724,,,,2026-08-14,,"申込必要
【締切】締切
【申込開始】2026年07月01日(水曜日)　
【方法】FAX((053)451-1123)／郵送(430-7790　浜松市中央区板屋町111-1　(公財)浜松市文化振興財団　文化事業課内　市民合唱祭 係)／E-mail(culture@hcf.or.jp)
浜松市文化振興財団HP上及び協働センターで配布している開催要項を参照のうえ、E-mail(culture@hcf.or.jp)または郵送で下記へ。(電話、FAXでの申込みは不可)〒430-7790浜松市中央区板屋町111-1(公財)浜松市文化振興財団文化事業課　市民合唱祭2024係へ",https://www.hcf.or.jp/,,おんがく,中央区,2026-05-21,,×,000015_00
221309,20260511075,静岡県,浜松市,第19回吹奏楽トップコンサート,スイソウガクトップコンサート,,2026-09-20,,13:00,17:00,,【条件】未就学児不可,,"【全席自由・税込】
一般1,500円
高校生以下500円","公益財団法人 浜松市文化振興財団",(053)451-1151,,(公財)浜松市文化振興財団,アクトシティ浜松,浜松市中央区板屋町111-1,大ホール,34.705528,137.735724,,,,,,"申込必要
【申込開始】2026年08月09日(日曜日)　10時00分
【方法】窓口／ホームページ",https://www.hcf.or.jp/,,おんがく,中央区,2026-05-21,,×,000015_00
221309,20260511076,静岡県,浜松市,"アクト・プレミアム・シリーズ2026 レ・ヴァン・フランセ","アクト・プレミアム・シリーズ2026
レ・ヴァン・フランセ",,2026-11-25,,18:45,20:45,,"【内容】スーパースターたちのドリーム・チーム！フランスのエスプリが薫る世界最高峰の木管アンサンブル、アクトシティ浜松に初登場！
【条件】未就学児入場不可
【出演・演目など】【出演】
レ・ヴァン・フランセ［エマニュエル・パユ(フルート)／フランソワ・ルルー(オーボエ)／ポール・メイエ(クラリネット)／ラドヴァン・ヴラトコヴィチ(ホルン)／ジルベール・オダン(バソン)／エリック・ル・サージュ(ピアノ)］

【曲目】
ライネッケ:三重奏曲 変ロ長調 Op.274(クラリネット、ホルン、ピアノのための)
マルティヌー:六重奏曲 H.174(ピアノと管楽器のための)
マニャール:五重奏曲 Op.8(ピアノと管楽器のための)
プーランク:六重奏曲 FP100(ピアノと管楽器のための)",,"【全席指定・税込】S席8,500円　A席7,500円　B席6,000円　学生B席1,500円(24歳以下)","公益財団法人 浜松市文化振興財団",(053)451-1114,,"公益財団法人 浜松市文化振興財団",アクトシティ浜松,浜松市中央区板屋町111-1,中ホール,34.705528,137.735724,,,,,,"申込必要
【申込開始】2026年07月19日(日曜日)　10時00分
【方法】窓口／ホームページ",https://www.hcf.or.jp/,,おんがく,中央区,2026-05-21,,×,000015_00
221309,20260511077,静岡県,浜松市,特別展「ジャワとバリー多様な楽器がつむぐインドネシアの心-」,トクベツテン「ジャワトバリータヨウナガッキガツムグインドネシアノココロー」,,2026-07-11,2026-12-08,9:30,17:00,,"【内容】インドネシアの楽器の特別展
【対象】来館者",,入館料のみでご覧いただけます。,浜松市楽器博物館,(053)451-1128,,浜松市楽器博物館,浜松市楽器博物館,浜松市中央区中央三丁目9-1,,34.706816,137.738256,,なし,,,,申込不要,https://www.gakkihaku.jp/,,おんがく,中央区,2026-05-21,,○,000017_00
221309,20260511080,静岡県,浜松市,AIプログラミングのワークショップ,エーアイプログラミングノワークショップ,,2026-09-26,,10:00,15:00,※途中休憩あり,"【内容】普段の領域が異なるアーティストやデザイナー、技術者が出会うことで、新しい表現や新技術が始まることを期待し開催するワークショップ。アーティストや技術者と参加者を横断的につなぎ、交流を図る。
【対象】どなたでも",1000円,,浜松市鴨江アートセンター,(053)-458-5360,,浜松市鴨江アートセンター(指定管理者:一般社団法人浜松創造都市協議会・東海ビル管理グループ),浜松市鴨江アートセンター,浜松市中央区鴨江町1番地,,34.704995,137.724658,,,15人　先着順,2026-09-25,21:30,"申込必要
【締切】締切
【申込開始】2026年07月20日(月曜日)　9時00分
【方法】窓口／電話((053)-458-5360)／E-mail(event@kamoeartcenter.org)",https://kamoeartcenter.org/,,イベント,中央区,2026-05-21,,○,004601_00
221309,20260511081,静岡県,浜松市,朝市「かもえのあさいち」と食文化のワークショップ,アサイチ「カモエノアサイチ」トショクブンカのワークショップ,,2026-09-19,,9:00,13:00,ワークショップは10:00～12:00,"【内容】奇数月の第3土曜日に鴨江アートセンターの1階ロビーで開催している朝市「かもえのあさいち」。野菜やくだもの、お茶やコーヒー、焼菓子など、浜松市内・近郊から生産者・出店者を迎えて開催しています。
【対象】どなたでも",700円,※ワークショップのみ,浜松市鴨江アートセンター,(053)-458-5360,,浜松市鴨江アートセンター(指定管理者:一般社団法人浜松創造都市協議会・東海ビル管理グループ),浜松市鴨江アートセンター,浜松市中央区鴨江町1番地,,34.704995,137.724658,,,20人　先着順,2026-09-18,21:30,"申込必要
【締切】締切
【申込開始】2026年07月20日(月曜日)　9時00分
【方法】窓口／電話((053)-458-5360)／E-mail(event@kamoeartcenter.org)
※ワークショップのみ要申し込み",https://kamoeartcenter.org/,,イベント,中央区,2026-05-21,,○,004601_00
221309,20260511084,静岡県,浜松市,木下惠介記念館新規収蔵品展,キノシタケイスケキネンカンシンキシュウゾウヒンテン,,2026-07-19,2027-03-21,9:00,17:00,,【対象】どなたでも,100円,70歳以上、障害手帳をお持ちの方、高校生以下は無料,木下惠介記念館（浜松市旧浜松銀行協会）,(053)-457-3450,,木下惠介記念館(旧浜松銀行協会),浜松市旧浜松銀行協会（木下恵介記念館）,浜松市中央区栄町3-1,,34.704653,137.724776,,,,,,"申込不要
当日、直接会場へ",https://keisukemuseum.org/,,イベント,中央区,2026-05-21,,×,004327_00
221309,20260511085,静岡県,浜松市,月見茶会,ツキミチャカイ,,2026-09-25,,17:00,19:00,,,800円,茶席一席,茶室「松韻亭」,(053)473-4310,,浜松市茶室松韻亭,浜松市茶室（松韻亭）,浜松市中央区鹿谷町11-4,,34.715141,137.723579,,,50人　先着順,,,"申込必要
【申込開始】2026年07月15日(水曜日)　9時00分
【方法】窓口／電話((053)473-4310)／FAX((053)473-4310)／郵送(432-8014　浜松市中央区鹿谷町11-4　浜松市茶室松韻亭)／ホームページ／E-mail(info@shouintei.jp)",http://www.shouintei.jp/,,イベント,中央区,2026-05-21,,×,001852_00
221309,20260511087,静岡県,浜松市,第158回　2026年　浜松ヒューマンセミナー(後期)　「包む」を楽しむ料理教室,,,2026-09-08,,,,"9月8日(火曜日)～12月15日(火曜日)　全8回
9:30～12:00","【内容】「包む」をテーマに点心や和菓子などの作り方を学びます。
【詳細】
 第1回　9月 8日　みそまん、薄皮饅頭
 第2回　9月29日　肉まん
 第3回　10月13日　春巻き
 第4回　10月27日　大福
 第5回　11月10日　しゅうまい
 第6回　11月24日　春餅
 第7回　12月 1日　水餃子
 第8回　12月15日　ライスペーパー料理

持ち物:エプロン、ふきん、三角巾、マスク、持ち帰り用容器、保冷剤、筆記用具、水分補給用の飲み物
【対象】15歳以上の市内在住・在勤社会人
【講師】加藤 奈保子(点心と和菓子教室　奈の菓　主宰)",,"9,100円(基本受講料500円+材料代8,600円)",東部協働センター,(053)462-1092,,,東部協働センター,浜松市中央区相生町23-1,,34.706816,137.748813,,,16人　抽選,,,"申込必要
申込受付期間　7月15日(水曜日)～8月3日(月曜日)
※複数講座の申し込みも可(応募多数は抽選)。

★開催施設窓口または電話での申込
【受付時間】午前8時30分～午後5時15分
【受付できない日】7月19日(日曜日)，7月20日(月曜日・祝),7月26日(日曜日),8月2日(日曜日)
★ホームページからのオンライン申込み(申込期間最終日の午後5時15分まで受付)
　本ページ下の関連リンク内の申込フォームより登録してください。",https://logoform.jp/form/Savd/1607526,"当選確認期間　8月12日(水曜日)～8月20日(木曜日)

★開催施設窓口または電話で申込みをした方の確認方法
　申込みされた開催施設に直接お問い合わせください。
【確認時間】午前8時30分～午後5時15分
【確認できない日】8月16日(日曜日)

★ホームページからのオンライン申込みの方の確認方法
　申込みされた開催施設から当落のメールが届きます。
　8月12日(水曜日)中にメールが届かない場合は、お手数ですが申込みをされた開催施設にお問合せください。

★辞退
　当選後に受講を辞退される場合は、8月20日(木曜日)までに、開催施設へ必ずご連絡ください。

★受講費用は開催施設窓口へお支払いください。
　※窓口への支払日は講座により異なります。当選確認の際に確認してください。
　※支払い後の基本受講料および実費は原則返金できません。

★その他:新型コロナウイルス感染拡大等の影響により、講座を中止する場合がございます。",講座・教室,中央区,2026-05-21,,,004490_00
221309,20260511088,静岡県,浜松市,第158回　2026年　浜松ヒューマンセミナー(後期)　日曜日のピアノ教室,,,2026-09-13,,,,"9月13日(日曜日)～12月6日(日曜日)　全10回
9:00～11:00","【内容】個人のレベルに合わせたピアノレッスン
【詳細】
 第1回　9月13日　開講式、ピアノレッスン
 第2回　9月20日　ピアノレッスン
 第3回　9月27日　ピアノレッスン
 第4回 10月 4日　ピアノレッスン
 第5回 10月25日　ピアノレッスン
 第6回 11月 1日　ピアノレッスン
 第7回 11月 8日　ピアノレッスン
 第8回 11月15日　ピアノレッスン
 第9回 11月29日　ピアノレッスン
 第10回 12月 6日　ピアノサロンコンサート、閉講式

持ち物:筆記用具、練習を希望する楽譜
【対象】15歳以上の市内在住・在勤社会人
【講師】田中　惠子(浜松学芸高校講師　日本ピアノ教育連盟)",,500円(基本受講料),西部協働センター,(053)452-0734,,,西部協働センター,浜松市中央区広沢一丁目21-1,,34.715644,137.716670,,,10人　抽選,,,"申込必要
申込受付期間　7月15日(水曜日)～8月3日(月曜日)
※複数講座の申し込みも可(応募多数は抽選)。

★開催施設窓口または電話での申込
【受付時間】午前8時30分～午後5時15分
【受付できない日】7月19日(日曜日)，7月20日(月曜日・祝),7月26日(日曜日),8月2日(日曜日)
★ホームページからのオンライン申込み(申込期間最終日の午後5時15分まで受付)
　本ページ下の関連リンク内の申込フォームより登録してください。",https://logoform.jp/form/Savd/1531703,"当選確認期間　8月12日(水曜日)～8月20日(木曜日)

★開催施設窓口または電話で申込みをした方の確認方法
　申込みされた開催施設に直接お問い合わせください。
【確認時間】午前8時30分～午後5時15分
【確認できない日】8月16日(日曜日)

★ホームページからのオンライン申込みの方の確認方法
　申込みされた開催施設から当落のメールが届きます。
　8月12日(水曜日)中にメールが届かない場合は、お手数ですが申込みをされた開催施設にお問合せください。

★辞退
　当選後に受講を辞退される場合は、8月20日(木曜日)までに、開催施設へ必ずご連絡ください。

★受講費用は開催施設窓口へお支払いください。
　※窓口への支払日は講座により異なります。当選確認の際に確認してください。
　※支払い後の基本受講料および実費は原則返金できません。

★その他:新型コロナウイルス感染拡大等の影響により、講座を中止する場合がございます。",講座・教室,中央区,2026-05-21,,,004494_00
221309,20260511089,静岡県,浜松市,第158回　2026年　浜松ヒューマンセミナー(後期)動けるカラダを作る筋膜講座～健康のための一歩目をここから始める～,,,2026-09-10,,,,"9月10日(木曜日)～11月19日(木曜日)　全10回 9:30～11:30","【内容】筋膜について学習し、理解を深めるとともに動けるカラダ・疲れにくいカラダ作りを目指します。
【詳細】
 第1回　9月10日 筋膜についての講義、簡単な体力テスト、胸郭に関する筋膜ケア
 第2回　9月17日　胸郭と腰部の筋膜ケア
 第3回　9月24日 股関節の筋膜ケア
 第4回　10月1日 膝関節の筋膜ケア
 第5回　10月8日　足関節の筋膜ケアと靴の選び方
 第6回　10月15日 肩関節の筋膜ケア
 第7回　10月29日　手と肘関節の筋膜ケア
 第8回　11月5日 首の筋膜ケア
 第9回　11月12日 筋膜と歩行についての講義、全身の筋膜ケア
 第10回　11月19日　復習会と簡単な体力テスト

持ち物:ヨガマット、タオル、水分補給用の飲み物、筆記用具
【対象】15歳以上の市内在住・在勤社会人
【講師】上原　卓也(きんまくサロン ONE STEP代表 / 筋膜マニピュレーション認定スペシャリスト)",,"1,500円(基本受講料500円+資料代1,000円)",南部協働センター,(053)455-1501,,,南部協働センター,浜松市中央区海老塚二丁目25-17,,34.696769,137.733525,,,20人　抽選,,,"申込必要
申込受付期間　7月15日(水曜日)～8月3日(月曜日)
※複数講座の申し込みも可(応募多数は抽選)。

★開催施設窓口または電話での申込
【受付時間】午前8時30分～午後5時15分
【受付できない日】7月19日(日曜日)，7月20日(月曜日・祝),7月26日(日曜日),8月2日(日曜日)
★ホームページからのオンライン申込み(申込期間最終日の午後5時15分まで受付)
　本ページ下の関連リンク内の申込フォームより登録してください。",https://logoform.jp/form/Savd/1543047,"当選確認期間　8月12日(水曜日)～8月20日(木曜日)

★開催施設窓口または電話で申込みをした方の確認方法
　申込みされた開催施設に直接お問い合わせください。
【確認時間】午前8時30分～午後5時15分
【確認できない日】8月16日(日曜日)

★ホームページからのオンライン申込みの方の確認方法
　申込みされた開催施設から当落のメールが届きます。
　8月12日(水曜日)中にメールが届かない場合は、お手数ですが申込みをされた開催施設にお問合せください。

★辞退
　当選後に受講を辞退される場合は、8月20日(木曜日)までに、開催施設へ必ずご連絡ください。

★受講費用は開催施設窓口へお支払いください。
　※窓口への支払日は講座により異なります。当選確認の際に確認してください。
　※支払い後の基本受講料および実費は原則返金できません。

★その他:新型コロナウイルス感染拡大等の影響により、講座を中止する場合がございます。",講座・教室,中央区,2026-05-21,,,004498_00
221309,20260511090,静岡県,浜松市,第158回　2026年　浜松ヒューマンセミナー(後期)　歴代浜松城主とその一族,,,2026-10-06,,,,"10月6日(火曜日)～2月16日(火曜日)　全10回
13:30～15:30","【内容】歴代浜松城主とその一族について学びましょう。
【詳細】
 第1回　10月6日　浜松城主　堀尾帯刀吉晴とその一族
 第2回　10月20日　浜松城主　松平左馬允忠頼とその一族(Ⅰ)
 第3回　11月10日　浜松城主　松平左馬允忠頼とその一族(Ⅱ)
 第4回　11月17日　浜松城主　高力摂津守忠房とその一族
 第5回　12月8日　浜松城主　松平和泉守乗寿とその一族(Ⅰ)
 第6回　12月15日　浜松城主　松平和泉守乗寿とその一族(Ⅱ)
 第7回　1月5日　浜松城主　太田備中守資宗とその一族(Ⅰ)
 第8回　1月19日　浜松城主　太田備中守資宗とその一族(Ⅱ)
 第9回　2月2日 浜松城主 青山因幡守宗俊とその一族 (Ⅰ)
 第10回　2月16日　浜松城主 青山因幡守宗俊とその一族(Ⅱ)

持ち物:水分補給用の飲み物、筆記用具
【対象】15歳以上の市内在住・在勤社会人
【講師】中村 和好(浜松葵歴史同好会)",,500円(基本受講料),北部協働センター,(053)436-5931,,,北部協働センター,浜松市中央区葵東一丁目15-1,,34.756907,137.720832,,,40人　抽選,,,"申込必要
申込受付期間　7月15日(水曜日)～8月3日(月曜日)
※複数講座の申し込みも可(応募多数は抽選)。

★開催施設窓口または電話での申込
【受付時間】午前8時30分～午後5時15分
【受付できない日】7月19日(日曜日)，7月20日(月曜日・祝),7月26日(日曜日),8月2日(日曜日)
★ホームページからのオンライン申込み(申込期間最終日の午後5時15分まで受付)
　本ページ下の関連リンク内の申込フォームより登録してください。",https://logoform.jp/form/Savd/1557135,"当選確認期間　8月12日(水曜日)～8月20日(木曜日)

★開催施設窓口または電話で申込みをした方の確認方法
　申込みされた開催施設に直接お問い合わせください。
【確認時間】午前8時30分～午後5時15分
【確認できない日】8月16日(日曜日)

★ホームページからのオンライン申込みの方の確認方法
　申込みされた開催施設から当落のメールが届きます。
　8月12日(水曜日)中にメールが届かない場合は、お手数ですが申込みをされた開催施設にお問合せください。

★辞退
　当選後に受講を辞退される場合は、8月20日(木曜日)までに、開催施設へ必ずご連絡ください。

★受講費用は開催施設窓口へお支払いください。
　※窓口への支払日は講座により異なります。当選確認の際に確認してください。
　※支払い後の基本受講料および実費は原則返金できません。

★その他:新型コロナウイルス感染拡大等の影響により、講座を中止する場合がございます。",講座・教室,中央区,2026-05-21,,,004496_00
221309,20260511091,静岡県,浜松市,"第158回　2026年　浜松ヒューマンセミナー(後期)　「更級日記」 を読む",,,2026-10-26,,,,"10月26日(月曜日)～1月18日(月曜日)　全10回 
13:30～15:30","【内容】更級日記を読みます。初めての方も安心して受講できます。
【詳細】
 第1回　10月 26日　物語に憧れる日々～乳母を見舞って
 第2回　11月2日　竹芝の伝説～すみだ川ともろこしが原
 第3回　11月9日　足柄の遊女～病、そして遠江へ
 第4回　11月16日　三河、尾張へ～継母との別れ
 第5回　11月30日　乳母、侍従の大納言の御むすめの死～紅葉
 第6回　12月7日　夢告のことなど～月夜の語らい
 第7回　12月14日　火の事～姉の乳母
 第8回　12月21日　司召の失意～帰京
 第9回　1月4日　東山再訪～父の任官
第10回　1月18日　出立、別離～清水の夢告

持ち物:筆記用具、テキスト『更級日記　現代語訳付き』菅原孝標女著・原岡文子訳注(角川ソフィア文庫　ISBNコード:9784043734016)
【対象】15歳以上の市内在住・在勤社会人
【講師】松平　和久(元高校・大学教員)",,500円(基本受講料),曳馬協働センター,(053)464-2517,,,曳馬協働センター,浜松市中央区曳馬三丁目13-10,,34.726535,137.743663,,,25人　抽選,,,"申込必要
申込受付期間　7月15日(水曜日)～8月3日(月曜日)
※複数講座の申し込みも可(応募多数は抽選)。

★開催施設窓口または電話での申込
【受付時間】午前8時30分～午後5時15分
【受付できない日】7月19日(日曜日)，7月20日(月曜日・祝),7月26日(日曜日),8月2日(日曜日)
★ホームページからのオンライン申込み(申込期間最終日の午後5時15分まで受付)
　本ページ下の関連リンク内の申込フォームより登録してください。",https://logoform.jp/form/Savd/1424572,"当選確認期間　8月12日(水曜日)～8月20日(木曜日)

★開催施設窓口または電話で申込みをした方の確認方法
　申込みされた開催施設に直接お問い合わせください。
【確認時間】午前8時30分～午後5時15分
【確認できない日】8月16日(日曜日)

★ホームページからのオンライン申込みの方の確認方法
　申込みされた開催施設から当落のメールが届きます。
　8月12日(水曜日)中にメールが届かない場合は、お手数ですが申込みをされた開催施設にお問合せください。

★辞退
　当選後に受講を辞退される場合は、8月20日(木曜日)までに、開催施設へ必ずご連絡ください。

★受講費用は開催施設窓口へお支払いください。
　※窓口への支払日は講座により異なります。当選確認の際に確認してください。
　※支払い後の基本受講料および実費は原則返金できません。

★その他:新型コロナウイルス感染拡大等の影響により、講座を中止する場合がございます。",講座・教室,中央区,2026-05-21,,,004499_00
221309,20260511092,静岡県,浜松市,第158回　2026年　浜松ヒューマンセミナー(後期)　大人のケンハモ！(鍵盤ハーモニカ),,,2026-09-03,,,,"9月3日(木曜日)～11月5日(木曜日)　全10回
13:00～15:00","【内容】ケンハモ(鍵盤ハーモニカ)をみんなで楽しく弾きましょう。
【詳細】
 第1回　9月3日　大人のケンハモとは？ 楽器の特徴・腹式呼吸
 第2回　9月10日　音を楽しむ(音の大小、息の強弱)
 第3回　9月17日　音を楽しむ(いい音をみつけよう(1))
 第4回　9月24日　音を楽しむ(いい音をみつけよう(2))
 第5回　10月1日　音を楽しむ(長い音、短い音)
 第6回　10月8日　仲間と楽しむ(パートを決めアンサンブル)
 第7回　10月15日　仲間と楽しむ(アンサンブル、表現の工夫)
 第8回　10月22日　仲間と楽しむ(左手使いに挑戦)
 第9回　10月29日　仲間と楽しむ
 第10回　11月5日　さぁ～最後！ケンハモアンサンブル

持ち物:鍵盤ハーモニカ(子ども用でもOK)、筆記用具、タオル、水分補給用の飲み物
その他:鍵盤ハーモニカはレンタル可能(有料)です。(詳細は協働センターへお問い合わせください。)
【対象】15歳以上の市内在住・在勤社会人
【講師】藤下 智子((株)アオイ楽器)",,"3,250円(基本受講料500円+教材代2,750円)",富塚協働センター,(053)472-7682,,,富塚協働センター,浜松市中央区富塚町1740-1,,34.724524,137.704203,,,15人　抽選,,,"申込必要
申込受付期間　7月15日(水曜日)～8月3日(月曜日)
※複数講座の申し込みも可(応募多数は抽選)。

★開催施設窓口または電話での申込
【受付時間】午前8時30分～午後5時15分
【受付できない日】7月19日(日曜日)，7月20日(月曜日・祝),7月26日(日曜日),8月2日(日曜日)
★ホームページからのオンライン申込み(申込期間最終日の午後5時15分まで受付)
　本ページ下の関連リンク内の申込フォームより登録してください。",https://logoform.jp/form/Savd/1534974,"当選確認期間　8月12日(水曜日)～8月20日(木曜日)

★開催施設窓口または電話で申込みをした方の確認方法
　申込みされた開催施設に直接お問い合わせください。
【確認時間】午前8時30分～午後5時15分
【確認できない日】8月16日(日曜日)

★ホームページからのオンライン申込みの方の確認方法
　申込みされた開催施設から当落のメールが届きます。
　8月12日(水曜日)中にメールが届かない場合は、お手数ですが申込みをされた開催施設にお問合せください。

★辞退
　当選後に受講を辞退される場合は、8月20日(木曜日)までに、開催施設へ必ずご連絡ください。

★受講費用は開催施設窓口へお支払いください。
　※窓口への支払日は講座により異なります。当選確認の際に確認してください。
　※支払い後の基本受講料および実費は原則返金できません。

★その他:新型コロナウイルス感染拡大等の影響により、講座を中止する場合がございます。",講座・教室,中央区,2026-05-21,,,004492_00
221309,20260511093,静岡県,浜松市,第158回　2026年　浜松ヒューマンセミナー(後期)　心理学講座「感情のトリセツ」～感情がわかると、人生はこんなに楽になる～,,,2026-09-01,,,,"9月1日(火曜日)～11月24日(火曜日)　全10回
13:30～15:30","【内容】心理学の基礎を踏まえ、「感情」への理解や整え方、人間関係、人生後半の生き方を学びます。超高齢化社会で健やかで実りある人生を実現しましょう。
【詳細】
 第1回　9月 1日　心理学と感情の基本
 第2回　9月 8日　感情が生まれるしくみ
 第3回　9月15日　感情と性格・思考の関係
 第4回　9月29日　感情に振り回されないための基本技術
 第5回　10月 6日　不安・怒り・落ち込みのトリセツ
 第6回　10月20日　感情を整える日常習慣
 第7回　10月27日　人間関係と感情の関係
 第8回　11月10日　感情を伝える・受け取る
 第9回　11月17日　感情から人生を見直す
 第10回 11月24日　私の「感情のトリセツ」

持ち物:筆記用具
【対象】15歳以上の市内在住・在勤社会人
【講師】高柳　直哉(NPO法人 日本交流分析協会インストラクター)",,500円(基本受講料),県居協働センター,(053)456-1415,,,県居協働センター,浜松市中央区東伊場二丁目7-2,,34.698613,137.717270,,,20人　抽選,,,"申込必要
申込受付期間　7月15日(水曜日)～8月3日(月曜日)
※複数講座の申し込みも可(応募多数は抽選)。

★開催施設窓口または電話での申込
【受付時間】午前8時30分～午後5時15分
【受付できない日】7月19日(日曜日)，7月20日(月曜日・祝),7月26日(日曜日),8月2日(日曜日)
★ホームページからのオンライン申込み(申込期間最終日の午後5時15分まで受付)
　本ページ下の関連リンク内の申込フォームより登録してください。",https://logoform.jp/form/Savd/1597360,"当選確認期間　8月12日(水曜日)～8月20日(木曜日)

★開催施設窓口または電話で申込みをした方の確認方法
　申込みされた開催施設に直接お問い合わせください。
【確認時間】午前8時30分～午後5時15分
【確認できない日】8月16日(日曜日)

★ホームページからのオンライン申込みの方の確認方法
　申込みされた開催施設から当落のメールが届きます。
　8月12日(水曜日)中にメールが届かない場合は、お手数ですが申込みをされた開催施設にお問合せください。

★辞退
　当選後に受講を辞退される場合は、8月20日(木曜日)までに、開催施設へ必ずご連絡ください。

★受講費用は開催施設窓口へお支払いください。
　※窓口への支払日は講座により異なります。当選確認の際に確認してください。
　※支払い後の基本受講料および実費は原則返金できません。

★その他:新型コロナウイルス感染拡大等の影響により、講座を中止する場合がございます。",講座・教室,中央区,2026-05-21,,,004497_00
221309,20260511094,静岡県,浜松市,第158回　2026年　浜松ヒューマンセミナー(後期)　楽らくコンディショニング,,,2026-09-16,,,,"9月16日(水曜日)～12月16日(水曜日)　全8回
13:30～15:30","【内容】がんばらない運動で身体の調子を整えましょう。
【詳細】
 第1回　9月16日　コンディショニングとは？冷え・むくみ・コリ・痛みなどの様々な不調を解消しましょう
 第2回　9月30日　リンパコンディショニングで全身すっきりデトックス:疲れにくい、太りにくい身体を手に入れましょう
 第3回　10月7日　鎖骨・肩甲骨まわりのコンディショニング:呼吸が楽になり、首こり・肩こり・猫背を改善
 第4回　10月21日 鎖骨・肩甲骨まわりのコンディショニング:呼吸が楽になり、首こり・肩こり・猫背を改善
 第5回　11月4日　膝・股関節のコンディショニング姿勢改善！
 第6回　11月18日 膝・股関節のコンディショニング姿勢改善！
 第7回　12月2日　足のコンディショニング: 姿勢は足裏から作られます
 第8回　12月16日 まとめ :歩きのコンティショニング

 持ち物:ヨガマット、バスタオル1枚、フェイスタオル1枚、水分補給用の飲み物、運動のできる服装 (ヨガマットがない方は、バスタオルを余分にお持ちください)
【対象】15歳以上の市内在住・在勤社会人
【講師】天野 妙子(MCIマスターコンディショニングインストラクター)",,500円(基本受講料),笠井協働センター,(053)433-3224,,,笠井協働センター,浜松市中央区笠井町861,,34.768532,137.795226,,,25人　抽選,,,"申込必要
申込受付期間　7月15日(水曜日)～8月3日(月曜日)
※複数講座の申し込みも可(応募多数は抽選)。

★開催施設窓口または電話での申込
【受付時間】午前8時30分～午後5時15分
【受付できない日】7月19日(日曜日)，7月20日(月曜日・祝),7月26日(日曜日),8月2日(日曜日)
★ホームページからのオンライン申込み(申込期間最終日の午後5時15分まで受付)
　本ページ下の関連リンク内の申込フォームより登録してください。",https://logoform.jp/form/Savd/1596509,"当選確認期間　8月12日(水曜日)～8月20日(木曜日)

★開催施設窓口または電話で申込みをした方の確認方法
　申込みされた開催施設に直接お問い合わせください。
【確認時間】午前8時30分～午後5時15分
【確認できない日】8月16日(日曜日)

★ホームページからのオンライン申込みの方の確認方法
　申込みされた開催施設から当落のメールが届きます。
　8月12日(水曜日)中にメールが届かない場合は、お手数ですが申込みをされた開催施設にお問合せください。

★辞退
　当選後に受講を辞退される場合は、8月20日(木曜日)までに、開催施設へ必ずご連絡ください。

★受講費用は開催施設窓口へお支払いください。
　※窓口への支払日は講座により異なります。当選確認の際に確認してください。
　※支払い後の基本受講料および実費は原則返金できません。

★その他:新型コロナウイルス感染拡大等の影響により、講座を中止する場合がございます。",講座・教室,中央区,2026-05-21,,,004503_00
221309,20260511095,静岡県,浜松市,第158回　2026年　浜松ヒューマンセミナー(後期)　手作りパン教室,,,2026-09-03,,,,"9月3日(木曜日)～10月15日(木曜日)　全6回
第1・2回目　9:30～12:30
第3～6回目　9:30～13:00","【内容】手作りでパンをつくりましょう。
【詳細】
 第1回　9月 3日　お家で食べる「ホテルブレッド」
 第2回　9月 10日　朝食にピッタリ「ウィンナーパン」
 第3回　9月 17日　ちょっとだけカロリーオフ「揚げないカレーパン」
 第4回　9月24日　昼食にいかが？「ベーコンチーズフランス」
 第5回　10月8日　おやつにオススメ「シナモンロール」
 第6回　10月 15日　ちょっと珍しい？「あんチーズパン」

持ち物:エプロン、ハンドタオル、筆記用具、三角巾
その他:お持ち帰り袋はご用意いたします。講座をスムーズに進めるため遅刻および途中退席、またオーブンを使用するため小さなお子様を連れての参加は、ご遠慮ください。
【対象】15歳以上の市内在住・在勤社会人
【講師】講師:柴原　明子/助手:山本　悦子",,"6,500円(基本受講料500円+材料代6,000円)",長上協働センター,(053)421-3595,,,長上協働センター,浜松市中央区市野町2620-1,,34.746708,137.767760,,,8人　抽選,,,"申込必要
申込受付期間　7月15日(水曜日)～8月3日(月曜日)
※複数講座の申し込みも可(応募多数は抽選)。

★開催施設窓口または電話での申込
【受付時間】午前8時30分～午後5時15分
【受付できない日】7月19日(日曜日)，7月20日(月曜日・祝),7月26日(日曜日),8月2日(日曜日)
★ホームページからのオンライン申込み(申込期間最終日の午後5時15分まで受付)
　本ページ下の関連リンク内の申込フォームより登録してください。",https://logoform.jp/form/Savd/1596334,"当選確認期間　8月12日(水曜日)～8月20日(木曜日)

★開催施設窓口または電話で申込みをした方の確認方法
　申込みされた開催施設に直接お問い合わせください。
【確認時間】午前8時30分～午後5時15分
【確認できない日】8月16日(日曜日)

★ホームページからのオンライン申込みの方の確認方法
　申込みされた開催施設から当落のメールが届きます。
　8月12日(水曜日)中にメールが届かない場合は、お手数ですが申込みをされた開催施設にお問合せください。

★辞退
　当選後に受講を辞退される場合は、8月20日(木曜日)までに、開催施設へ必ずご連絡ください。

★受講費用は開催施設窓口へお支払いください。
　※窓口への支払日は講座により異なります。当選確認の際に確認してください。
　※支払い後の基本受講料および実費は原則返金できません。

★その他:新型コロナウイルス感染拡大等の影響により、講座を中止する場合がございます。",講座・教室,中央区,2026-05-21,,,004502_00
221309,20260511096,静岡県,浜松市,第158回　2026年　浜松ヒューマンセミナー(後期)　世界のパンと美味しい料理,,,2026-10-16,,,,"10月16日(金曜日)～12月18日(金曜日)　全7回
9:30～12:30","【内容】世界各国のパンとパンに合う料理を作りましょう。
【詳細】
 第1回　10月16日　【アメリカ】ベーグル、コブサラダ
 第2回　10月30日　【インド】チャパティ、豆のカレー
 第3回　11月13日　【ブラジル】ポンデケージョ、フェイジョアーダ
 第4回　11月27日　【フランス】ブリオッシュナンテールのフルーツサンド
 第5回　12月 4日　【ドイツ】カイザーゼンメル、アウフシュニットサラダ
 第6回　12月11日　【イギリス】イングリッシュマフィン、シェパーズパイ風
 第7回　12月18日　【イタリア】クリスマス用パネトーネ(ラッピング付き)

持ち物:エプロン、三角巾、ふきん、手拭きタオル、マスク、水分補給用の飲み物、筆記用具、持ち帰り用容器と袋
その他:食材の都合により、メニューが変更になる場合があります。
【対象】15歳以上の市内在住・在勤社会人
【講師】山本 裕子 (パンとお菓子の教室・料理の教室Petit Copain、JHBS準師範)",,"8,500円(基本受講料500円＋材料代8,000円)",庄内協働センター,(053)487-3303,,,庄内協働センター,浜松市中央区庄内町14-5,,34.755664,137.606914,,,10人　抽選,,,"申込必要
申込受付期間　7月15日(水曜日)～8月3日(月曜日)
※複数講座の申し込みも可(応募多数は抽選)。

★開催施設窓口または電話での申込
【受付時間】午前8時30分～午後5時15分
【受付できない日】7月19日(日曜日)，7月20日(月曜日・祝),7月26日(日曜日),8月2日(日曜日)
★ホームページからのオンライン申込み(申込期間最終日の午後5時15分まで受付)
　本ページ下の関連リンク内の申込フォームより登録してください。",https://logoform.jp/form/Savd/1527303,"当選確認期間　8月12日(水曜日)～8月20日(木曜日)

★開催施設窓口または電話で申込みをした方の確認方法
　申込みされた開催施設に直接お問い合わせください。
【確認時間】午前8時30分～午後5時15分
【確認できない日】8月16日(日曜日)

★ホームページからのオンライン申込みの方の確認方法
　申込みされた開催施設から当落のメールが届きます。
　8月12日(水曜日)中にメールが届かない場合は、お手数ですが申込みをされた開催施設にお問合せください。

★辞退
　当選後に受講を辞退される場合は、8月20日(木曜日)までに、開催施設へ必ずご連絡ください。

★受講費用は開催施設窓口へお支払いください。
　※窓口への支払日は講座により異なります。当選確認の際に確認してください。
　※支払い後の基本受講料および実費は原則返金できません。

★その他:新型コロナウイルス感染拡大等の影響により、講座を中止する場合がございます。",講座・教室,中央区,2026-05-21,,,004510_00
221309,20260511097,静岡県,浜松市,第158回　2026年　浜松ヒューマンセミナー(後期)　手作りを楽しむ　パンと料理,,,2026-10-06,,,,"10月6日(火曜日)～12月8日(火曜日)　全7回
10:00～14:00","【内容】手作りパンの幅広く奥深い世界を体験する。
【詳細】
 第1回 10月6日　開講式、ぶどうパン「パープルロマン」、ビーツとオニオンのレモンクリームパスタ、ビーツとバナナのシェイク
 第2回 10月13日　タピオカチーズトライアングル、キャロットラぺとカレーチキン、マスタードスープ
 第3回 10月27日　発酵種で作るフランスパン「パン　オ　ゾリーヴ」、鶏肉のマレンゴ風、茄子のピューレ　東欧風
 第4回 11月17日　大人のナッツ＆フルーツブレッド　赤ワイン仕込み、茸のケーク・サレ、紅茶とオレンジのマリアージュ　シャリマティー
 第5回 11月24日　ブリオッシュのサバラン仕立てとプチ・フール・サレ、マロンクリームのマドレーヌ、心なごむ初冬のフルーツティ―
 第6回 12月1日　昆布とタピオカのふわもちバンズ、塩昆布とツナマヨのスプレッド、鱈とジャガイモのグラタン
 第7回 12月8日　聖ニコラウスの日のグリティベンツ(可愛いヒト型パン)、ボルチーニ茸のリゾット、カルダモン香るミルクティ―、講師手作りのシュトレンと共に
 持ち物:エプロン、頭にかぶるもの、ふきん3枚、ハンドタオル2枚、筆記用具、持ち帰り用の密閉容器・袋
 その他:材料の調達が困難のとき、メニューが変更される場合があります。パン生地作りは、パンこね機を使用します。実習と実演指導の混合形式で行います。
【対象】15歳以上の市内在住・在勤社会人
【講師】講師:森　順子(手作りパン教室　Cinamon　Sugar主催　ジャパンホームベーキングスクール認定師範、女子栄養大学認定食生活指導士一級)
／助手:高部　裕子(Cinamon　Sugar所属)",,"10,000円(基本受講料500円＋材料費9,500円)",入野協働センター,(053)449-2396,,,入野協働センター,浜松市中央区入野町9858,,34.699036,137.677713,,,15人　抽選,,,"申込必要
申込受付期間　7月15日(水曜日)～8月3日(月曜日)
※複数講座の申し込みも可(応募多数は抽選)。

★開催施設窓口または電話での申込
【受付時間】午前8時30分～午後5時15分
【受付できない日】7月19日(日曜日)，7月20日(月曜日・祝),7月26日(日曜日),8月2日(日曜日)
★ホームページからのオンライン申込み(申込期間最終日の午後5時15分まで受付)
　本ページ下の関連リンク内の申込フォームより登録してください。",https://logoform.jp/form/Savd/1598443,"当選確認期間　8月12日(水曜日)～8月20日(木曜日)

★開催施設窓口または電話で申込みをした方の確認方法
　申込みされた開催施設に直接お問い合わせください。
【確認時間】午前8時30分～午後5時15分
【確認できない日】8月16日(日曜日)

★ホームページからのオンライン申込みの方の確認方法
　申込みされた開催施設から当落のメールが届きます。
　8月12日(水曜日)中にメールが届かない場合は、お手数ですが申込みをされた開催施設にお問合せください。

★辞退
　当選後に受講を辞退される場合は、8月20日(木曜日)までに、開催施設へ必ずご連絡ください。

★受講費用は開催施設窓口へお支払いください。
　※窓口への支払日は講座により異なります。当選確認の際に確認してください。
　※支払い後の基本受講料および実費は原則返金できません。

★その他:新型コロナウイルス感染拡大等の影響により、講座を中止する場合がございます。",講座・教室,中央区,2026-05-21,,,004507_00
221309,20260511098,静岡県,浜松市,第158回　2026年　浜松ヒューマンセミナー(後期)　フラワーアレンジ　～植物の力感じてみませんか～,,,2026-10-08,,,,"10月8日(木曜日)～1月28日(木曜日)　全8回
13:00～15:30","【内容】様々な形のフラワーアレンジメントを作りましょう。
【詳細】
第1回　10月8日　開講式、ドライフラワーガラスドーム
第2回　10月22日　季節の生花ハロウィンアレンジ
第3回　11月12日　季節の生花アレンジ
第4回 11月26日　ドライフラワーになる生花で作るクリスマスリース
第5回 12月10日　クリスマス生花アレンジ
第6回 12月24日　お正月飾り
第7回　1月14日　季節の生花アレンジ
第8回　1月28日　季節の生花アレンジ
 
持ち物:花鋏、ワイヤーを切れる鋏、ピンセット、マチの広い持ち帰り袋
その他:仕入れ状況によりプログラムが変更になる場合があります。

【対象】15歳以上の市内在住・在勤社会人
【講師】講師:山本　りえ　(JFA、JPFAディプロマ、エムズ倶楽部選べるフラワーアレンジ講師、フラワーアレンジ教室feliur主催)／助手:深村　清美(フラワーアレンジ教室feliur所属)",,"12,500円(基本受講料500円＋材料費12,000円)",入野協働センター,(053)449-2396,,,入野協働センター,浜松市中央区入野町9858,,34.699036,137.677713,,,8人　抽選,,,"申込必要
申込受付期間　7月15日(水曜日)～8月3日(月曜日)
※複数講座の申し込みも可(応募多数は抽選)。

★開催施設窓口または電話での申込
【受付時間】午前8時30分～午後5時15分
【受付できない日】7月19日(日曜日)，7月20日(月曜日・祝),7月26日(日曜日),8月2日(日曜日)
★ホームページからのオンライン申込み(申込期間最終日の午後5時15分まで受付)
　本ページ下の関連リンク内の申込フォームより登録してください。",https://logoform.jp/form/Savd/1607153,"当選確認期間　8月12日(水曜日)～8月20日(木曜日)

★開催施設窓口または電話で申込みをした方の確認方法
　申込みされた開催施設に直接お問い合わせください。
【確認時間】午前8時30分～午後5時15分
【確認できない日】8月16日(日曜日)

★ホームページからのオンライン申込みの方の確認方法
　申込みされた開催施設から当落のメールが届きます。
　8月12日(水曜日)中にメールが届かない場合は、お手数ですが申込みをされた開催施設にお問合せください。

★辞退
　当選後に受講を辞退される場合は、8月20日(木曜日)までに、開催施設へ必ずご連絡ください。

★受講費用は開催施設窓口へお支払いください。
　※窓口への支払日は講座により異なります。当選確認の際に確認してください。
　※支払い後の基本受講料および実費は原則返金できません。

★その他:新型コロナウイルス感染拡大等の影響により、講座を中止する場合がございます。",講座・教室,中央区,2026-05-21,,,004507_00
221309,20260511099,静岡県,浜松市,第158回　2026年　浜松ヒューマンセミナー(後期)　カリグラフィー講座　季節の物語,,,2026-09-07,,,,"9月7日(月曜日)～12月14日(月曜日)　全10回
13:30～15:30","【内容】～アンシャル体文字のやさしい歴史の香りにつつまれて～
【詳細】
 第1回　9月 7日　カリグラフィー(1)　道具の説明、基本ストロークの練習
 第2回　9月 14日　カリグラフィー(2)　アンシャル体　文字の書き方説明・練習
 第3回　9月 28日　カリグラフィー(3)　アンシャル体　文字の書き方説明・練習　自分の名前を書く
 第4回　10月 5日　merci(メルシー)カード　下地づくり、文字の練習、カード制作
 第5回　10月19日　Halloween(ハロウィン)カード　下地づくり、文字の練習、カード制作
 第6回　10月26日　Christmas(クリスマス)カード(1)　下地づくり、文字の練習
 第7回　11月 2日　Christmas(クリスマス)カード(2)　装飾、カード制作
 第8回　11月30日　New year(お正月)カード(1)　下地づくり、文字練習
 第9回　12月 7日 New year(お正月)カード(2)　装飾、カード制作
第10回 12月14日　Loveカード　クラフト、文字の練習、カード制作、ミニ展示会(発表)

持ち物:ティッシュ、筆記用具、定規
【対象】15歳以上の市内在住・在勤社会人
【講師】吉原　峰代(日本カリグラフィーアート協会)/助手:竹山　多香(日本カリグラフィーアート協会)",,"4,000円(基本受講料500円+材料費3,500円)",新津協働センター,(053)448-2449,,,新津協働センター,浜松市中央区新橋町910,,34.681887,137.706713,,,15人　抽選,,,"申込必要
申込受付期間　7月15日(水曜日)～8月3日(月曜日)
※複数講座の申し込みも可(応募多数は抽選)。

★開催施設窓口または電話での申込
【受付時間】午前8時30分～午後5時15分
【受付できない日】7月19日(日曜日)，7月20日(月曜日・祝),7月26日(日曜日),8月2日(日曜日)
★ホームページからのオンライン申込み(申込期間最終日の午後5時15分まで受付)
　本ページ下の関連リンク内の申込フォームより登録してください。",https://logoform.jp/form/Savd/1598523,"当選確認期間　8月12日(水曜日)～8月20日(木曜日)

★開催施設窓口または電話で申込みをした方の確認方法
　申込みされた開催施設に直接お問い合わせください。
【確認時間】午前8時30分～午後5時15分
【確認できない日】8月16日(日曜日)

★ホームページからのオンライン申込みの方の確認方法
　申込みされた開催施設から当落のメールが届きます。
　8月12日(水曜日)中にメールが届かない場合は、お手数ですが申込みをされた開催施設にお問合せください。

★辞退
　当選後に受講を辞退される場合は、8月20日(木曜日)までに、開催施設へ必ずご連絡ください。

★受講費用は開催施設窓口へお支払いください。
　※窓口への支払日は講座により異なります。当選確認の際に確認してください。
　※支払い後の基本受講料および実費は原則返金できません。

★その他:新型コロナウイルス感染拡大等の影響により、講座を中止する場合がございます。",講座・教室,中央区,2026-05-21,,,004515_00
221309,20260511100,静岡県,浜松市,第158回　2026年　浜松ヒューマンセミナー(後期)　「絵手紙教室」,,,2026-09-03,,,,"9月3日(木曜日)～11月26日(木曜日)　全10回
13:30～15:30","【内容】手書きの絵手紙で大切な人に気持ちを伝えてみませんか。
【詳細】
 第1回　9月3日　絵手紙とは、線の練習、ピーマンを描こう
 第2回　9月17日　野菜を大きく
 第3回　9月24日　花を優しく
 第4回　10月1日　置きもの、おもちゃを可愛らしく
 第5回　10月15日　文房具もモチーフに
 第6回　10月22日　割りばし、つまようじで楽しく
 第7回　10月29日　長紙に挑戦
 第8回　11月5日　ゴム印作り
 第9回　11月19日　さあ、年賀状
 第10回　11月26日　簡単クリスマスカード

持ち物:絵手紙道具(お持ちの方)、プリンカップ等2個(筆洗い用)、新聞紙(下敷き用)、ポケットティッシュ
【対象】15歳以上の市内在住・在勤社会人
【講師】戸塚　弘子",,"4,220円(基本受講料500円+材料代3,720円)",白脇協働センター,(053)441-8088,,,白脇協働センター,浜松市中央区寺脇町241,,34.682483,137.742784,,,15人　抽選,,,"申込必要
申込受付期間　7月15日(水曜日)～8月3日(月曜日)
※複数講座の申し込みも可(応募多数は抽選)。

★開催施設窓口または電話での申込
【受付時間】午前8時30分～午後5時15分
【受付できない日】7月19日(日曜日)，7月20日(月曜日・祝),7月26日(日曜日),8月2日(日曜日)
★ホームページからのオンライン申込み(申込期間最終日の午後5時15分まで受付)
　本ページ下の関連リンク内の申込フォームより登録してください。",https://logoform.jp/form/Savd/1598847,"当選確認期間　8月12日(水曜日)～8月20日(木曜日)

★開催施設窓口または電話で申込みをした方の確認方法
　申込みされた開催施設に直接お問い合わせください。
【確認時間】午前8時30分～午後5時15分
【確認できない日】8月16日(日曜日)

★ホームページからのオンライン申込みの方の確認方法
　申込みされた開催施設から当落のメールが届きます。
　8月12日(水曜日)中にメールが届かない場合は、お手数ですが申込みをされた開催施設にお問合せください。

★辞退
　当選後に受講を辞退される場合は、8月20日(木曜日)までに、開催施設へ必ずご連絡ください。

★受講費用は開催施設窓口へお支払いください。
　※窓口への支払日は講座により異なります。当選確認の際に確認してください。
　※支払い後の基本受講料および実費は原則返金できません。

★その他:新型コロナウイルス感染拡大等の影響により、講座を中止する場合がございます。",講座・教室,中央区,2026-05-21,,,004514_00
221309,20260511101,静岡県,浜松市,第158回　2026年　浜松ヒューマンセミナー(後期)　パン作り中級者のためのステップアップ講座,,,2026-09-04,,,,"9月4日(金曜日)～10月9日(金曜日)　全6回　
9:30～12:50","【内容】プロに学ぶ、パンづくりステップアップ講座
【詳細】
 第1回　9月4日　ハムパン「めん棒の使い方」
 第2回　9月11日　ウインナーパン「生地の伸ばし方」
 第3回　9月18日　カレーパン「具の包み方(アンベラを使って)」
 第4回　9月25日　アンパン「包餡(餡子の包み方)」
 第5回　10月2日　クリームパン「クリームの包み方」
 第6回　10月9日　メロンパン「メロンパンの成形」

持ち物:エプロン、ハンドタオル、筆記用具、三角巾
その他:6回すべて参加できる方。遅刻および途中退席は、ご遠慮ください。お子様を連れての参加はできません。アレルギー対応、ハラール対応はできません。
【対象】15歳以上の市内在住・在勤社会人
【講師】講師:永渕 修／助手:柴原 明子",,"6,500円(基本受講料500円+材料費6,000円)",五島協働センター,(053)425-9147,,,五島協働センター,浜松市中央区福島町242-1,,34.663684,137.768297,,,8人　抽選,,,"申込必要
申込受付期間　7月15日(水曜日)～8月3日(月曜日)
※複数講座の申し込みも可(応募多数は抽選)。

★開催施設窓口または電話での申込
【受付時間】午前8時30分～午後5時15分
【受付できない日】7月19日(日曜日)，7月20日(月曜日・祝),7月26日(日曜日),8月2日(日曜日)
★ホームページからのオンライン申込み(申込期間最終日の午後5時15分まで受付)
　本ページ下の関連リンク内の申込フォームより登録してください。",https://logoform.jp/form/Savd/1599908,"当選確認期間　8月12日(水曜日)～8月20日(木曜日)

★開催施設窓口または電話で申込みをした方の確認方法
　申込みされた開催施設に直接お問い合わせください。
【確認時間】午前8時30分～午後5時15分
【確認できない日】8月16日(日曜日)

★ホームページからのオンライン申込みの方の確認方法
　申込みされた開催施設から当落のメールが届きます。
　8月12日(水曜日)中にメールが届かない場合は、お手数ですが申込みをされた開催施設にお問合せください。

★辞退
　当選後に受講を辞退される場合は、8月20日(木曜日)までに、開催施設へ必ずご連絡ください。

★受講費用は開催施設窓口へお支払いください。
　※窓口への支払日は講座により異なります。当選確認の際に確認してください。
　※支払い後の基本受講料および実費は原則返金できません。

★その他:新型コロナウイルス感染拡大等の影響により、講座を中止する場合がございます。",講座・教室,中央区,2026-05-21,,,004513_00
221309,20260511102,静岡県,浜松市,第158回　2026年　浜松ヒューマンセミナー(後期)　健身気功講座,,,2026-09-03,,,,"9月3日(木曜日)～11月12日(木曜日)　全10回
13:30～15:30","【内容】健身気功(健康体操)で心と体を整えよう
【詳細】
 第1回　9月3日　八段錦(1)
 第2回　9月10日　八段錦(2)
 第3回　9月17日 八段錦(3)
 第4回　9月24日　太極養生杖(1) 
 第5回　10月1日　太極養生杖(2)
 第6回　10月8日　太極養生杖(3) 
 第7回　10月22日 馬王堆導引術(1) 
 第8回　10月29日 馬王堆導引術(2)
 第9回　11月 5日　馬王堆導引術(3)
 第10回 11月12日　馬王堆導引術(4)

持ち物:水分補給用の飲み物、運動できる服装と靴、タオル
【対象】15歳以上の市内在住・在勤社会人
【講師】野末　剛史(浜北武術太極拳協会)",,"1,000円(基本受講料500円+資料代500円)",麁玉協働センター,(053)582-3011,,,麁玉協働センター,浜松市浜名区宮口3171,,34.821668,137.773404,,,15人　抽選,,,"申込必要
申込受付期間　7月15日(水曜日)～8月3日(月曜日)
※複数講座の申し込みも可(応募多数は抽選)。

★開催施設窓口または電話での申込
【受付時間】午前8時30分～午後5時15分
【受付できない日】7月19日(日曜日)，7月20日(月曜日・祝),7月26日(日曜日),8月2日(日曜日)
★ホームページからのオンライン申込み(申込期間最終日の午後5時15分まで受付)
　本ページ下の関連リンク内の申込フォームより登録してください。",https://logoform.jp/form/Savd/1065006,"当選確認期間　8月12日(水曜日)～8月20日(木曜日)

★開催施設窓口または電話で申込みをした方の確認方法
　申込みされた開催施設に直接お問い合わせください。
【確認時間】午前8時30分～午後5時15分
【確認できない日】8月16日(日曜日)

★ホームページからのオンライン申込みの方の確認方法
　申込みされた開催施設から当落のメールが届きます。
　8月12日(水曜日)中にメールが届かない場合は、お手数ですが申込みをされた開催施設にお問合せください。

★辞退
　当選後に受講を辞退される場合は、8月20日(木曜日)までに、開催施設へ必ずご連絡ください。

★受講費用は開催施設窓口へお支払いください。
　※窓口への支払日は講座により異なります。当選確認の際に確認してください。
　※支払い後の基本受講料および実費は原則返金できません。

★その他:新型コロナウイルス感染拡大等の影響により、講座を中止する場合がございます。",講座・教室,浜名区,2026-05-21,,,004522_00
221309,20260511103,静岡県,浜松市,第158回　2026年　浜松ヒューマンセミナー(後期)　筆ペン・ボールペン,,,2026-09-14,,,,"9月14日(月曜日)～2月8日(月曜日)　全10回
13:30～15:30","【内容】筆ペンとボールペンの書き方講座。のし袋や年賀状の書き方を習います。
【詳細】
 第 1回　9月14日　筆ペンの使い方・字形のまとめ方
 第 2回　9月28日　筆ペンの使い方・字形のまとめ方
 第 3回　10月12日　日常で使う語句を書いてみる(のし紙など)
 第 4回　10月26日　自分の住所・氏名を書いてみる
 第 5回　11月9日　年賀状でよく使われる語句を書いてみる
 第 6回　11月23日　年賀状の制作・宛名の書き方など
 第 7回　12月14日　年賀状の仕上げ
 第 8回　12月28日　ボールペンの使い方
 第 9回　1月25日　ボールペンで日常使う語句を書いてみる
 第10回　2月8日　ボールペンで短いあいさつ文を書いてみる

持ち物:筆記用具、メモ帳、ポケットティッシュ、文鎮
【対象】15歳以上の市内在住・在勤社会人
【講師】早瀬 明觀",,"1,200円(基本受講料500円+資料代700円)",中瀬協働センター,(053)588-2245,,,中瀬協働センター,浜松市浜名区中瀬3501-1,,34.824311,137.811384,,,15人　抽選,,,"申込必要
申込受付期間　7月15日(水曜日)～8月3日(月曜日)
※複数講座の申し込みも可(応募多数は抽選)。

★開催施設窓口または電話での申込
【受付時間】午前8時30分～午後5時15分
【受付できない日】7月19日(日曜日)，7月20日(月曜日・祝),7月26日(日曜日),8月2日(日曜日)
★ホームページからのオンライン申込み(申込期間最終日の午後5時15分まで受付)
　本ページ下の関連リンク内の申込フォームより登録してください。",https://logoform.jp/form/Savd/1060437,"当選確認期間　8月12日(水曜日)～8月20日(木曜日)

★開催施設窓口または電話で申込みをした方の確認方法
　申込みされた開催施設に直接お問い合わせください。
【確認時間】午前8時30分～午後5時15分
【確認できない日】8月16日(日曜日)

★ホームページからのオンライン申込みの方の確認方法
　申込みされた開催施設から当落のメールが届きます。
　8月12日(水曜日)中にメールが届かない場合は、お手数ですが申込みをされた開催施設にお問合せください。

★辞退
　当選後に受講を辞退される場合は、8月20日(木曜日)までに、開催施設へ必ずご連絡ください。

★受講費用は開催施設窓口へお支払いください。
　※窓口への支払日は講座により異なります。当選確認の際に確認してください。
　※支払い後の基本受講料および実費は原則返金できません。

★その他:新型コロナウイルス感染拡大等の影響により、講座を中止する場合がございます。",講座・教室,浜名区,2026-05-21,,,004521_00
221309,20260511111,静岡県,浜松市,弓道・朝コース,キュウドウ・アサコース,,2026-09-01,,10:00,12:00,9/1～11/26(火木)全24回,"【内容】基本から的に向かって矢を放てるようになるまで、基本と昇段に向けての練習
【対象】高校生以上
【条件】未経験者が原則毎回参加できる方、経験者は三段まで",10000円,,浜松市スポーツ協会,(053)411-8686,,浜松市スポーツ協会,可美公園総合センター,浜松市中央区増楽町920-1,,34.687110,137.694493,,あり,50人　抽選,,,"申込必要
【申込開始】2026年07月16日(木曜日)　9時00分
【方法】ホームページ",https://hamamatsu-sports.or.jp/,,スポーツ,中央区,2026-05-21,,,000380_00
221309,20260511112,静岡県,浜松市,弓道・夜コース,キュウドウ・ヨルコース,,2026-09-01,,18:30,20:30,9/1～11/26(火木)全24回,"【内容】基本から的に向かって矢を放てるようになるまで、基本と昇段に向けての練習
【対象】高校生以上
【条件】未経験者が原則毎回参加できる方、経験者は四段まで",10000円,,浜松市スポーツ協会,(053)411-8686,,浜松市スポーツ協会,可美公園総合センター,浜松市中央区増楽町920-1,,34.687110,137.694493,,あり,50人　抽選,,,"申込必要
【申込開始】2026年07月16日(木曜日)　9時00分
【方法】ホームページ",https://hamamatsu-sports.or.jp/,,スポーツ,中央区,2026-05-21,,,000380_00
221309,20260511114,静岡県,浜松市,可美テニス,カミテニス,,2026-09-11,,19:00,20:30,9/11～10/30(金)全8回,"【内容】テニスの基礎からゲームまで。テニスの楽しさを体験
【対象】中学生～65歳",9000円,,浜松市スポーツ協会,(053)411-8686,,浜松市スポーツ協会,可美公園総合センター,浜松市中央区増楽町920-1,,34.687110,137.694493,,あり,20人　先着順,,,"申込必要
【申込開始】2026年07月17日(金曜日)　9時00分
【方法】ホームページ",https://hamamatsu-sports.or.jp/,,スポーツ,中央区,2026-05-21,,○,000380_00
221309,20260511116,静岡県,浜松市,インラインスケート,インラインスケート,,2026-09-05,,18:10,19:40,9/5～9/19(土)全3回,"【内容】歩き方、ターン、バックスケーティング等
【対象】年長児以上",1500円,別途、貸靴代500円/回,浜松市スポーツ協会,(053)411-8686,,浜松市スポーツ協会,可美公園総合センター,浜松市中央区増楽町920-1,,34.687110,137.694493,,あり,20人　先着順,,,"申込必要
【申込開始】2026年07月21日(火曜日)　9時00分
【方法】ホームページ",https://hamamatsu-sports.or.jp/,,スポーツ,中央区,2026-05-21,,○,000380_00
221309,20260511117,静岡県,浜松市,健康乗馬,ケンコウジョウバ,,2026-09-05,,8:30,10:00,初回9/5　土曜　※2回目は要相談　全2回,"【内容】馬への接し方、乗馬、下馬、発進、停止、誘導、馬の上でのバランス練習
【対象】小学生",2000円,,浜松市スポーツ協会,(053)411-8686,,浜松市スポーツ協会,HAS浜松乗馬クラブ,浜松市中央区三方原町2691,,34.789174,137.696846,,あり,20人　先着順,,,"申込必要
【申込開始】2026年07月21日(火曜日)　9時00分
【方法】ホームページ",https://hamamatsu-sports.or.jp/,,スポーツ,中央区,2026-05-21,,○,
221309,20260511118,静岡県,浜松市,少林寺拳法(三方原),ショウリンジケンポウ(ミカタハラ),,2026-09-03,,19:15,21:00,9/3～9/28　月・木・金曜　全11回,"【内容】準備運動、ストレッチ、基本練習、技など
【対象】5歳以上",3000円,,浜松市スポーツ協会,(053)411-8686,,浜松市スポーツ協会,三方ヶ原道院,浜松市中央区三方原町2393?1,,34.788898,137.700566,,あり,20人　先着順,,,"申込必要
【申込開始】2026年07月21日(火曜日)　9時00分
【方法】ホームページ",https://hamamatsu-sports.or.jp/,,スポーツ,中央区,2026-05-21,,○,
221309,20260511119,静岡県,浜松市,合気道,アイキドウ,,2026-09-01,,19:00,21:00,9/1～9/29　火曜　全4回,"【内容】真向法体操や護身術
【対象】小学生以上",3000円,,浜松市スポーツ協会,(053)411-8686,,浜松市スポーツ協会,浜松市天竜武道館,浜松市天竜区二俣町二俣557-1,,34.872226,137.813766,,あり,20人　先着順,,,"申込必要
【申込開始】2026年07月22日(水曜日)　9時00分
【方法】ホームページ",https://hamamatsu-sports.or.jp/,,スポーツ,天竜区,2026-05-21,,○,002003_00
221309,20260511121,静岡県,浜松市,ちびっこ体操,チビッコタイソウ,,2026-09-05,,18:00,19:00,9/5～9/26　土曜　全4回,"【内容】前転・後転などのマット運動、馬とび、ジャンプ。身体を動かすことを楽しむ。
【対象】小学生以上",3000円,,浜松市スポーツ協会,(053)411-8687,,浜松市スポーツ協会,笠井柔道館,浜松市中央区中郡町72,,34.776436,137.784196,,あり,20人　先着順,,,"申込必要
【申込開始】2026年07月15日(水曜日)　9時00分
【方法】ホームページ",https://hamamatsu-sports.or.jp/,,スポーツ,中央区,2026-05-21,,○,
221309,20260511122,静岡県,浜松市,ジョギング,ジョギング,,2026-09-13,,8:00,10:00,,"【内容】準備体操、伴走ありの記録走　など
【対象】誰でも",200円,年度初回のみ,浜松市レクリエーション協会,(053)411-8686,,浜松市レクリエーション協会,佐鳴湖,浜松市中央区入野町,,34.711291,137.690415,,あり,30人　先着順,,,"申込不要
当日、直接集合場所へ",https://hamamatsu-sports.or.jp/,,スポーツ,中央区,2026-05-21,,○,
221309,20260511123,静岡県,浜松市,【講演会】スポーツ健康相談講演会「スポーツメンタル」,スポーツケンコウソウダンコウエンカイ「スポーツメンタル」,,2026-09-12,,15:00,16:30,,"【内容】スポーツにおけるメンタルの整え方
【対象】中学生以上
【講師】木村駿介先生(静岡産業大学スポーツ科学部)",0円,,浜松アリーナ,(053)461-1111,,指定管理者　(公財)浜松市スポーツ協会グループ,浜松アリーナ,浜松市中央区和田町808-1,,34.718016,137.766559,,あり(1回200円),30人　先着順,,,"申込必要
【申込開始】2026年07月21日(火曜日)　9時00分
【方法】窓口",https://hamamatsu-arena.jp,,けんこう,中央区,2026-05-21,,○,002326_00
221309,20260511124,静岡県,浜松市,【イベント】ボール投げ方教室,ボールナゲカタキョウシツ,,2026-09-21,,10:00,12:00,,"【内容】体力テストに向けて良い結果を出すために、正しいボールの投げ方を取得
【対象】小学生",1500円,傷害保険料含,浜松アリーナ,(053)461-1111,,指定管理者　(公財)浜松市スポーツ協会グループ,浜松アリーナ,浜松市中央区和田町808-1,,34.718016,137.766559,,あり(1回200円),20人　先着順,,,"申込必要
【申込開始】2026年07月21日(火曜日)　12時00分
【方法】ホームページ",https://hamamatsu-sports.or.jp/,,イベント,中央区,2026-05-21,,○,002326_00
221309,20260511125,静岡県,浜松市,"親子 ワン・ツー・スリー",オヤコワンツースリー,,2026-09-08,,10:30,11:15,9/8～9/29　全3回,"【内容】ボールやフープ、滑り台に平均台、鉄棒等、いろいろな遊具を使った親子遊び
【対象】1歳半～3歳4ヵ月",2250円,傷害保険料含,浜松アリーナ,(053)461-1111,,指定管理者　(公財)浜松市スポーツ協会グループ,浜松アリーナ,浜松市中央区和田町808-1,,34.718016,137.766559,,あり(1回200円),20人　先着順　親子で20組,,,"申込必要
【申込開始】2026年08月05日(水曜日)　9時00分",https://hamamatsu-arena.jp,,スポーツ,中央区,2026-05-21,,○,002326_00
221309,20260511126,静岡県,浜松市,トランポリン☆体操(年中～小学3年生),トランポリン☆タイソウキョウシツ(ネンチュウ～ショウガク3ネンセイ),,2026-09-04,,16:15,17:15,"9/4～12/4 全10回","【内容】トランポリン、器械体操(マット・跳び箱等)、コーディネーション(運動能力・神経機能向上のトレーニング)
【対象】年中～小学3年生",11000円,傷害保険料含,浜松アリーナ,(053)461-1111,,指定管理者　(公財)浜松市スポーツ協会グループ,浜松アリーナ,浜松市中央区和田町808-1,,34.718016,137.766559,,あり(1回200円),28人　先着順,2026-08-13,,"申込必要
【申込開始】2026年07月15日(水曜日)　12時00分
【方法】ホームページ",https://hamamatsu-sports.or.jp/,,スポーツ,中央区,2026-05-21,,○,002326_00
221309,20260511127,静岡県,浜松市,トランポリン☆体操(小学3～6年生),トランポリン☆タイソウキョウシツ(ショウガク3～6ネンセイ),,2026-09-04,,17:20,18:20,"9/4～12/4 全10回","【内容】トランポリン、器械体操(マット・跳び箱等)、コーディネーション(運動能力・神経機能向上のトレーニング)
【対象】小学3～6年生",11000円,傷害保険料含,浜松アリーナ,(053)461-1111,,指定管理者　(公財)浜松市スポーツ協会グループ,浜松アリーナ,浜松市中央区和田町808-1,,34.718016,137.766559,,あり(1回200円),28人　先着順,2026-08-13,,"申込必要
【申込開始】2026年07月15日(水曜日)　12時00分
【方法】ホームページ",https://hamamatsu-sports.or.jp/,,スポーツ,中央区,2026-05-21,,○,002326_00
221309,20260511128,静岡県,浜松市,バドミントン(小学1-4年),バドミントンキョウシツ(ショウガク1-4ネン),,2026-09-04,,17:20,18:20,"9/4～12/4 全10回","【内容】初心者向けのバドミントン教室
【対象】小学1～4年生",10000円,傷害保険料含,浜松アリーナ,(053)461-1111,,指定管理者　(公財)浜松市スポーツ協会グループ,浜松アリーナ,浜松市中央区和田町808-1,,34.718016,137.766559,,あり(1回200円),15人　先着順,2026-08-14,,"申込必要
【申込開始】2026年07月16日(木曜日)　12時00分
【方法】ホームページ",https://hamamatsu-sports.or.jp/,,スポーツ,中央区,2026-05-21,,○,002326_00
221309,20260511129,静岡県,浜松市,バドミントン(小学3-6年),バドミントンキョウシツ(ショウガク3-6ネン),,2026-09-04,,18:30,19:30,"9/4～12/4 全10回","【内容】初心者向けのバドミントン教室
【対象】小学3～6年生",10000円,傷害保険料含,浜松アリーナ,(053)461-1111,,指定管理者　(公財)浜松市スポーツ協会グループ,浜松アリーナ,浜松市中央区和田町808-1,,34.718016,137.766559,,あり(1回200円),15人　先着順,2026-08-14,,"申込必要
【申込開始】2026年07月16日(木曜日)　12時00分
【方法】ホームページ",https://hamamatsu-sports.or.jp/,,スポーツ,中央区,2026-05-21,,○,002326_00
221309,20260511130,静岡県,浜松市,大人からはじめる大人バドミントン,オトナカラハジメルオトナバドミントンキョウシツ,,2026-09-04,,19:30,21:00,"9/4～12/4 全10回","【内容】初心者向けのバドミントン教室
【対象】18歳～",10000円,傷害保険料含,浜松アリーナ,(053)461-1111,,指定管理者　(公財)浜松市スポーツ協会グループ,浜松アリーナ,浜松市中央区和田町808-1,,34.718016,137.766559,,あり(1回200円),24人　先着順,2026-08-14,,"申込必要
【申込開始】2026年07月16日(木曜日)　12時00分
【方法】ホームページ",https://hamamatsu-sports.or.jp/,,スポーツ,中央区,2026-05-21,,,002326_00
221309,20260511131,静岡県,浜松市,卓球(小学生),タッキュウキョウシツ(ショウガクセイ),,2026-09-04,,17:45,19:05,"9/4～12/4 全10回","【内容】初心者向けの卓球の指導
【対象】小学生",10000円,傷害保険料含,浜松アリーナ,(053)461-1111,,指定管理者　(公財)浜松市スポーツ協会グループ,浜松アリーナ,浜松市中央区和田町808-1,,34.718016,137.766559,,あり(1回200円),24人　先着順,2026-08-15,,"申込必要
【申込開始】2026年07月17日(金曜日)　12時00分
【方法】ホームページ",https://hamamatsu-sports.or.jp/,,スポーツ,中央区,2026-05-21,,○,002326_00
221309,20260511132,静岡県,浜松市,卓球(中学生),タッキュウキョウシツ(チュウガクセイ),,2026-09-04,,19:30,21:00,"9/4～12/4 全10回","【内容】初心者向けの卓球の指導
【対象】中学生",10000円,傷害保険料含,浜松アリーナ,(053)461-1111,,指定管理者　(公財)浜松市スポーツ協会グループ,浜松アリーナ,浜松市中央区和田町808-1,,34.718016,137.766559,,あり(1回200円),16人　先着順,2026-08-15,,"申込必要
【申込開始】2026年07月17日(金曜日)　12時00分
【方法】ホームページ",https://hamamatsu-sports.or.jp/,,スポーツ,中央区,2026-05-21,,○,002326_00
221309,20260511133,静岡県,浜松市,やさしいヨガ,ヤサシイヨガ,,2026-09-03,,10:00,11:30,9/3～10/29　全8回,"【内容】初心者向けのヨガ
【対象】20歳～",6000円,傷害保険料含,浜松アリーナ,(053)461-1111,,指定管理者　(公財)浜松市スポーツ協会グループ,浜松アリーナ,浜松市中央区和田町808-1,,34.718016,137.766559,,あり(1回200円),40人　先着順,,,"申込必要
【申込開始】2026年07月17日(金曜日)　9時00分
【方法】窓口／電話((053)461-1111)",https://hamamatsu-arena.jp,,スポーツ,中央区,2026-05-21,,,002326_00
221309,20260511134,静岡県,浜松市,はつらつ体力アップ,ハツラツタイリョクアップキョウシツ,,2026-09-08,,9:30,11:30,"9/8～10/27 全7回","【内容】リズム体操や自宅でできるようなストレッチや筋力トレーニング、レクリエーションなど
【対象】50歳以上",4550円,傷害保険料含,浜松アリーナ,(053)461-1111,,指定管理者　(公財)浜松市スポーツ協会グループ,浜松アリーナ,浜松市中央区和田町808-1,,34.718016,137.766559,,あり(1回200円),35人　先着順,,,"申込必要
【申込開始】2026年07月15日(水曜日)　9時00分
【方法】窓口／電話((053)461-1111)",https://hamamatsu-arena.jp,,スポーツ,中央区,2026-05-21,,,002326_00
221309,20260511135,静岡県,浜松市,いきいきレクスポ教室,イキイキレクスポキョウシツ,,2026-09-18,,9:30,11:30,9/18～12/11　全11回,"【内容】ワンバウンドバレーやビーチボール、卓球など
【対象】50歳以上",7150円,傷害保険料含,浜松アリーナ,(053)461-1111,,指定管理者　(公財)浜松市スポーツ協会グループ,可美公園総合センター,浜松市中央区増楽町920-1,,34.687110,137.694493,,あり(1回100円),35人　先着順,,,"申込必要
【申込開始】2026年08月03日(月曜日)　9時00分
【方法】窓口／電話((053)461-1111)",https://hamamatsu-arena.jp,,スポーツ,中央区,2026-05-21,,,000380_00
221309,20260511136,静岡県,浜松市,わんぱくスポーツクラブ,ワンパクスポーツクラブ,,2026-09-07,,16:00,17:00,"9/7 全1回","【内容】運動の基礎づくりとなる動きを取り入れた体操など
【対象】年少",1000円,傷害保険料含,浜松アリーナ,(053)461-1111,,指定管理者　(公財)浜松市スポーツ協会グループ,浜松アリーナ,浜松市中央区和田町808-1,,34.718016,137.766559,,あり(1回200円),10人　先着順,,,"申込必要
【申込開始】2026年07月21日(火曜日)　9時00分
【方法】窓口／電話((053)461-1111)",https://hamamatsu-arena.jp,,スポーツ,中央区,2026-05-21,,○,002326_00
221309,20260511137,静岡県,浜松市,ゆったりヨガ(月曜),ユッタリヨガ(ゲツヨウ),,2026-09-14,,9:30,10:45,,"【内容】基本のポーズ、各種ポーズ、呼吸法
【対象】16歳以上
【講師】佐藤友希",8000円,,浜松球場,(053)473-3281,,,浜松球場,浜松市中央区上島六丁目19-1,,34.743463,137.734093,,あり,18人　先着順,2026-09-01,,"申込必要
【申込開始】2026年08月05日(水曜日)　9時00分
【方法】ホームページ",https://hamamatsu-sports.or.jp/,,スポーツ,中央区,2026-05-21,,○,002334_00
221309,20260511138,静岡県,浜松市,ゆったりヨガ(木曜),ユッタリヨガ(モクヨウ),,2026-10-01,,9:30,10:45,,"【内容】基本のポーズ、各種ポーズ、呼吸法
【対象】16歳以上
【講師】佐藤友希",8000円,,浜松球場,(053)473-3281,,,浜松球場,浜松市中央区上島六丁目19-1,,34.743463,137.734093,,あり,18人　先着順,2026-09-01,,"申込必要
【申込開始】2026年08月05日(水曜日)　9時00分
【方法】ホームページ",https://hamamatsu-sports.or.jp/,,スポーツ,中央区,2026-05-21,,○,002334_00
221309,20260511139,静岡県,浜松市,リセットヨガ＆ピラティス,リセットヨガアンドピラティス,,2026-09-14,,11:05,12:20,,"【内容】基本のポーズ、各種ポーズ、呼吸法
【対象】16歳以上
【講師】増井香奈",8000円,,浜松球場,(053)473-3281,,,浜松球場,浜松市中央区上島六丁目19-1,,34.743463,137.734093,,あり,18人　先着順,2026-09-01,,"申込必要
【申込開始】2026年08月05日(水曜日)　9時00分
【方法】ホームページ",https://hamamatsu-sports.or.jp/,,スポーツ,中央区,2026-05-21,,○,002334_00
221309,20260511140,静岡県,浜松市,女性のためのボディケア,ジョセイノタメノボディケア,,2026-09-14,,13:30,14:45,,"【内容】姿勢改善、ストレッチ、体幹ケア、骨盤低筋エクササイズ
【対象】16歳以上
【講師】水野友里子",6000円,,浜松球場,(053)473-3281,,,浜松球場,浜松市中央区上島六丁目19-1,,34.743463,137.734093,,あり,18人　先着順,2026-09-01,,"申込必要
【申込開始】2026年08月04日(火曜日)　9時00分
【方法】ホームページ",https://hamamatsu-sports.or.jp/,,スポーツ,中央区,2026-05-21,,○,002334_00
221309,20260511141,静岡県,浜松市,背骨コンディショニング,セボネコンディショニング,,2026-10-01,,13:00,14:00,,"【内容】基本の動作、ストレッチ
【対象】16歳以上
【講師】藤田統子",7000円,,浜松球場,(053)473-3281,,,浜松球場,浜松市中央区上島六丁目19-1,,34.743463,137.734093,,あり,18人　先着順,2026-09-01,,"申込必要
【申込開始】2026年08月04日(火曜日)　9時00分
【方法】ホームページ",https://hamamatsu-sports.or.jp/,,スポーツ,中央区,2026-05-21,,○,002334_00
221309,20260511142,静岡県,浜松市,リラックス＆リセットヨガ(月曜),リラックスアンドリセットヨガ(ゲツヨウ),,2026-09-14,,19:30,20:30,,"【内容】基本の動作、呼吸法
【対象】16歳以上
【講師】山田牧子",8000円,,浜松球場,(053)473-3281,,,浜松球場,浜松市中央区上島六丁目19-1,,34.743463,137.734093,,あり,20人　先着順,2026-09-01,,"申込必要
【申込開始】2026年08月05日(水曜日)　9時00分
【方法】ホームページ",https://hamamatsu-sports.or.jp/,,スポーツ,中央区,2026-05-21,,○,002334_00
221309,20260511143,静岡県,浜松市,リラックス＆リセットヨガ(金曜),リラックスアンドリセットヨガ(キンヨウ),,2026-10-02,,19:30,20:30,,"【内容】基本の動作、呼吸法
【対象】16歳以上
【講師】山田牧子",8000円,,浜松球場,(053)473-3281,,,浜松球場,浜松市中央区上島六丁目19-1,,34.743463,137.734093,,あり,20人　先着順,2026-09-01,,"申込必要
【申込開始】2026年08月05日(水曜日)　9時00分
【方法】ホームページ",https://hamamatsu-sports.or.jp/,,スポーツ,中央区,2026-05-21,,○,002334_00
221309,20260511144,静岡県,浜松市,やさしいシェイプピラティス(前半),ヤサシイシェイプピラティス(ゼンハン),,2026-09-29,,9:15,10:30,,"【内容】基本の動作、呼吸法
【対象】16歳以上
【講師】日原範子",8000円,,浜松球場,(053)473-3281,,,浜松球場,浜松市中央区上島六丁目19-1,,34.743463,137.734093,,あり,18人　先着順,2026-09-01,,"申込必要
【申込開始】2026年08月04日(火曜日)　9時00分
【方法】ホームページ",https://hamamatsu-sports.or.jp/,,スポーツ,中央区,2026-05-21,,○,002334_00
221309,20260511145,静岡県,浜松市,やさしいシェイプピラティス(後半),ヤサシイシェイプピラティス(コウハン),,2026-09-29,,10:50,12:05,,"【内容】基本の動作、呼吸法
【対象】16歳以上
【講師】日原範子",8000円,,浜松球場,(053)473-3281,,,浜松球場,浜松市中央区上島六丁目19-1,,34.743463,137.734093,,あり,18人　先着順,2026-09-01,,"申込必要
【申込開始】2026年08月04日(火曜日)　9時00分
【方法】ホームページ",https://hamamatsu-sports.or.jp/,,スポーツ,中央区,2026-05-21,,○,002334_00
221309,20260511146,静岡県,浜松市,器械体操(リトル),キカイタイソウ(リトル),,2026-09-04,,15:20,16:10,9月4日～10月9日(金曜・全6回),"【内容】マット運動、跳び箱、鉄棒、徒手運動
【対象】年少児",4800円,傷害保険料含む,サーラグリーンアリーナ,(053)585-1222,,指定管理者　(公財)浜松市スポーツ協会グループ,浜松市浜北総合体育館（サーラグリーンアリーナ）,浜松市浜名区平口5042-133,,34.798113,137.758233,,あり,20人　先着順,2026-08-26,,"申込必要
【申込開始】2026年08月06日(木曜日)　12時00分
【方法】ホームページ
Web申込締切後、定員に達していなければ電話申込可",https://hamamatsu-sports.or.jp/,,スポーツ,浜名区,2026-05-21,,○,002489_01
221309,20260511147,静岡県,浜松市,器械体操(キッズ),キカイタイソウ(キッズ),,2026-09-04,,16:10,17:20,9月4日～12月18日(金曜・全12回),"【内容】マット運動、跳び箱、鉄棒、徒手運動
【対象】年中児～小学1年生",10200円,傷害保険料含む,サーラグリーンアリーナ,(053)585-1222,,指定管理者　(公財)浜松市スポーツ協会グループ,浜松市浜北総合体育館（サーラグリーンアリーナ）,浜松市浜名区平口5042-133,,34.798113,137.758233,,あり,45人　先着順,2026-08-26,,"申込必要
【申込開始】2026年08月06日(木曜日)　12時00分
【方法】ホームページ
Web申込締切後、定員に達していなければ電話申込可",https://hamamatsu-sports.or.jp/,,スポーツ,浜名区,2026-05-21,,○,002489_01
221309,20260511148,静岡県,浜松市,器械体操(ジュニア),キカイタイソウ(ジュニア),,2026-09-04,,17:30,18:45,9月4日～12月18日(金曜・全12回),"【内容】マット運動、跳び箱、鉄棒、徒手運動
【対象】小学1年生～4年生",10200円,傷害保険料含む,サーラグリーンアリーナ,(053)585-1222,,指定管理者　(公財)浜松市スポーツ協会グループ,浜松市浜北総合体育館（サーラグリーンアリーナ）,浜松市浜名区平口5042-133,,34.798113,137.758233,,あり,45人　先着順,2026-08-26,,"申込必要
【申込開始】2026年08月06日(木曜日)　12時00分
【方法】ホームページ
Web申込締切後、定員に達していなければ電話申込可",https://hamamatsu-sports.or.jp/,,スポーツ,浜名区,2026-05-21,,○,002489_01
221309,20260511149,静岡県,浜松市,キッズ陸上((1)前半),キッズリクジョウ(ゼンハン),,2026-09-05,,17:00,17:45,9月5日～11月7日(土曜・全10回),"【内容】「走る」を中心に「投げる」「跳ぶ」の基本動作を楽しく学ぼう。
【対象】年中～小学2年生",15000円,傷害保険料含む,サーラグリーンアリーナ,(053)585-1222,,指定管理者　(公財)浜松市スポーツ協会グループ,浜松市浜北平口サッカー場（サーラグリーンフィールド）,浜松市浜名区平口3071番地の1,,34.798052,137.759778,,あり,80人　先着順,2026-08-30,,"申込必要
【申込開始】2026年08月05日(水曜日)　9時00分
【方法】ホームページ
Web申込締切後、定員に達していなければ電話申込可",https://hamamatsu-sports.or.jp/,,スポーツ,浜名区,2026-05-21,,○,002489_02
221309,20260511150,静岡県,浜松市,キッズ陸上((2)後半),キッズリクジョウ(コウハン),,2026-09-05,,18:00,18:45,9月5日～11月7日(土曜・全10回),"【内容】「走る」を中心に「投げる」「跳ぶ」の基本動作を楽しく学ぼう。
【対象】小学3～6年生",15000円,傷害保険料含む,サーラグリーンアリーナ,(053)585-1222,,指定管理者　(公財)浜松市スポーツ協会グループ,浜松市浜北平口サッカー場（サーラグリーンフィールド）,浜松市浜名区平口3071番地の1,,34.798052,137.759778,,あり,80人　先着順,2026-08-30,,"申込必要
【申込開始】2026年08月05日(水曜日)　9時00分
【方法】ホームページ
Web申込締切後、定員に達していなければ電話申込可",https://hamamatsu-sports.or.jp/,,スポーツ,浜名区,2026-05-21,,○,002489_02
221309,20260511161,静岡県,浜松市,キッズフィールドスポーツ(小学1～4年),キッズフィールドスポーツ(ショウガク1～4ネン),,2026-09-02,,16:00,17:00,9月2日～10月21日(水曜・全7回),"【内容】サッカー・ドッジボール等の球技やかけっこで楽しく体力つくり
【対象】小学1～4年生",6000円,傷害保険料含む,サーラグリーンアリーナ,(053)585-1222,,指定管理者　(公財)浜松市スポーツ協会グループ,浜松市浜北平口サッカー場（サーラグリーンフィールド）,浜松市浜名区平口3071番地の1,,34.798052,137.759778,,あり,20人　先着順,,,"申込必要
【申込開始】2026年08月13日(木曜日)　10時00分
【方法】窓口／電話((053)585-1222)",https://hamamatsu-sports.or.jp/,,スポーツ,浜名区,2026-05-21,,○,002489_02
221309,20260511162,静岡県,浜松市,エンジョイテニス,エンジョイテニス,,2026-09-02,,9:20,10:50,9月2日～12月23日(水曜・全16回),"【内容】初級者向け硬式テニス教室。ラリーを楽しむ為の基本技術練習
【対象】一般",19200円,"チケット制［初回に6回券(7,200円)購入、チケット使い切ったら追加購入必要］傷害保険料含む",サーラグリーンアリーナ,(053)585-1222,,指定管理者　(公財)浜松市スポーツ協会グループ,明神池運動公園,浜松市浜名区宮口391-5,,34.832757,137.764381,,あり,15人　先着順,,,"申込必要
【申込開始】2026年08月05日(水曜日)　10時00分
【方法】窓口／電話((053)585-1222)",https://hamamatsu-sports.or.jp/,,スポーツ,浜名区,2026-05-21,,,005196_00
221309,20260511165,静岡県,浜松市,リラックスヨガ,リラックスヨガ,,2026-09-08,,19:20,20:10,9月8日～12月22日(火曜・全14回),"【内容】リラクゼーションを目的とする初心者・初級者向けヨガ教室
【対象】一般",10500円,傷害保険料含む,サンライフ浜北,(053)586-1881,,指定管理者　(公財)浜松市スポーツ協会グループ,浜松市サンライフ浜北,浜松市浜名区竜南27,,34.784853,137.814431,,あり,15人　先着順,,,"申込必要
【申込開始】2026年08月12日(水曜日)　10時00分
【方法】窓口／電話((053)586-1881)",https://hamamatsu-sports.or.jp/,,スポーツ,浜名区,2026-05-21,,,004633_00
221309,20260511166,静岡県,浜松市,はじめてのエアロビクス(サンライフ浜北),ハジメテノエアロビクス,,2026-09-08,,20:20,21:10,9月8日～12月22日(火曜・全14回),"【内容】リズムに乗せた全身運動で楽しくシェイプアップ。初心者・初級者向けのエアロビクス教室
【対象】一般",10500円,傷害保険料含む,サンライフ浜北,(053)586-1881,,指定管理者　(公財)浜松市スポーツ協会グループ,浜松市サンライフ浜北,浜松市浜名区竜南27,,34.784853,137.814431,,あり,15人　先着順,,,"申込必要
【申込開始】2026年08月12日(水曜日)　10時00分
【方法】窓口／電話((053)586-1881)",https://hamamatsu-sports.or.jp/,,スポーツ,浜名区,2026-05-21,,,004633_00
221309,20260511167,静岡県,浜松市,背骨コンディショニング(サンライフ浜北),セボネコンディショニング,,2026-09-04,,10:30,11:30,9月4日～12月11日(金・全15回),"【内容】体操と筋トレ、セルフ矯正で歪まない身体つくり
【対象】一般",11300円,傷害保険料含む,サンライフ浜北,(053)586-1881,,指定管理者　(公財)浜松市スポーツ協会グループ,浜松市サンライフ浜北,浜松市浜名区竜南27,,34.784853,137.814431,,あり,15人　先着順,,,"申込必要
【申込開始】2026年08月12日(水曜日)　10時00分
【方法】窓口／電話((053)586-1881)",https://hamamatsu-sports.or.jp/,,スポーツ,浜名区,2026-05-21,2026-06-15,,004633_00
221309,20260511168,静岡県,浜松市,サンライフ浜北卓球,サンライフハマキタタッキュウ,,2026-09-18,,19:30,21:00,9月18日～11月20日(金曜・全10回),"【内容】ラケットの持ち方からサーブやスマッシュ等基本技術の習得
【対象】一般",7000円,傷害保険料含む,サンライフ浜北,(053)586-1881,,指定管理者　(公財)浜松市スポーツ協会グループ,浜松市サンライフ浜北,浜松市浜名区竜南27,,34.784853,137.814431,,あり,10人　先着順,,,"申込必要
【申込開始】2026年08月19日(水曜日)　10時00分
【方法】窓口／電話((053)586-1881)",https://hamamatsu-sports.or.jp/,,スポーツ,浜名区,2026-05-21,,,004633_00
221309,20260511170,静岡県,浜松市,一般硬式テニス教室,イッパンコウシキテニスキョウシツ,,2026-09-01,,,,"9月1日(火)～(全8 回)〈午前〉毎週火・木曜日、(1)午前9時15分～10時45分、(2)午前11時～0時45分、〈ナイター〉(1)毎週土曜日、午後5時15分～6時45分、(2)毎週月・火・木・土曜日、午後7時15分～8時45分","【対象】15歳以上
【条件】先着順",,"午前(1)(2)9,200円、ナイター(1)(2)10,000円",浜松新電力テニスコート,(053)437-0605,,株式会社協栄　浜松支店,花川運動公園,浜松市中央区西丘町724,,34.773177,137.689933,,,18人　先着順　各クラス18名,2026-08-25,17:00,"申込必要
【締切】締切
【申込開始】2026年08月01日(土曜日)　10時00分
【方法】窓口／電話((053)437-0605)
電話申込後、1週間以内に窓口にて申込書の記入と受講料のお支払いが必要",http://hanakawa.lolipop.jp/,,スポーツ,中央区,2026-05-21,,,000400_00
221309,20260511174,静岡県,浜松市,中学生ソフトテニス教室,チュウガクセイソフトテニスキョウシツ,,2026-10-05,,,,"10月5日(月)～(全8 回)(1)午後5時15分～6時45分　毎週月・水曜日、(2)午後7時15分～8時45分　毎週水曜日","【対象】中学1～3年生
【条件】先着順",8000円,,浜松新電力テニスコート,(053)437-0605,,株式会社協栄　浜松支店,花川運動公園,浜松市中央区西丘町724,,34.773177,137.689933,,,20人　先着順　各コース20名,2026-09-25,17:00,"申込必要
【締切】締切
【申込開始】2026年08月30日(日曜日)　10時00分
【方法】電話((053)437-0605)
電話申込後、1週間以内に窓口にて申込書の記入と受講料のお支払いが必要",http://hanakawa.lolipop.jp/,,スポーツ,中央区,2026-05-21,,○,000400_00
221309,20260511179,静岡県,浜松市,テーマ展「糸を紡ぐ　布を織る」,テーマテン「イトヲツムグ　ヌノヲオル」,,2026-08-01,2026-10-04,9:00,17:00,,【内容】糸づくりや機織りの道具とそれに関連する資料を紹介します。,,観覧料　大人310円、高校生150円、中学生以下・70歳以上・各種障がい者手帳(ミライムID含む)をお持ちの方は無料,浜松市博物館,(053)456-2208,,浜松市博物館,浜松市博物館,浜松市中央区蜆塚四丁目22-1,,34.712637,137.703580,JR浜松駅北口バスターミナル2番から遠鉄バス「蜆塚・佐鳴台」行→「博物館」下車徒歩1分,45,,,,申込不要,https://www.city.hamamatsu.shizuoka.jp/hamahaku/,,イベント,中央区,2026-05-21,2026-06-12,○,002340_00
221309,20260511180,静岡県,浜松市,はまはく講座「糸を紡ぐ道具と布を織る道具」,ハマハクコウザ「イトヲツムグドウグトハタヲオルドウグ」,,2026-09-05,,10:30,11:30,,"【内容】浜松地域で織られてきた織物を考古・歴史・民俗資料を例にあげて紹介します。
【講師】博物館職員",,無料　※別途観覧料(観覧料　大人310円、高校生150円、中学生以下・70歳以上・各種障がい者手帳(ミライムID含む)をお持ちの方は無料),浜松市博物館,(053)456-2208,,浜松市博物館,浜松市博物館,浜松市中央区蜆塚四丁目22-1,,34.712637,137.703580,JR浜松駅北口バスターミナル2番から遠鉄バス「蜆塚・佐鳴台」行→「博物館」下車徒歩1分,45,40人　抽選,2026-08-21,,"申込必要
【締切】必着
【申込開始】2026年07月29日(水曜日)　
【方法】郵送(　浜松市中央区蜆塚四丁目22-1　浜松市博物館)／ホームページ",https://www.city.hamamatsu.shizuoka.jp/hamahaku/,,講座・教室,中央区,2026-05-21,2026-06-12,○,002340_00
221309,20260511195,静岡県,浜松市,偏見や差別、ハラスメントなど様々な人権問題に関する人権擁護委員による特設相談(予約制),,,2026-09-03,,13:00,16:00,※人権啓発センターに電話予約(053)457-2031,【内容】人権擁護委員による人権相談,,,静岡地方法務局浜松支局,(053)454-1396,,,浜松市役所,浜松市中央区元城町103-2,本館,34.711085,137.726132,,,,2026-08-22,17:00,"申込必要
【方法】電話",https://www.city.hamamatsu.shizuoka.jp/jinken/hrights/human/index.html,,そうだん,中央区,2026-05-21,,,002666_00
221309,20260511199,静岡県,浜松市,偏見や差別、ハラスメントなど様々な人権問題に関する人権擁護委員による特設相談(予約制、当日会場受付も可),,,2026-09-16,,14:00,16:00,※人権啓発センターに電話予約(053)457-2031、当日受付終了は15:30,【内容】人権擁護委員による人権相談,,,静岡地方法務局浜松支局,(053)454-1396,,,浜松市龍山森林文化会館,浜松市天竜区龍山町瀬尻982-2,,35.023371,137.840030,,,,2026-08-22,17:00,"申込必要
【方法】電話",https://www.city.hamamatsu.shizuoka.jp/jinken/hrights/human/index.html,,そうだん,天竜区,2026-05-21,,,002802_00
221309,20260511206,静岡県,浜松市,骨盤体操ヨガ教室,コツバンタイソウヨガキョウシツ,,2026-09-01,,9:30,11:30,9/1(火)、9/15(火)、9/29(火)全3回1セット,"【内容】骨盤体操とヨガ
【対象】市内在住の中学生以下のこどもを持つ保護者及び高齢者
【その他】持 ち 物　タオル・ドリンク",,,ふれあい交流センター竜西,(053)433-9045,,,浜松市ふれあい交流センター竜西,浜松市中央区中郡町684-1,,34.775442,137.775131,,,30人　抽選,2026-08-25,16:30,"申込必要
【締切】締切
【申込開始】2026年08月04日(火曜日)　9時00分
【方法】窓口／電話((053)433-9045)／FAX((053)433-9070)／郵送(431-3111　浜松市中央区中郡町684-1　ふれあい交流センター竜西)／E-mail(ryusei@yataro.com)
定員オーバーの場合は抽選",https://fureaikouryu-center.jp,,講座・教室,中央区,2026-05-21,,○,005427_00
221309,20260511209,静岡県,浜松市,高齢者講座ボイストレーニング,コウレイシャコウザボイストレーニング,,2026-09-09,,13:00,15:00,,"【内容】発声から練習をしていきます。初心者の方もぜひご参加ください。
【対象】浜松市内の60歳以上の方
【講師】河　早代子
【その他】持ち物:水分補給のための飲み物・筆記用具",,無料,ふれあい交流センター浜北,(053)587-4830,,,浜松市ふれあい交流センター浜北,浜松市浜名区小林1272-1,,34.806958,137.793509,,,20人　先着順　最少催行5名,2026-09-02,16:30,"申込必要
【締切】締切
【申込開始】2026年08月22日(土曜日)　9時00分
【方法】窓口／電話((053)587-4830)／ホームページ",https://fureaikouryu-center.jp,,講座・教室,浜名区,2026-05-21,,×,005437_00
221309,20260511210,静岡県,浜松市,高齢者のための防災講座,コウレイシャノタメノボウサイコウザ,,2026-09-08,,9:30,11:30,,"【内容】楽しく学ぶ身近な防災講座(パッククッキング・防災グッズ作り)
【対象】浜松市内の60歳以上の方
【講師】NPO法人積志かがやきカフェ理事長　河合　洋子
【その他】持ち物:水分補給のための飲み物",500円,,ふれあい交流センター浜北,(053)587-4830,,,浜松市ふれあい交流センター浜北,浜松市浜名区小林1272-1,,34.806958,137.793509,,,12人　先着順　定員を超えた時は抽選　最少催行3名,2026-09-01,16:30,"申込必要
【締切】締切
【申込開始】2026年08月22日(土曜日)　9時00分
【方法】窓口／電話((053)587-4830)／ホームページ",https://fureaikouryu-center.jp,,講座・教室,浜名区,2026-05-21,,×,005437_00
221309,20260511213,静岡県,浜松市,障がいのある人のための講座,,,2026-09-01,,10:30,12:00,全8回,"【内容】アート・アート
【対象】18歳以上の障がいのある人",,,"浜松市発達医療総合福祉センター はままつ友愛のさと",(053)586-8800,,,浜松市発達医療総合福祉センター,浜松市浜名区高薗775-1,,34.777945,137.815343,,,10人　抽選,2026-08-13,,"申込必要
【締切】締切
【方法】窓口／電話((053)586-8800)",https://www.h-hattatsu.com/center/fukushi/,※応募者多数の場合、抽選となります。,講座・教室,浜名区,2026-05-21,,,002270_00
221309,20260511214,静岡県,浜松市,障がいのある人のための講座,,,2026-09-07,,9:30,11:30,全8回,"【内容】編み物
【対象】18歳以上の障がいのある人
【その他】材料費実費",,,"浜松市発達医療総合福祉センター はままつ友愛のさと",(053)586-8800,,,浜松市発達医療総合福祉センター,浜松市浜名区高薗775-1,,34.777945,137.815343,,,10人　抽選,2026-08-20,,"申込必要
【締切】締切
【方法】窓口／電話((053)586-8800)",https://www.h-hattatsu.com/center/fukushi/,※応募者多数の場合、抽選となります。,講座・教室,浜名区,2026-05-21,,,002270_00
221309,20260511217,静岡県,浜松市,移動支援従事者養成研修,イドウシエンジュウジシャヨウセイケンシュウ,,2026-09-26,,10:00,17:15,実習は別途調整,"【内容】障がい者の外出のための支援の担い手を養成する講座
【対象】市内在住又は市内在勤の人
【講師】障がい者基幹相談支援センターほか",,,障がい者基幹相談支援センター,(053)401-0920,,,浜松市福祉交流センター,浜松市中央区成子町140-8,,34.700201,137.728214,,,20人　抽選,2026-08-21,,"申込必要
【締切】締切
【方法】ホームページ",https://kikan-hamamatsu.jp/,,講座・教室,中央区,2026-05-21,2026-06-12,,002342_00
221309,20260511218,静岡県,浜松市,認知症講演会「認知症の人やその家族が安心して暮らせるまちを目指して」,ニンチショウコウエンカイ「ニンチショウノヒトヤソノカゾクガアンシンシテクラセルマチヲメザシテ」,,2026-09-05,,14:00,16:00,,"【内容】認知症の人が尊厳を保持し希望を持って暮らすことができる共生社会の実現を図るため、認知症に関する知識や対応、理解を深めるもの。
【対象】浜松市民
【講師】磯貝聡先生(浜松市認知症疾患医療センター長) 他1名",,,（株）SBSプロモーション,(053)456-3150,,浜松市･浜松市認知症疾患医療センター,えんてつホール,浜松市中央区旭町12-1,遠鉄百貨店新館8階,34.704608,137.733338,JR浜松駅より徒歩約1分,,200人　先着順,,,"申込必要
【締切】締切
【申込開始】2026年07月15日(水曜日)　
【方法】FAX((053)456-2409)／ホームページ／E-mail(hama-koen@chunichi-adnet.co.jp)
※ホームページの申請フォームから申込",https://www.city.hamamatsu.shizuoka.jp/kourei/welfare/elderly/nintisyou/supporter.html,詳細はチラシまたはホームページで確認してください。,けんこう,中央区,2026-05-21,2026-07-03,,
221309,20260511241,静岡県,浜松市,医師による不妊相談,イシニヨルフニンソウダン,,2026-10-20,,14:00,17:00,,"【内容】専門医による面接相談(希望によりオンライン面接可)
【対象】不妊に悩むご夫婦など",,,健康増進課,(053)453-6117,,,浜松市保健所,浜松市中央区鴨江二丁目11-2,,34.705122,137.712872,,有,3人,2026-10-09,17:00,"申込必要
【締切】締切
【申込開始】2026年09月15日(火曜日)　13時00分
【方法】ホームページ",https://www.city.hamamatsu.shizuoka.jp/kenkozoshin/health/soudan/funinsoudan.html,,けんこう,中央区,2026-05-21,,,002516_00
221309,20260511269,静岡県,浜松市,摂食障害家族教室,セッショクショウガイカゾクキョウシツ,,2026-09-04,,14:00,16:00,全4回の日程です。(1)9月4日(金)(2)10月2日(金)(3)11月6日(金)(4)11月28日(土)4回目のみ13:30～15:30,"【対象】摂食障害をかかえる人のご家族
【講師】職員",,,精神保健福祉センター,(053)457-2709,2709,,浜松市精神保健福祉センター,浜松市中央区中央一丁目12-1,静岡県浜松総合庁舎4階,34.710600,137.734608,,,,2026-09-03,,"申込必要
【締切】締切
【申込開始】2026年07月15日(水曜日)　
【方法】電話",https://www.city.hamamatsu.shizuoka.jp/sei-hokenc/tayori/himawari.html,,けんこう,中央区,2026-05-21,,,001061_00
221309,20260511275,静岡県,浜松市,アウトドアクッキング(1),,,2026-09-19,,9:30,15:00,,"【内容】青少年の家の自然を楽しみながら、みんなで野外料理にチャレンジ！
【対象】小学1年～3年生",1700円,,青少年の家,(053)471-4725,,,浜松市青少年の家,浜松市中央区住吉四丁目23-1,,34.731949,137.731572,,,40名程度　応募多数の場合抽選　ホームページのイベント申込みフォームよりご応募ください。※1人一通でお申込みください,2026-08-29,,"申込必要
【申込開始】2026年08月15日(土曜日)　
【方法】ホームページ",https://h-seisyounen-ie.entetsuassist-dms.com/,,イベント,中央区,2026-05-21,,,001613_00
221309,20260511276,静岡県,浜松市,気になる子の子育て『親子のコミュ力高めよう！～根洗学園版「お弁当画用紙」プログラム実践講座～』,キニナルコノコソダテ『オヤコノコミュリョクタカメヨウ！～ネアライガクエンバン「オベントウガヨウシ」プログラムジッセンコウザ』,,2026-09-05,,10:00,12:00,,"【内容】親子のコミュニケーション力を高めるヒントを専門家から学ぶ。
【対象】 概ね1歳後半～3歳の子どもの親・祖父母、まだ言葉でのコミュニケーションがスムーズでない親子、親子のコミュニケーションが気になっている保護者　等",,ひと家族300円,子育て情報センター,(053)457-3415,,子育て情報センター,浜松市子育て情報センター,浜松市中央区中央三丁目4-18,,34.707725,137.741153,,,20人　抽選　20組,2026-08-24,17:00,"申込必要
【締切】締切
【方法】窓口／電話((053)457-3415)／ホームページ",https://www.hamamatsu-pippi.net/contents/11841.html,,こそだて,中央区,2026-05-21,,○,001060_00
221309,20260511281,静岡県,浜松市,赤ちゃんとのふれあい体験事業　スタッフ養成講座　参加者募集,アカチャントノフレアイタイケンジギョウスタッフヨウセイコウザサンカシャボシュウ,,2026-09-10,,9:30,12:00,,"【内容】中学生と赤ちゃんとのふれあい体験をサポートするスタッフ養成講座
【対象】事業のある平日午前中に活動できる方",,,ふれあいサポートネット「ふわっと」（榊原）,(090)1569-3608,,,,,,,,,,先着順　20名程度,,,"申込必要
【申込開始】2026年07月15日(水曜日)　
【方法】ホームページ",https://www.hamamatsu-pippi.net/event/eventinfo/112177.html,,こそだて,,2026-05-21,,○,
221309,20260511282,静岡県,浜松市,赤ちゃんとのふれあい体験事業　スタッフ養成講座　参加者募集,アカチャントノフレアイタイケンジギョウスタッフヨウセイコウザサンカシャボシュウ,,2026-09-25,,9:30,12:00,,"【内容】中学生と赤ちゃんとのふれあい体験をサポートするスタッフ養成講座
【対象】事業のある平日午前中に活動できる方",,,ふれあいサポートネット「ふわっと」（榊原）,(090)1569-3608,,,,,,,,,,先着順　20名程度,,,"申込必要
【申込開始】2026年07月15日(水曜日)　
【方法】ホームページ",https://www.hamamatsu-pippi.net/event/eventinfo/112177.html,,こそだて,,2026-05-21,,○,
221309,20260511284,静岡県,浜松市,働きたいママ両立応援講座(託児あり),ハタラキタイママリョウリツオウエンコウザ(タクジアリ),,2026-09-03,,10:00,12:00,,"【内容】就労希望者への就労に向けた準備説明会(講義、保育情報の提供)、個別相談
【対象】子育て中の親で、就労希望の人(天竜区以外にお住まいの人も参加できます)",,,NPO法人はままつ子育てネットワークぴっぴ,(053)457-3418,,,天竜保健福祉センター,浜松市天竜区二俣町二俣530-18,,34.871333,137.814592,,,20人　抽選　応募多数の場合抽選,2026-08-24,17:00,"申込必要
【締切】締切
【方法】電話((053)-457-3418)／ホームページ",https://www.hamamatsu-pippi.net/contents/7883.html,,講座・教室,天竜区,2026-05-21,,○,002518_00
221309,20260511305,静岡県,浜松市,栗栽培教室,クリサイバイキョウシツ,,2026-09-06,,10:00,12:00,,【内容】栽培担当が育て方のポイントを説明します。,,"受講料500円
※別途入園料が必要",フルーツパーク時之栖,(053)428-5211,,,浜松市フルーツパーク時之栖,浜松市浜名区都田町4263-1,,34.840260,137.732989,,,先着順,,,"申込必要
【申込開始】2026年07月15日(水曜日)　
【方法】電話／E-mail",https://hamamatsu-fp.co.jp,,講座・教室,浜名区,2026-05-21,,×,000117_00
221309,20260511314,静岡県,浜松市,歴史講座「報徳の軌跡～松島十湖没後百年」,レキシコウザ「ホウトクノキセキ～マツシマジッコボツゴヒャクネン～」,,2026-09-02,,10:00,12:00,"4回講座
毎週水曜日開催","【内容】松島十湖翁没後百年として、彼と報徳の軌跡を学ぶ
【対象】成人
【講師】山下智之
【出演・演目など】「報徳の軌跡～松島十湖没後百年」
【その他】筆記用具
水分補給用の飲み物",1000円,"4回講座1,000円",農村環境改善センター,(053)486-1122,,,浜松市農村環境改善センター,浜松市中央区伊左地町1320-1,,34.748338,137.673701,,約80台,20人　抽選,2026-08-21,,"申込必要
【締切】必着
【申込開始】2026年07月01日(水曜日)　
【方法】窓口／郵送(431-1111　浜松市中央区伊左地町1320-1　浜松市農村環境改善センター)／ホームページ
はがき、ホームページ、もしくはセンター窓口にて申込 (1)講座名 (2)参加者氏名(ふりがな) (3)性別 (4)年齢 (5)郵便番号 (6)住所 (7)電話番号　を記入",https://nouson-center.jp/,,講座・教室,中央区,2026-05-21,,×,002188_00
221309,20260511315,静岡県,浜松市,避難所の困りごとから学ぶ自身の防災対策,ヒナンジョノコマリゴトカラマナブジシンノボウサイタイサク,,2026-09-26,,9:30,11:30,1回講座,"【内容】成人男女で避難所生活の実態や困ることの具体的な問題点と対策を考える
【対象】成人
【講師】河合洋子
【出演・演目など】避難所生活の実態を知り自身の防災対策を考える
【その他】筆記用具",500円,1回講座500円,農村環境改善センター,(053)486-1122,,,浜松市農村環境改善センター,浜松市中央区伊左地町1320-1,,34.748338,137.673701,,約80台,20人　抽選,2026-09-05,,"申込必要
【締切】必着
【申込開始】2026年07月01日(水曜日)　
【方法】窓口／郵送(431-1111　浜松市中央区伊左地町1320-1　浜松市農村環境改善センター)／ホームページ
はがき、ホームページ、もしくはセンター窓口にて申込 (1)講座名 (2)参加者氏名(ふりがな) (3)性別 (4)年齢 (5)郵便番号 (6)住所 (7)電話番号　を記入",https://nouson-center.jp/,,講座・教室,中央区,2026-05-21,,×,002188_00
221309,20260511328,静岡県,浜松市,花の和紙づくり,ハナノワシヅクリ,,2026-09-06,,10:00,11:30,,"【内容】和紙の原料の一つとして知られる椿と、園内でとれた花や葉を使って、葉書サイズの和紙を制作します。1人2枚制作可能。
【講師】パーク管理課 大石",800円,,はままつフラワーパーク,(053)487-0511,,,はままつフラワーパーク,浜松市中央区舘山寺町195,,34.763174,137.633296,,,5人　抽選,2026-08-10,16:00,"申込必要
【締切】必着
【申込開始】2026年07月01日(水曜日)　9時00分
【方法】FAX((053)487-0833)／ホームページ／E-mail(info@e-flowerpark.com)",https://e-flowerpark.com,,イベント,中央区,2026-05-21,,,000464_00
221309,20260511344,静岡県,浜松市,応急手当の方法を学ぼう・普通救命講習Ⅲ,オウキュウテアテノホウホウヲマナボウ・フツウキュウメイコウシュウサン,,2026-09-17,,9:00,12:00,,【条件】市内在住、在勤、通学,,0,消防局警防課,(053)475-7562,,消防局警防課,"浜松市消防局 北消防署",浜松市浜名区細江町三和2173番地の7,,34.814683,137.668595,,有,15人　先着順,2026-09-15,12:00,"申込必要
【締切】必着
【申込開始】2026年09月01日(火曜日)　12時00分
【方法】窓口／FAX((050)3537-8983)／郵送(430-0905　浜松市中央区下池川町19-1　消防局警防課)／ホームページ",https://www.city.hamamatsu.shizuoka.jp/bosai/shobo/koshu/index.html,,講座・教室,浜名区,2026-05-21,,,
221309,20260511345,静岡県,浜松市,応急手当の方法を学ぼう・普通救命講習Ⅰ,オウキュウテアテノホウホウヲマナボウ・フツウキュウメイコウシュウイチ,,2026-09-18,,10:00,13:00,,【条件】市内在住、在勤、通学,,0,消防局警防課,(053)475-7562,,消防局警防課,浜松市防災学習センター,浜松市中央区山下町192,,34.718456,137.729544,,有,30人　先着順,2026-09-16,12:00,"申込必要
【締切】必着
【申込開始】2026年09月01日(火曜日)　12時00分
【方法】窓口／FAX((050)3537-8983)／郵送(430-0905　浜松市中央区下池川町19-1　消防局警防課)／ホームページ",https://www.city.hamamatsu.shizuoka.jp/bosai/shobo/koshu/index.html,,講座・教室,中央区,2026-05-21,,,005095_00
221309,20260511346,静岡県,浜松市,応急手当の方法を学ぼう・上級救命講習,オウキュウテアテノホウホウヲマナボウ・ジョウキュウキュウメイコウシュウ,,2026-09-24,,10:00,19:00,,【条件】市内在住、在勤、通学,,0,消防局警防課,(053)475-7562,,消防局警防課,浜松市防災学習センター,浜松市中央区山下町192,,34.718456,137.729544,,有,30人　先着順,2026-09-18,12:00,"申込必要
【締切】必着
【申込開始】2026年09月01日(火曜日)　12時00分
【方法】窓口／FAX((050)3537-8983)／郵送(430-0905　浜松市中央区下池川町19-1　消防局警防課)／ホームページ",https://www.city.hamamatsu.shizuoka.jp/bosai/shobo/koshu/index.html,,講座・教室,中央区,2026-05-21,,,005095_00
221309,20260511347,静岡県,浜松市,応急手当の方法を学ぼう・普通救命講習Ⅰ,オウキュウテアテノホウホウヲマナボウ・フツウキュウメイコウシュウイチ,,2026-09-29,,13:30,16:30,,【条件】市内在住、在勤、通学,,0,消防局警防課,(053)475-7562,,消防局警防課,浜松市防災学習センター,浜松市中央区山下町192,,34.718456,137.729544,,有,30人　先着順,2026-09-25,12:00,"申込必要
【締切】必着
【申込開始】2026年09月01日(火曜日)　12時00分
【方法】窓口／FAX((050)3537-8983)／郵送(430-0905　浜松市中央区下池川町19-1　消防局警防課)／ホームページ",https://www.city.hamamatsu.shizuoka.jp/bosai/shobo/koshu/index.html,,講座・教室,中央区,2026-05-21,,,005095_00
221309,20260511348,静岡県,浜松市,応急手当の方法を学ぼう・普通救命講習Ⅰ,オウキュウテアテノホウホウヲマナボウ・フツウキュウメイコウシュウイチ,,2026-09-30,,13:30,16:30,,【条件】市内在住、在勤、通学,,0,消防局警防課,(053)475-7562,,消防局警防課,"浜松市消防局 北消防署",浜松市浜名区細江町三和2173番地の7,,34.814683,137.668595,,有,15人　先着順,2026-09-28,12:00,"申込必要
【締切】必着
【申込開始】2026年09月01日(火曜日)　12時00分
【方法】窓口／FAX((050)3537-8983)／郵送(430-0905　浜松市中央区下池川町19-1　消防局警防課)／ホームページ",https://www.city.hamamatsu.shizuoka.jp/bosai/shobo/koshu/index.html,,講座・教室,浜名区,2026-05-21,,,
221309,20260511349,静岡県,浜松市,第1回キラキラわくわく体験教室,ダイイッカイキラキラワクワクタイケンキョウシツ,,2026-09-19,2026-09-20,13:00,,終了時間は20日(日)13:30　1泊2日,"【内容】かわな大王チャレンジハイクと芋饅頭づくり
【対象】家族単位(大人だけ、子どもだけの参加は不可)",,"大人8,500円　子ども7,500円",浜松市かわな野外活動センター,(053)544-0219,,浜松市かわな野外活動センター,浜松市かわな野外活動センター,浜松市浜名区引佐町川名455-5,,34.879453,137.698441,,,抽選　10家族,2026-07-24,,"申込必要
【締切】必着
【申込開始】2026年07月15日(水曜日)　
【方法】E-mail(kawana@hamamatsu-sports.or.jp)
Eメールで【参加者全員の氏名(ふりがな)・学校名と学年(子どものみ)・性別・年齢・生年月日、郵便番号、住所、電話番号、同室を希望する家族がいる場合は相手家族の氏名を明記】",,,イベント,浜名区,2026-05-21,,○,000051_00
221309,20260511350,静岡県,浜松市,かわなネイチャーワールド☆秋,カワナネイチャーワールド☆アキ,,2026-10-17,2026-10-18,10:30,,終了時間は18日(日)13:30　1泊2日,"【内容】ネイチャートレッキング、沢登りにチャレンジ！
【対象】小学校1年生～小学校3年生(保護者送迎のみ)",,"9,500円",浜松市かわな野外活動センター,(053)544-0219,,浜松市かわな野外活動センター,浜松市かわな野外活動センター,浜松市浜名区引佐町川名455-5,,34.879453,137.698441,,,80人　先着順,2026-08-19,23:59,"申込必要
【締切】締切
【申込開始】2026年08月10日(月曜日)　6時00分
かわな野外活動ホームページ内の浜松市スポーツ協会ホームページ申込フォームにより申込。※申込前に「@.jp」からのメールを受信できるよう、迷惑メール防止設定の確認をお願いします。",https://www.kawana-oac.com/,,イベント,浜名区,2026-05-21,,○,000051_00
221309,20260511353,静岡県,浜松市,第1期カーズマン先生と楽しく体育遊び,,,2026-09-06,,10:00,11:30,,"【内容】遊びを通して、楽しく身体を動かしましょう。
【対象】市内在住の小学生",0円,,ふれあい交流センター江之島,(053)425-9907,,,浜松市ふれあい交流センター江之島,浜松市中央区江之島町606,,34.666958,137.751839,,,30人　抽選,2026-08-25,,"申込必要
【締切】締切
【申込開始】2026年07月05日(日曜日)　
【方法】窓口／電話((053)425-9907)／FAX((053)425-9907)／E-mail(csw-enoshima@major.ocn.ne.jp)",https://www.hamamatsu-syakyou.jp/,,講座・教室,中央区,2026-05-21,,○,005433_00
221309,20260511356,静岡県,浜松市,骨ナビ・健康リンパ体操講座,,,2026-08-26,2026-09-09,13:30,15:00,,"【内容】骨の関節の正しい使い方を学び自分の体を見直す
【対象】60歳以上の市民",0円,,ふれあい交流センター可美,(053)440-0571,,,浜松市ふれあい交流センター可美,浜松市中央区増楽町1645-1,,34.691591,137.693903,,,15人　抽選,2026-07-28,,"申込必要
【締切】締切
【申込開始】2026年07月05日(日曜日)　
【方法】窓口／電話((053)440-0571)／FAX((053)440-0572)",https://www.hamamatsu-syakyou.jp/,,講座・教室,中央区,2026-05-21,,×,005434_00
221309,20260511357,静岡県,浜松市,防災食を学ぼう(親子編),,,2026-09-05,,10:00,12:00,,"【内容】親子で防災時簡単にできるパッククッキングを知ろう！
【対象】市内在住の小学3年生から小学6年生までとその保護者",1000円,親子2名分材料費,ふれあい交流センター青龍,(053)422-2161,,,浜松市ふれあい交流センター青龍,浜松市中央区青屋町300,いきいきプラザ天竜川1階,34.715732,137.782995,,,8人　先着順　親子4組,2026-08-23,,"申込必要
【締切】締切
【申込開始】2026年07月25日(土曜日)　
【方法】窓口／電話((053)422-2161)／FAX((053)422-2239)／E-mail(csw-seiryu@major.ocn.ne.jp)",https://www.hamamatsu-syakyou.jp/,,講座・教室,中央区,2026-05-21,,○,005435_00
221309,20260511358,静岡県,浜松市,防災食を学ぼう(シニア編),,,2026-09-10,,10:00,12:00,,"【内容】防災時簡単にできるパッククッキングを知ろう！
【対象】市内在住の60歳以上の方",700円,材料費,ふれあい交流センター青龍,(053)422-2161,,,浜松市ふれあい交流センター青龍,浜松市中央区青屋町300,いきいきプラザ天竜川1階,34.715732,137.782995,,,8人　先着順,2026-08-26,,"申込必要
【締切】締切
【申込開始】2026年07月28日(火曜日)　
【方法】窓口／電話((053)422-2161)／FAX((053)422-2239)／E-mail(csw-seiryu@major.ocn.ne.jp)",https://www.hamamatsu-syakyou.jp/,,講座・教室,中央区,2026-05-21,,×,005435_00
221309,20260511359,静岡県,浜松市,親子トリセツ～あそび～,,,2026-09-06,2026-09-13,10:00,11:30,,"【内容】体を使って親子で楽しくあそび、親子のスキンシップを高めましょう
【対象】市内在住の未就園児(2歳児以上)とその保護者",0円,,ふれあい交流センター青龍,(053)422-2161,,,浜松市ふれあい交流センター青龍,浜松市中央区青屋町300,いきいきプラザ天竜川1階,34.715732,137.782995,,,30人　先着順　親子15組,2026-08-23,,"申込必要
【締切】締切
【申込開始】2026年07月26日(日曜日)　
【方法】窓口／電話((053)422-2161)／FAX((053)422-2239)／E-mail(csw-seiryu@major.ocn.ne.jp)",https://www.hamamatsu-syakyou.jp/,,講座・教室,中央区,2026-05-21,,○,005435_00
221309,20260511381,静岡県,浜松市,短歌入門講座　三十一音で遊ぼう,タンカニュウモンコウザ,,2026-09-05,,9:30,11:30,,"【内容】短歌を初めて学ぼうとする人のための講座です。短歌の知識や作り方、鑑賞の仕方を学びます。
【対象】どなたでも
【講師】柴田典昭(静岡県歌人協会会長)",3500円,,浜松文芸館,(053)453-3933,,浜松文芸館,クリエート浜松,浜松市中央区早馬町2-1,5階　51会議室,34.710326,137.733836,,,42人　抽選,2026-08-15,,"申込必要
【締切】必着
【申込開始】2026年07月20日(月曜日)　
【方法】郵送(430-0916　中央区早馬町2-1　浜松文芸館)
往復はがきに、講座名・郵便番号・住所・氏名(ふりがな)・電話番号、返信用にご自分の住所・氏名を書いて、「浜松文芸館」まで。",https://www.hcf.or.jp/facilities/bungei.php,詳しくは電話またはチラシ等で,講座・教室,中央区,2026-05-21,,,004149_00
221309,20260511382,静岡県,浜松市,俳句入門講座Ⅲ秋　俳句をはじめてみよう,ハイクニュウモンコウザⅢアキ,,2026-09-05,,13:30,15:30,,"【内容】俳句を初めて学ぼうとする人のための講座です。俳句の知識や作り方、鑑賞の仕方を学びます。
【対象】どなたでも
【講師】村松二本(俳句結社「椎」主宰)",2800円,,浜松文芸館,(053)453-3933,,浜松文芸館,クリエート浜松,浜松市中央区早馬町2-1,5階　51会議室,34.710326,137.733836,,,42人　抽選,2026-08-15,,"申込必要
【締切】必着
【申込開始】2026年07月20日(月曜日)　
【方法】郵送(430-0916 中央区早馬町2-1　浜松文芸館)
往復はがきに、講座名・郵便番号・住所・氏名(ふりがな)・電話番号、返信用にご自分の住所・氏名を書いて、「浜松文芸館」まで。",https://www.hcf.or.jp/facilities/bungei.php,詳しくは電話またはチラシ等で,講座・教室,中央区,2026-05-21,,,004149_00
221309,20260511383,静岡県,浜松市,秋の文章教室講座　文章を書くポイント教えます！,アキノブンショウキョウシツ　ブンショウヲカクポイントオシエマス!,,2026-09-13,,13:30,15:30,,"【内容】文章の書き方のポイントを分かりやすくお伝えします。
【対象】どなたでも
【講師】たかはたけいこ(エッセイスト・「浜松市民文芸」選者)",2100円,,浜松文芸館,(053)453-3933,,浜松文芸館,クリエート浜松,浜松市中央区早馬町2-1,5階　52会議室,34.710326,137.733836,,,10人　抽選,2026-08-15,,"申込必要
【締切】必着
【申込開始】2026年07月20日(月曜日)　
【方法】郵送(430-0916　中央区早馬町2-1　浜松文芸館)
往復はがきに、講座名・郵便番号・住所・氏名(ふりがな)・電話番号、返信用にご自分の住所・氏名を書いて、「浜松文芸館」まで。",https://www.hcf.or.jp/facilities/bungei.php,詳しくは電話またはチラシ等で,講座・教室,中央区,2026-05-21,,,004149_00
221309,20260511385,静岡県,浜松市,放送大学令和8年度第2学期学生募集中,ホウソウダイガクレイワ8ネンドダイ2ガッキガクセイボシュウチュウ,,2026-06-10,2026-09-09,,,,"【内容】資料請求は無料。願書を浜松サテライトスペースに請求し、郵送で放送大学本部へ。
※インターネット出願も可だが別途郵送で書類提出が必要。
※出願期限:第1回は6月10日(水)～8月31日(月)まで。第2回は9月1日(火)～9月9日(水)まで。
【対象】15歳以上",,,放送大学浜松サテライトスペース,(053)453-3303,,,クリエート浜松,浜松市中央区早馬町2-1,,34.710326,137.733836,,,,2026-09-09,,"申込必要
【締切】必着
【申込開始】2026年06月10日(水曜日)　
【方法】郵送(261-8686　千葉県千葉市美浜郵便局私書箱5号　(郵送)放送大学本部へ　※インターネット出願可)",https://www.ouj.ac.jp/,詳しくは電話またはホームページで,講座・教室,中央区,2026-05-21,,,004149_00
221309,20260511387,静岡県,浜松市,第十九回「十湖賞」俳句大会へ投句してみませんか,ダイジュウキュウカイ「ジッコショウ」ハイクタイカイヘトウクシテミマセンカ,,2026-07-01,2026-09-30,,,,"【内容】中央区東地域豊西町に生まれた俳人・松島十湖翁の遺徳を称える俳句大会で、毎年全国各地からたくさんの投句があります。
【その他】句題:自由、応募句数:1人につき2句まで※未発表の作品に限る",,無料,中央区東行政センター（地域振興担当）,(053)424-0115,6021,,東行政センター,浜松市中央区流通元町20-3,,34.741515,137.791771,,,,2026-09-30,,申込不要,https://www.city.hamamatsu.shizuoka.jp/e-shinko/ward/higashiku/haiku/haiku.html,応募方法などの詳細は、HPをご確認ください。,おしらせ,中央区,2026-05-21,,,002063_00
221309,20260511424,静岡県,浜松市,浜北地域活動・研修センターのパソコン教室　Word応用講座,ハマキタチイキカツドウケンシュウセンターノパソコンキョウシツ　ワードオウヨウコウザ,,2026-09-26,,13:30,16:30,9月26日～11月7日までの毎週土曜日　全7回,"【内容】図形や図表、写真を使った文書の作成、差し込み印刷、文書の校閲、便利な機能などを学ぶ
【対象】15歳以上(高校生を除く)
【条件】ノートパソコン(Microsoft　Word2019以上のバージョンが使用できること)を持参し、Wordの基本操作ができる方",,テキスト代　2，200円程度,浜北地域活動・研修センター,(053)588-2740,,,浜松市浜北地域活動・研修センター,浜松市浜名区於呂2829-1,,34.834729,137.801964,遠鉄電車岩水寺駅東口より徒歩1分,あり,20人　抽選　応募多数時は求職者・在職者・初受講者を優先し抽選,2026-08-15,,"申込必要
【方法】窓口／電話((053)588-2740)／ホームページ",https://www.city.hamamatsu.shizuoka.jp/hk-syokkun/index.html,,講座・教室,浜名区,2026-05-21,,,004266_00
221309,20260511425,静岡県,浜松市,第40回浜北寄席,ダイヨンジュッカイハマキタヨセ,,2026-10-10,,14:00,,,【内容】落語家による寄席,,料金未定,浜北文化センター,(053)586-5151,,,浜松市浜北文化センター,浜松市浜名区貴布祢291-1,,34.794439,137.783274,,,1200人　先着順,,,"申込必要
【申込開始】2026年07月15日(水曜日)　10時00分
【方法】窓口",https://www.hcf.or.jp/facilities/hkb/,,イベント,浜名区,2026-05-21,,,002410_00
221309,20260520476,静岡県,浜松市,歴史講演会「浜松領民と水野忠邦のガチバトル」,,,2026-09-12,,13:30,15:00,,"【内容】家康公に関連した歴史講演会の開催
【対象】市内に居住または通勤・通学する人
【講師】梓澤　要
【出演・演目など】「浜松領民と水野忠邦のガチバトル～無茶ぶりに屈しない領民たちの結束力」",,無料,東行政センター,(053)424-0164,6061,浜松市,浜松市総合産業展示館,浜松市中央区流通元町20-2,,34.740536,137.791492,,,300人　先着順,,,"申込必要
【申込開始】2026年07月27日(月曜日)　8時30分
【方法】窓口／電話((053)424-0164)／ホームページ
7月27日(月)から東行政センター3階まちづくり推進担当、東地域内の各協働センター(天竜・笠井・積志・長上・蒲)で整理券を配布(1人3枚まで)。(平日午前8時30分～午後5時15分まで。各協働センターのみ土曜日も配布)。電話申込は東行政センター(電話:053-424-0164)のみ受付。インターネットでも受付。",https://www.city.hamamatsu.shizuoka.jp/e-machi/r8-rekishi.html,,イベント,中央区,2026-05-21,,×,001719_00
221309,20260520478,静岡県,浜松市,オリジナルヒョウタンづくり【収穫】,オリジナルヒョウタンヅクリ【シュウカク】,,2026-09-12,2026-09-13,13:00,15:00,※7/27～31に当日先着順で受付しセンナリヒョウタンに記入、9月12日(土)・13日(日)に収穫。7月の記入と9月の収穫がセットの体験会,"【内容】絵や文字を書いてオリジナルヒョウタンを作ろう。7月にセンナリヒョウタンに絵や文字を書き、9月に収穫する2回目セットの体験会
【対象】どなたでも
【条件】7月と9月どちらも参加できる方が対象
【講師】パーク管理課 山下",,※9月の収穫時は参加費なし,はままつフラワーパーク,(053)487-0511,,,はままつフラワーパーク,浜松市中央区舘山寺町195,,34.763174,137.633296,,,,,,,https://e-flowerpark.com,,イベント,中央区,2026-05-21,,○,000464_00
221309,20260608002,静岡県,浜松市,秋フェスタ2026「インクルーシブ避難所体験～多様な人が安心して過ごせる避難所を考えよう～」,イベント　インクルーシブヒナンジョタイケン　タヨウナヒトガアンシンシテスゴセルヒナンジョヲカンガエヨウ,"Action for All: Inclusive Disaster Skills Workshop Event～Let's think about evacuation shelters where diverse people can feel safe～ in hamaboya",2026-09-19,,10:00,16:00,イベント受付時間は9:45～15:30,"【内容】毎年恒例、防災学習センター秋のイベントを今年も開催！災害が多発する中、アレルギー当事者や高齢者・子ども・外国人・障がいを持つ人など多様な人が集まるとされる避難所とその運営において、様々な課題があります。多様な人のニーズを、様々な体験で学び、誰一人として取り残さない避難所運営や防災について考えましょう！　楽しみながら学べる体験ブースをたっぷり準備しています！(※従来開催している、秋フェスタ2026に該当するイベントです)
【対象】どなたでも
【条件】未就学児のみの来館は不可。必ず保護者同伴での参加を。
【出演・演目など】浜松市防災学習センターイベント",0円,無料,浜松市防災学習センター,(053)474-8555,,浜松市防災学習センター,浜松市防災学習センター,浜松市中央区山下町192,,34.718456,137.729544,,無料駐車場有,,,,申込不要,https://www.hamabosai.jp/event/,,イベント,中央区,2026-06-15,2026-07-13,○,005095_00
221309,20260608003,静岡県,浜松市,浜松市トイレカーデザインコンテスト,ハママツシトイレカーデザインコンテスト,"Hamamatsu City Toilet Car Design Contest",,2026-10-02,,,,"【内容】浜松市で導入するトイレカーにラッピングするデザインを募集します(詳細は募集要項で確認)。
【対象】どなたでも",,,危機管理課,(053)457-2537,2537,浜松市,,,,,,,,,2026-10-02,,"申込必要
【締切】必着
【方法】ホームページ
フォームから応募。10月2日(金曜日）締切 ※募集要項は危機管理課などで配布。ホームページからもダウンロードできます。",https://www.city.hamamatsu.shizuoka.jp/kiki/toilet_car/design_contest.html,,おしらせ,,2026-06-15,2026-07-27,,
221309,20260608013,静岡県,浜松市,大学共同授業(受講生・聴講生募集),ダイガクキョウドウジュギョウ(ジュコウセイ・チョウコウセイボシュウ),,2026-10-03,,9:30,12:40,"〇第1回のみ9:15からガイダンスを実施
○講義日程は会場校または講師の都合により変更となることがあります。","【内容】西部地域7大学の教授陣による、オムニバス形式での講義
【対象】一般市民の方(高校卒業もしくは同等の学力を有すると認められる方)
【出演・演目など】「人間と環境」-「スポーツ・健康と地域がつなぐ未来」-",,"○聴講生(聴講料8,000円)※授業の聴講のみとなり、単位の認定はありません。
○科目等履修生(履修登録料22,000円)※課題及び出席状況等による成績基準を満たせば、浜松学院大学(今年度の単位認定校)の単位が取得できます。(特別公開講座は無料開放)",静岡文化芸術大学　地域連携室,(053)457-6105,,ふじのくに地域・大学コンソーシアム　西部地域連携事業実施委員会,静岡大学浜松キャンパス,浜松市中央区城北三丁目5-1,,34.724796,137.717684,,,抽選,2026-08-18,,"申込必要
【締切】締切
【方法】窓口／郵送(〒430-8533　浜松市中央区中央2-1-1　静岡文化芸術大学　教務・学生室)／ホームページ",https://www.fujinokuni-consortium.or.jp/introduction/course01/course01_3,QRコードによるHP誘導可,講座・教室,中央区,2026-06-15,,,
221309,20260608014,静岡県,浜松市,外国人のための無料行政書士相談・外国人と日本人との間のトラブルの調停(行政書士ADR),ガイコクジンノタメノムリョウギョウセイショシソウダン・ガイコクジントニホンジントノアイダノトラブルノチョウテイ,,2026-09-05,,13:00,16:00,,"【内容】在留、自動車登録、国籍、結婚などの手続きの相談及び家庭、学校、職場、地域における外国人と日本人の間の文化的価値観の違いによるトラブル
【対象】外国人およびその代理人、外国人と利害関係にある日本人
【その他】ポルトガル語、英語、中国語、フィリピノ語、スペイン語、ベトナム語、インドネシア語などに対応(他の言語は応相談)",,,多文化共生センター,(053)458-2170,,,クリエート浜松,浜松市中央区早馬町2-1,,34.710326,137.733836,,,4人　先着順,2026-09-02,17:00,"申込必要
【締切】締切
【申込開始】2026年08月15日(土曜日)　9時00分
【方法】窓口／電話",https://www.hi-hice.jp/ja/event-calendar/?event-month=202609,,そうだん,中央区,2026-06-15,,,004149_00
221309,20260608015,静岡県,浜松市,外国人のための無料弁護士相談,ガイコクジンノタメノムリョウベンゴシソウダン,,2026-09-12,,13:00,16:00,,"【内容】法律に関するトラブル全般に関する相談
【対象】外国人およびその代理人、外国人と利害関係にある日本人
【その他】ポルトガル語、英語、中国語、フィリピノ語、スペイン語、ベトナム語、インドネシア語などに対応(他の言語は応相談)",,,多文化共生センター,(053)458-2170,,,クリエート浜松,浜松市中央区早馬町2-1,,34.710326,137.733836,,,4人　先着順,2026-09-09,17:00,"申込必要
【締切】締切
【申込開始】2026年08月15日(土曜日)　9時00分
【方法】窓口／電話",https://www.hi-hice.jp/ja/event-calendar/?event-month=202609,,そうだん,中央区,2026-06-15,,,004149_00
221309,20260608016,静岡県,浜松市,外国人のための無料社労士相談,ガイコクジンノタメノムリョウシャロウシソウダン,,2026-09-10,,13:00,16:00,,"【内容】社会保険や労務に関する相談
【対象】外国人およびその代理人、外国人と利害関係にある日本人
【その他】ポルトガル語、英語、中国語、フィリピノ語、スペイン語、ベトナム語、インドネシア語などに対応(他の言語は応相談)",,,多文化共生センター,(053)458-2170,,,クリエート浜松,浜松市中央区早馬町2-1,,34.710326,137.733836,,,4人　先着順,2026-09-07,17:00,"申込必要
【締切】締切
【申込開始】2026年08月15日(土曜日)　9時00分
【方法】窓口／電話",https://www.hi-hice.jp/ja/event-calendar/?event-month=202609,,そうだん,中央区,2026-06-15,,,004149_00
221309,20260608017,静岡県,浜松市,外国人のための無料弁護士相談,ガイコクジンノタメノムリョウベンゴシソウダン,,2026-09-17,,13:00,16:00,,"【内容】法律に関するトラブル全般に関する相談
【対象】外国人およびその代理人、外国人と利害関係にある日本人
【その他】ポルトガル語、英語、中国語、フィリピノ語、スペイン語、ベトナム語、インドネシア語などに対応(他の言語は応相談)",,,多文化共生センター,(053)458-2170,,,クリエート浜松,浜松市中央区早馬町2-1,,34.710326,137.733836,,,8人　先着順,2026-09-14,17:00,"申込必要
【締切】締切
【申込開始】2026年08月15日(土曜日)　9時00分
【方法】窓口／電話",https://www.hi-hice.jp/ja/event-calendar/?event-month=202609,,そうだん,中央区,2026-06-15,,,004149_00
221309,20260608018,静岡県,浜松市,在留資格に関する無料相談,ザイリュウシカクニカンスルムリョウソウダン,,2026-10-01,,13:00,16:00,,"【内容】在留資格手続き申請の個別相談
【対象】外国人相談者本人
【その他】ポルトガル語、英語、中国語、フィリピノ語、スペイン語、ベトナム語、インドネシア語などに対応(他の言語は応相談)",,,多文化共生センター,(053)458-2170,,,クリエート浜松,浜松市中央区早馬町2-1,,34.710326,137.733836,,,4人　先着順,2026-09-26,17:00,"申込必要
【締切】締切
【申込開始】2026年08月15日(土曜日)　9時00分
【方法】窓口／電話",https://www.hi-hice.jp/ja/event-calendar/?event-month=202609,,そうだん,中央区,2026-06-15,,,004149_00
221309,20260608019,静岡県,浜松市,国際理解教育ファシリテーター養成講座(全4回),コクサイリカイキョウイクファシリテーターヨウセイコウザ,,2026-09-06,,10:00,17:00,(1)9/6(2)10/25(3)11/15(4)12/6,"【内容】地球や地域の国際的な課題について考え行動したい方のためのワークショップ形式の講座です。
【対象】中学生以上",,学生は無料、社会人は各回1000円,多文化共生センター,(053)458-2170,,,クリエート浜松,浜松市中央区早馬町2-1,,34.710326,137.733836,,,24人　先着順,2026-09-04,,"申込必要
【締切】締切
【申込開始】2026年08月15日(土曜日)　
【方法】ホームページ",https://www.hi-hice.jp/ja/event-calendar/?event-month=202609,,講座・教室,中央区,2026-06-15,,,004149_00
221309,20260608021,静岡県,浜松市,U-ToC日本語教室　浜松版生活日本語コース(もみじクラス),ユートックニホンゴキョウシツ　ハママツバンニホンゴコース(モミジクラス),,2026-10-13,,9:30,13:30,10月13日～2027年9月(予定)の週4日　月火木金曜日(全150回),"【内容】日常生活で必要な日本語を勉強します。
【対象】市内在住の定住外国人の方(初めて日本語を勉強する人)",,無料,外国人学習支援センター（U-ToC）,(053)592-1117,,,浜松市外国人学習支援センター（U-ToC）,浜松市中央区雄踏町宇布見9611-1,,34.694244,137.630520,,,20人　先着順,,,"申込必要
【申込開始】2026年08月17日(月曜日)　
【方法】窓口
事前テストがあります。",https://www.hi-hice.jp,,講座・教室,中央区,2026-06-15,,,004010_00
221309,20260608022,静岡県,浜松市,U-ToC日本語教室　読み書きクラス,ユートックニホンゴキョウシツ　ヨミカキクラス,,2026-10-08,,14:00,15:30,10月8日～2027年3月11日の毎週火・木曜日(全40回),"【内容】ひらがなやカタカナ、漢字を勉強します。また文を読むことや書く練習をします。
【対象】市内在住の定住外国人の方",,無料,外国人学習支援センター（U-ToC）,(053)592-1117,,,浜松市外国人学習支援センター（U-ToC）,浜松市中央区雄踏町宇布見9611-1,,34.694244,137.630520,,,20人　先着順,,,"申込必要
【申込開始】2026年08月17日(月曜日)　
【方法】窓口
事前テストがあります。",https://www.hi-hice.jp,,講座・教室,中央区,2026-06-15,,,004010_00
221309,20260608023,静岡県,浜松市,日本語教室　週末読み書きクラス(浜名区),ニホンゴキョウシツ　シュウマツヨミカキクラス(ハマナク),,2026-10-17,,10:00,11:30,10月17日～2027年2月13日の毎週土曜日(全15回),"【内容】ひらがなやカタカナ、漢字を勉強します。また文を読むことや書く練習をします。
【対象】市内在住の定住外国人の方",,無料,外国人学習支援センター（U-ToC）,(053)592-1117,,,浜松市浜北地域活動・研修センター,浜松市浜名区於呂2829-1,,34.834729,137.801964,,,20人　先着順,,,"申込必要
【申込開始】2026年08月17日(月曜日)　
【方法】窓口／電話",https://www.hi-hice.jp,,講座・教室,浜名区,2026-06-15,,,004266_00
221309,20260608024,静岡県,浜松市,日本語教室　週末読み書きクラス(浜松南),ニホンゴキョウシツ　シュウマツヨミカキクラス(ハママツミナミ),,2026-10-17,,10:00,11:30,10月17日～2027年2月20日の毎週土曜日(全15回),"【内容】ひらがなやカタカナ、漢字を勉強します。また文を読むことや書く練習をします。
【対象】市内在住の定住外国人の方",,無料,外国人学習支援センター（U-ToC）,(053)592-1117,,,白脇協働センター,浜松市中央区寺脇町241,,34.682483,137.742784,,,20人　先着順,,,"申込必要
【申込開始】2026年08月17日(月曜日)　
【方法】窓口／電話",https://www.hi-hice.jp,,講座・教室,中央区,2026-06-15,,,004514_00
221309,20260608025,静岡県,浜松市,ミドル世代・シニア世代のためのスマートフォン安全講座,,,2026-09-16,,10:00,12:00,午前・午後の2回開催(うち午前の部),"【内容】ワンクリック詐欺や出会いトラブル、フェイクニュースの拡散など、スマートフォンでインターネットを利用する際に中高年に起こりうるトラブルの説明とその対策について学びます
【対象】スマートフォンの安全な利用方法について学びたい市民の方で、おおむね40歳以上の方",,,情報システム課,(053)457-2722,,浜松市,浜松市地域情報センター,浜松市中央区中央一丁目12-7,,34.710264,137.735670,,,20人　抽選,2026-08-31,,"申込必要
【締切】必着
【方法】郵送(430-0929　浜松市中央区中央一丁目12番7号　情報システム課「スマートフォン安全講座係」)／ホームページ
市HPの申込フォームまたは往復はがきにて。往復はがきでは、希望日時(午前の部・午後の部のいずれか一つを選択)、住所、氏名、年齢、電話番号、返信用の住所・宛名を書いて宛先まで。はがきは1人1枚。",https://www.city.hamamatsu.shizuoka.jp/j-center/middlesenioranzenkouza.html,,講座・教室,中央区,2026-06-15,,,001836_00
221309,20260608026,静岡県,浜松市,ミドル世代・シニア世代のためのスマートフォン安全講座,,,2026-09-16,,14:00,16:00,午前・午後の2回開催(うち午後の部),"【内容】ワンクリック詐欺や出会いトラブル、フェイクニュースの拡散など、スマートフォンでインターネットを利用する際に中高年に起こりうるトラブルの説明とその対策について学びます
【対象】スマートフォンの安全な利用方法について学びたい市民の方で、おおむね40歳以上の方",,,情報システム課,(053)457-2722,,浜松市,浜松市地域情報センター,浜松市中央区中央一丁目12-7,,34.710264,137.735670,,,20人　抽選,2026-08-31,,"申込必要
【締切】必着
【方法】郵送(430-0929　浜松市中央区中央一丁目12番7号　情報システム課「スマートフォン安全講座係」)／ホームページ
市HPの申込フォームまたは往復はがきにて。往復はがきでは、希望日時(午前の部・午後の部のいずれか一つを選択)、住所、氏名、年齢、電話番号、返信用の住所・宛名を書いて宛先まで。はがきは1人1枚。",https://www.city.hamamatsu.shizuoka.jp/j-center/middlesenioranzenkouza.html,,講座・教室,中央区,2026-06-15,,,001836_00
221309,20260608027,静岡県,浜松市,不動産公売,フドウサンコウバイ,,2026-09-08,,10:30,11:00,,"【内容】市税の滞納による差し押さえ財産を入札により公売
【対象】原則として、公売保証金を納付すれば、どなたでも参加できます。
【その他】事情により公売は取り下げになることがあります。
入札手続きに20分程度必要となります。余裕をもってお越しください。",,,収納対策課,(053)457-2279,,,元目分庁舎,浜松市中央区元目町120-1,,34.713885,137.729362,,,,,,申込不要,https://www.city.hamamatsu.shizuoka.jp/noze/zei/koubai/index.html,,おしらせ,中央区,2026-06-15,,,000557_00
221309,20260608028,静岡県,浜松市,宅建士による定例空き家相談会,タッケンシニヨルテイレイアキヤソウダンカイ,,2026-09-16,,13:30,16:30,相談時間は40分(時間帯は後日通知),"【内容】空き家に関するお困りごとについて宅建士が専門的な視点から、解決に向けた方向性や具体的な対策のヒントをご提供します
【対象】市内に空き家を所有し、売却や利活用について考えている方",0円,無料,公益社団法人静岡県宅地建物取引業協会,(054)246-1511,,公益社団法人静岡県宅地建物取引業協会,クリエート浜松,浜松市中央区早馬町2-1,,34.710326,137.733836,,無,4人　先着順,2026-08-31,17:00,"申込必要
【申込開始】2026年08月17日(月曜日)　9時00分
【方法】FAX((054)245-9730)／E-mail(seibu@shizuoka-takken.or.jp)",https://www.shizuoka-takken.or.jp/contact/consult.php?id=consult_tab&tab=4#consult_tab,,そうだん,中央区,2026-06-15,2026-07-13,,004149_00
221309,20260608029,静岡県,浜松市,宅建士による定例空き家相談会,タッケンシニヨルテイレイアキヤソウダンカイ,,2026-10-21,,13:30,16:30,相談時間は40分(時間帯は後日通知),"【内容】空き家に関するお困りごとについて宅建士が専門的な視点から、解決に向けた方向性や具体的な対策のヒントをご提供します
【対象】市内に空き家を所有し、売却や利活用について考えている方",0円,無料,公益社団法人静岡県宅地建物取引業協会,(054)246-1511,,公益社団法人静岡県宅地建物取引業協会,クリエート浜松,浜松市中央区早馬町2-1,,34.710326,137.733836,,無,4人　先着順,2026-09-30,17:00,"申込必要
【申込開始】2026年09月15日(火曜日)　9時00分
【方法】FAX((054)245-9730)／E-mail(seibu@shizuoka-takken.or.jp)",https://www.shizuoka-takken.or.jp/contact/consult.php?id=consult_tab&tab=4#consult_tab,,そうだん,中央区,2026-06-15,2026-07-13,,004149_00
221309,20260608030,静岡県,浜松市,宅建士による定例空き家相談会,タッケンシニヨルテイレイアキヤソウダンカイ,,2026-11-18,,13:30,16:30,相談時間は40分(時間帯は後日通知),"【内容】空き家に関するお困りごとについて宅建士が専門的な視点から、解決に向けた方向性や具体的な対策のヒントをご提供します
【対象】市内に空き家を所有し、売却や利活用について考えている方",0円,無料,公益社団法人静岡県宅地建物取引業協会,(054)246-1511,,公益社団法人静岡県宅地建物取引業協会,クリエート浜松,浜松市中央区早馬町2-1,,34.710326,137.733836,,無,4人　先着順,2026-11-02,17:00,"申込必要
【申込開始】2026年10月15日(木曜日)　9時00分
【方法】FAX((054)245-9730)／E-mail(seibu@shizuoka-takken.or.jp)",https://www.shizuoka-takken.or.jp/contact/consult.php?id=consult_tab&tab=4#consult_tab,,そうだん,中央区,2026-06-15,2026-07-13,,004149_00
221309,20260608031,静岡県,浜松市,宅建士による定例空き家相談会,タッケンシニヨルテイレイアキヤソウダンカイ,,2026-12-16,,13:30,16:30,相談時間は40分(時間帯は後日通知),"【内容】空き家に関するお困りごとについて宅建士が専門的な視点から、解決に向けた方向性や具体的な対策のヒントをご提供します
【対象】市内に空き家を所有し、売却や利活用について考えている方",0円,無料,公益社団法人静岡県宅地建物取引業協会,(054)246-1511,,公益社団法人静岡県宅地建物取引業協会,クリエート浜松,浜松市中央区早馬町2-1,,34.710326,137.733836,,無,4人　先着順,2026-11-30,17:00,"申込必要
【申込開始】2026年11月16日(月曜日)　9時00分
【方法】FAX((054)245-9730)／E-mail(seibu@shizuoka-takken.or.jp)",https://www.shizuoka-takken.or.jp/contact/consult.php?id=consult_tab&tab=4#consult_tab,,そうだん,中央区,2026-06-15,2026-07-13,,004149_00
221309,20260608032,静岡県,浜松市,宅建士による定例空き家相談会,タッケンシニヨルテイレイアキヤソウダンカイ,,2027-02-17,,13:30,16:30,相談時間は40分(時間帯は後日通知),"【内容】空き家に関するお困りごとについて宅建士が専門的な視点から、解決に向けた方向性や具体的な対策のヒントをご提供します
【対象】市内に空き家を所有し、売却や利活用について考えている方",0円,無料,公益社団法人静岡県宅地建物取引業協会,(054)246-1511,,公益社団法人静岡県宅地建物取引業協会,クリエート浜松,浜松市中央区早馬町2-1,,34.710326,137.733836,,無,4人　先着順,2027-02-01,17:00,"申込必要
【申込開始】2027年01月15日(金曜日)　9時00分
【方法】FAX((054)245-9730)／E-mail(seibu@shizuoka-takken.or.jp)",https://www.shizuoka-takken.or.jp/contact/consult.php?id=consult_tab&tab=4#consult_tab,,そうだん,中央区,2026-06-15,2026-07-13,,004149_00
221309,20260608033,静岡県,浜松市,宅建士による定例空き家相談会,タッケンシニヨルテイレイアキヤソウダンカイ,,2027-03-17,,13:30,16:30,相談時間は40分(時間帯は後日通知),"【内容】空き家に関するお困りごとについて宅建士が専門的な視点から、解決に向けた方向性や具体的な対策のヒントをご提供します
【対象】市内に空き家を所有し、売却や利活用について考えている方",0円,無料,公益社団法人静岡県宅地建物取引業協会,(054)246-1511,,公益社団法人静岡県宅地建物取引業協会,クリエート浜松,浜松市中央区早馬町2-1,,34.710326,137.733836,,無,4人　先着順,2027-03-01,17:00,"申込必要
【申込開始】2027年02月15日(月曜日)　9時00分
【方法】FAX((054)245-9730)／E-mail(seibu@shizuoka-takken.or.jp)",https://www.shizuoka-takken.or.jp/contact/consult.php?id=consult_tab&tab=4#consult_tab,,そうだん,中央区,2026-06-15,2026-07-13,,004149_00
221309,20260608034,静岡県,浜松市,「すずめの学校合唱部」第4回定期演奏会～歌声とどけ！冬空のかなたへ～,「スズメノガッコウガッショウブ」ダイ4カイテイキエンソウカイ～タカクマイアガレ、ウタゴエノハーモニー～,,2026-12-06,,13:30,15:30,12:45開場,"【内容】中高年齢層を中心に結成された混声合唱団の第4回定期演奏会。
【対象】どなたでも(未就学児入場可)
【出演・演目など】すずめの学校合唱部",500円,全席自由,あいホール,(053)412-0350,,すずめの学校合唱部,アクトシティ浜松,浜松市中央区板屋町111-1,中ホール,34.705528,137.735724,,,先着順,,,"申込必要
【申込開始】2026年09月04日(金曜日)　
【方法】窓口",https://ai-hall.com/events/20261206/,,おんがく,中央区,2026-06-15,2026-07-13,○,000015_00
221309,20260608035,静岡県,浜松市,受講・託児無料！女性のためのスキルアップ講座　～ファシリテーション力とプレゼン力を身につける～(全2回),ジュコウ・タクジムリョウ　ジョセイノタメノスキルアップコウザ　～ファシリテーションリョクトプレゼンリョクヲミニツケル～,,2026-10-10,,10:00,12:30,,"【内容】「話し合いが盛り上がらない…結論が出ない…」「伝えたいのに、うまく話せない…」そんな経験はありませんか？ファシリテーション＆プレゼンスキルを学び、さまざまな場面で役立つ「うまく伝わる、みんなが動く。」実践力を身につけましょう！

【対象】テーマに関心のある女性
【講師】第1回:鈴木まり子さん(NPO法人日本ファシリテーション協会　フェロー)第2回:原田裕見子さん(フリーアナウンサー、話し方講師)

【その他】託　児:6ヶ月以上未就学児対象(無料 定員あり 10月2日 (金)締切)※1回のみの受講も可",,,あいホール,(053)412-0351,,浜松市,浜松市男女共同参画・文化芸術活動推進センター（あいホール）,浜松市中央区幸三丁目3-1,,34.741648,137.726455,,,20人　先着順,,,"申込必要
【申込開始】2026年08月18日(火曜日)　
【方法】電話／ホームページ",https://ai-hall.com/events/career-20261010/,,講座・教室,中央区,2026-06-15,2026-07-13,○,004617_00
221309,20260608086,静岡県,浜松市,こども音楽セミナー　洋楽教室　みんなでうたおう！～リズムを感じて歌って踊ろう～,コドモオンガクセミナー　ヨウガクキョウシツ,,2026-10-04,,,,期間中全4回,"【対象】小学1年～小学4年
【講師】岡田智恵子、今井まゆみ　他",,,公益財団法人浜松市文化振興財団,(053)451-1150,,浜松市、浜松市教育委員会,クリエート浜松,浜松市中央区早馬町2-1,,34.710326,137.733836,,,30人　抽選,2026-09-11,17:00,"申込必要
【締切】締切
【申込開始】2026年07月21日(火曜日)　10時00分
【方法】ホームページ
専用申込フォームより申し込み",https://www.hacam.jp/,,講座・教室,中央区,2026-06-15,,○,004149_00
221309,20260608087,静岡県,浜松市,こども音楽セミナー　邦楽教室～いい音色！お箏で楽しく合奏しよう～,コドモオンガクセミナー　ホウガクキョウシツ,,2026-12-06,,,,期間中全4回,"【対象】小学2年～中学3年
【講師】吉田理世、吉田道美　他",,,公益財団法人浜松市文化振興財団,(053)451-1150,,浜松市、浜松市教育委員会,浜松市立高等学校,浜松市中央区広沢一丁目21-1,,34.716012,137.718252,,,50人　抽選　各クラス25名,2026-10-19,17:00,"申込必要
【締切】締切
【申込開始】2026年07月21日(火曜日)　10時00分
【方法】ホームページ
専用申込フォームより申し込み",https://www.hacam.jp/,,講座・教室,中央区,2026-06-15,,○,
221309,20260608088,静岡県,浜松市,こども音楽セミナー　吹奏楽教室　小学生クラス～楽器の楽しみを体験しよう！～,コドモオンガクセミナー　スイソウガクキョウシツ　ショウガクセイクラス,,2026-11-23,,,,期間中全4回,"【対象】小学3年～6年
【講師】加藤幸太郎",,,公益財団法人浜松市文化振興財団,(053)451-1150,,浜松市、浜松市教育委員会,"浜松修学舎 中学校・高等学校",浜松市中央区向宿二丁目20-1,,34.705152,137.752939,,,30人　抽選,2026-09-18,17:00,"申込必要
【締切】締切
【申込開始】2026年07月21日(火曜日)　10時00分
【方法】ホームページ
専用申込フォームより申し込み",https://www.hacam.jp/,,講座・教室,中央区,2026-06-15,,○,
221309,20260608089,静岡県,浜松市,こども音楽セミナー　吹奏楽教室　中学生クラス～合奏の楽しみを体験しよう！～,コドモオンガクセミナー　スイソウガクキョウシツ　チュウガクセイクラス,,2026-11-21,,,,期間中全4回,"【対象】中学1年
【講師】土屋史人",,,公益財団法人浜松市文化振興財団,(053)451-1150,,浜松市、浜松市教育委員会,浜松聖星高等学校,浜松市中央区蜆塚3丁目14-1,,34.714590,137.706194,,,50人　抽選,2026-09-15,17:00,"申込必要
【締切】締切
【申込開始】2026年07月21日(火曜日)　10時00分
【方法】ホームページ
専用申込フォームより申し込み",https://www.hacam.jp/,,講座・教室,中央区,2026-06-15,,○,
221309,20260608090,静岡県,浜松市,ジュニアクワイア浜松　第34期団員募集,ジュニアクワイアハママツ　ダイ34キダンインボシュウ,,2026-10-04,,,,13:00以降,【対象】HPでご確認ください。,,,公益財団法人浜松市文化振興財団,(053)451-1150,,浜松市,クリエート浜松,浜松市中央区早馬町2-1,,34.710326,137.733836,,,,2026-09-14,,"申込必要
【締切】締切
【方法】ホームページ
専用申込フォームより申し込み",https://www.hcf.or.jp/bunka/jojc/,,おしらせ,中央区,2026-06-15,,○,004149_00
221309,20260608991,静岡県,浜松市,ジュニアオーケストラ浜松　第34期団員募集,ジュニアオーケストラハママツ　ダイ34キダンインボシュウ,,2026-10-11,,,,,【対象】HPでご確認ください。,,,公益財団法人浜松市文化振興財団,(053)451-1150,,浜松市,アクトシティ浜松,浜松市中央区板屋町111-1,研修交流センター,34.705528,137.735724,,,,2026-09-14,,"申込必要
【締切】締切
【方法】ホームページ
専用申込フォームより申し込み",https://www.hcf.or.jp/bunka/jojc/,,おしらせ,中央区,2026-07-17,2026-07-17,○,000015_00
221309,20260608092,静岡県,浜松市,"アクト･ニューアーティスト･シリーズ2026 No.152　水野斗希(コントラバス)",ミズノトキ,,2026-11-07,,14:00,16:00,,"【内容】コントラバス・リサイタル
【条件】未就学児不可
【出演・演目など】出演:水野斗希(コントラバス)
曲目:
ボッテジーニ:序奏とボレロ
幸田延:ヴァイオリンソナタ第2番
ヘルトル:コントラバスソナタ
プーランク:フルートソナタ
プロト:カルメン幻想曲",,"【全席指定・税込】一般2,500円　学生1,000円(24歳以下)","公益財団法人 浜松市文化振興財団",(053)451-1114,,"公益財団法人 浜松市文化振興財団",アクトシティ浜松,浜松市中央区板屋町111-1,音楽工房ホール,34.705528,137.735724,,,,,,"申込必要
【申込開始】2026年08月16日(日曜日)　10時00分
【方法】窓口／ホームページ",https://www.hcf.or.jp/,,おんがく,中央区,2026-06-15,,×,000015_00
221309,20260608093,静岡県,浜松市,"アクト・プレミアム・シリーズ2026 小曽根真 クリスマス・スペシャル TRiNFiNiTY ""For Someone"" featuring アナ・マリア・ヨペック","オゾネマコト クリスマス・スペシャル トリンフィニティ フォーサムワン フィーチャリング アナ・マリア・ヨペック",,2026-12-15,,18:45,20:45,,"【内容】世界的ピアニストの小曽根真が厚い信頼を寄せる若き俊英 ベーシスト・小川晋平とドラマー・きたいくにとと結成した“TRiNFiNiTY”と、ポーランドで絶大な人気と実力を誇る歌姫アナ・マリア・ヨペックとの華やかなステージ！
【条件】未就学児入場不可
【出演・演目など】【出演】
小曽根真トリオ TRiNFiNiTY［小曽根真(ピアノ)／小川晋平(ベース)／きたいくにと(ドラムス)］、アナ・マリア・ヨペック(ヴォーカル)

【曲目】
当日発表",,"【全席指定・税込】S席9,000円　A席8,000円　B席6,500円　学生B席1,500円(24歳以下)","公益財団法人 浜松市文化振興財団",(053)451-1114,,"公益財団法人 浜松市文化振興財団",アクトシティ浜松,浜松市中央区板屋町111-1,中ホール,34.705528,137.735724,,,,,,"申込必要
【締切】締切
【申込開始】2026年08月16日(日曜日)　10時00分
【方法】窓口／ホームページ",https://www.hcf.or.jp/,,おんがく,中央区,2026-06-15,2026-07-17,×,000015_00
221309,20260608096,静岡県,浜松市,"木のかけらの ものがたり (1)","キノカケラノ モノガタリ",,2026-09-25,,18:30,20:30,,"【内容】ものがたりを想像しながら、木片や布を素材に用いてオブジェをつくる
【対象】どなたでも(小学生以下は保護者の方も参加者としてご参加ください)
【講師】とづかゆう",700円,,浜松市鴨江アートセンター,(053)-458-5360,,浜松市鴨江アートセンター,浜松市鴨江アートセンター,浜松市中央区鴨江町1番地,,34.704995,137.724658,,,20人　先着順,,,"申込必要
【申込開始】2026年08月20日(木曜日)　9時00分
【方法】窓口／電話((053)-458-5360)／E-mail(event@kamoeartcenter.org)",https://kamoeartcenter.org/,,イベント,中央区,2026-06-15,,○,004601_00
221309,20260608097,静岡県,浜松市,"木のかけらの ものがたり (2)","キノカケラノ モノガタリ",,2026-10-31,,10:00,12:00,,"【内容】ものがたりを想像しながら、木片や布を素材に用いてオブジェをつくる。2回ともに同じ内容。
【対象】どなたでも(未就学児は保護者の方も参加者としてご参加ください)
【講師】とづかゆう",700円,,浜松市鴨江アートセンター,(053)-458-5360,,浜松市鴨江アートセンター,浜松市鴨江アートセンター,浜松市中央区鴨江町1番地,,34.704995,137.724658,,,20人　先着順,,,"申込必要
【申込開始】2026年08月20日(木曜日)　9時00分
【方法】窓口／電話((053)-458-5360)／E-mail(event@kamoeartcenter.org)",https://kamoeartcenter.org/,,イベント,中央区,2026-06-15,,○,004601_00
221309,20260608099,静岡県,浜松市,"kac niche collection 2026 椎名素代展",ケーエーシー　ニッチ　コレクション　シイナモトヨテン,,2026-08-03,2026-10-30,9:00,21:30,,"【内容】開館時間中、いつでも作品を見ることのできるスペースです。
絵画やイラストレーション、彫刻に工芸、電子楽器など、アートセンターniche展ならではのアートとの出会いがきっとあります。
【対象】どなたでも",,,浜松市鴨江アートセンター,(053)-458-5360,,浜松市鴨江アートセンター(指定管理者:一般社団法人浜松創造都市協議会・東海ビル管理グループ),浜松市鴨江アートセンター,浜松市中央区鴨江町1番地,,34.704995,137.724658,,,,,,"申込不要
当日、直接会場へ",https://kamoeartcenter.org/,期間中に作家によるトークイベントあり。詳細はウェブサイトにて発表。,イベント,中央区,2026-06-15,,○,004601_00
221309,20260608101,静岡県,浜松市,木下惠介記念館映画上映会『遠い雲』,キノシタケイスケキネンカンエイガジョウエイカイ『トオイクモ』,,2026-09-20,,,,午前10時～／午後2時～(開場は上映30分前より),"【内容】木下惠介作品や木下惠介に纏わる映画作品を毎月第3日曜日に上映。
【対象】小学生以上",100円,,木下惠介記念館（浜松市旧浜松銀行協会）,(053)-457-3450,,木下惠介記念館(旧浜松銀行協会),浜松市旧浜松銀行協会（木下恵介記念館）,浜松市中央区栄町3-1,,34.704653,137.724776,,,80人　先着順,,,"申込不要
当日、直接会場へ",https://keisukemuseum.org/,,イベント,中央区,2026-06-15,,×,004327_00
221309,20260608102,静岡県,浜松市,中村與資平レクチャー「昭和100年　国鉄浜松駅と遠鉄旭町駅」と旧浜松銀行協会の館内ツアー,ナカムラヨシヘイレクチャー「ショウワヒャクネン　コクテツハママツエキトエンテツアサヒチョウエキ」トキュウハママツギンコウキョウカイノカンナイツアー,,2026-11-07,,13:30,15:30,,【対象】中学生以上,500円,,木下惠介記念館（浜松市旧浜松銀行協会）,(053)-457-3450,,木下惠介記念館(旧浜松銀行協会),浜松市旧浜松銀行協会（木下恵介記念館）,浜松市中央区栄町3-1,,34.704653,137.724776,,,30人　先着順,2026-11-06,17:00,"申込必要
【締切】締切
【申込開始】2026年08月20日(木曜日)　9時00分
【方法】窓口／電話((053)-457-3450)／E-mail(k.m.m@keisukemuseum.org)",https://keisukemuseum.org/,,イベント,中央区,2026-06-15,,×,004327_00
221309,20260608103,静岡県,浜松市,写経の会～禅の精神と日本の美意識～「美しい日本の私」に学ぶ,シャキョウノカイ～ゼンノセイシント二ホンノビイシキ～「ウツクシイ二ホンノワタシ」ニマナブ,,2026-10-10,,10:00,12:00,,"【内容】川端康成氏ノーベル賞文学賞記念講演全文より学ぶ、禅と日本人の心
【講師】臨済宗連合各派布教師会",1500円,,"茶室 松韻亭",(053)473-4310,,"茶室 松韻亭",浜松市茶室（松韻亭）,浜松市中央区鹿谷町11-4,,34.715141,137.723579,,,20人,,,"申込必要
【申込開始】2026年08月15日(土曜日)　9時00分
【方法】窓口／電話((053)473-4310)／FAX((053)473-4310)／郵送(432-8014　浜松市中央区鹿谷町11-4　茶室 松韻亭)／ホームページ／E-mail(info@shouintei.jp)",https://www.shouintei.jp/,,講座・教室,中央区,2026-06-15,,×,001852_00
221309,20260608104,静岡県,浜松市,～茶DAYS～シニアからの茶道入門,"～チャデイズ～シニアカラノ サドウニュウモン",,2026-10-06,2026-10-13,10:00,12:00,,【内容】シニア対象「茶の湯」入門講座,3000円,,"茶室 松韻亭",(053)473-4310,,"茶室 松韻亭",浜松市茶室（松韻亭）,浜松市中央区鹿谷町11-4,,34.715141,137.723579,,,20人,,,"申込必要
【申込開始】2026年08月15日(土曜日)　9時00分
【方法】窓口／電話((053)473-4310)／FAX((053)473-4310)／郵送(432-8014　浜松市中央区鹿谷町11-4　茶室 松韻亭)／ホームページ／E-mail(info@shouintei.jp)",https://www.shouintei.jp/,,講座・教室,中央区,2026-06-15,,×,001852_00
221309,20260608105,静岡県,浜松市,「能」の魅力～能楽体験ワークショップ～,「ノウ」ノミリョク～ノウガクタイケンワークショップ～,,2026-10-21,,13:00,14:30,,【内容】観世流能楽体験講座,1500円,,"茶室 松韻亭",(053)473-4310,,"茶室 松韻亭",浜松市茶室（松韻亭）,浜松市中央区鹿谷町11-4,,34.715141,137.723579,,,25人,,,"申込必要
【申込開始】2026年08月15日(土曜日)　9時00分
【方法】窓口／電話((053)473-4310)／FAX((053)473-4310)／郵送(432-8014　浜松市中央区鹿谷町11-4　茶室 松韻亭)／ホームページ／E-mail(info@shouintei.jp)",https://www.shouintei.jp/,,講座・教室,中央区,2026-06-15,2026-07-17,×,001852_00
221309,20260608106,静岡県,浜松市,"ハママツ・ジャズ・ウィーク　スチューデント ジャズ フェスティバル","ハママツ・ジャズ・ウィーク　スチューデント ジャズ フェスティバル",,2026-10-17,,12:30,16:45,,【内容】日本各地で優秀な活動を継続している中・高校生ビッグバンドによるコンサート。,1500円,一般:前売1200円・当日1500円、高校生以下:前売・当日500円(全席自由),ハママツ・ジャズ・ウィーク事務局,(053)460-3325,,浜松市、公益財団法人浜松市文化振興財団、静岡新聞社・静岡放送、ヤマハ株式会社、ヤマハ音楽振興会,アクトシティ浜松,浜松市中央区板屋町111-1,中ホール,34.705528,137.735724,,,,,,"申込必要
【申込開始】2026年08月03日(月曜日)　
申込方法などの詳細はHPで確認",https://hamamatsujazzweek.com/,,おんがく,中央区,2026-06-15,,×,000015_00
221309,20260608107,静岡県,浜松市,"ハママツ・ジャズ・ウィーク　ファミリーJAZZコンサート　親子で楽しもう Let's try！0歳からのジャズ♪",ハママツ・ジャズ・ウィーク　ファミリージャズコンサート　ゼロサイカラノジャズ！オヤコデタノシムワールドミュージック♪,,2026-10-18,,11:00,12:00,,【内容】世界のさまざまなジャンルの音楽を子供から大人まで家族で楽しめる“観て、聴いて、踊って、演奏する”体験型ファミリーコンサート。,2500円,一般:前売2000円・当日2500円、中校生以下:前売・当日500円、3歳以下膝上無料(全席自由),ハママツ・ジャズ・ウィーク事務局,(053)460-3325,,浜松市、公益財団法人浜松市文化振興財団、静岡新聞社・静岡放送、ヤマハ株式会社、ヤマハ音楽振興会,クリエート浜松,浜松市中央区早馬町2-1,ホール,34.710326,137.733836,,,,,,"申込必要
【申込開始】2026年08月03日(月曜日)　
申込方法などの詳細はHPで確認",https://hamamatsujazzweek.com/,,おんがく,中央区,2026-06-15,2026-07-17,○,004149_00
221309,20260608108,静岡県,浜松市,ハママツ・ジャズ・ウィーク　ファミリーJAZZコンサート　大人のための名曲ジャズコレクション♪,ハママツ・ジャズ・ウィーク　ファミリージャズコンサート　ジャズ・ラテンノメイキョクコンサート,,2026-10-18,,14:00,15:00,,【内容】世界のさまざまなジャンルの音楽を子供から大人まで家族で楽しめる“観て、聴いて、踊って、演奏する”体験型ファミリーコンサート。,2500円,一般:前売2000円・当日2500円、中校生以下:前売・当日500円、3歳以下膝上無料(全席自由),ハママツ・ジャズ・ウィーク事務局,(053)460-3325,,浜松市、公益財団法人浜松市文化振興財団、静岡新聞社・静岡放送、ヤマハ株式会社、ヤマハ音楽振興会,クリエート浜松,浜松市中央区早馬町2-1,ホール,34.710326,137.733836,,,,,,"申込必要
【申込開始】2026年08月03日(月曜日)　
申込方法などの詳細はHPで確認",https://hamamatsujazzweek.com/,,おんがく,中央区,2026-06-15,2026-07-17,○,004149_00
221309,20260608109,静岡県,浜松市,ハママツ・ジャズ・ウィーク　JAZZトーク～生誕100周年、名盤で辿る帝王マイルス・デイヴィスの生涯～,ハママツ・ジャズ・ウィーク　ジャズトーク～セイタンジャクネン、メイバンデタドルテイオウマイルスノショウガイ,,2026-10-21,,19:00,21:00,,【内容】ジャズの帝王、マイルスの革新性と時代を超える魅力について、ジャズ評論家の高木信哉氏が解説。,3000円,前売2500円・当日3000円(全席指定),ハママツ・ジャズ・ウィーク事務局,(053)460-3325,,浜松市、公益財団法人浜松市文化振興財団、静岡新聞社・静岡放送、ヤマハ株式会社、ヤマハ音楽振興会,トゥルネラパージュ,"浜松市中央区板屋町628 Y3 1F",,34.707307,137.734790,,,,,,"申込必要
【申込開始】2026年08月03日(月曜日)　
申込方法などの詳細はHPで確認",https://hamamatsujazzweek.com/,,おんがく,中央区,2026-06-15,2026-07-17,×,
221309,20260608110,静岡県,浜松市,"ハママツ・ジャズ・ウィーク　高木信哉×中園亜美　Special Session　メモリアルトーク＆コンサート～ジョン・コルトレーン生誕100周年、受け継がれる至高のジャズ魂～",ハママツ・ジャズ・ウィーク　メモリアルトークアンドコンサート～コルトレーンヒャクネン、ウケツガレルシコウノジャズダマシイ,,2026-10-22,,19:00,21:00,,【内容】ジャズ界の巨星・コルトレーンの軌跡をたどるトーク＆コンサート。,5500円,前売5000円・当日5500円(全席自由),ハママツ・ジャズ・ウィーク事務局,(053)460-3325,,浜松市、公益財団法人浜松市文化振興財団、静岡新聞社・静岡放送、ヤマハ株式会社、ヤマハ音楽振興会,かじまちヤマハホール,浜松市中央区鍛冶町321-6,,34.706003,137.731292,,,,,,"申込必要
【申込開始】2026年08月03日(月曜日)　
申込方法などの詳細はHPで確認",https://hamamatsujazzweek.com/,,おんがく,中央区,2026-06-15,2026-07-17,×,
221309,20260608111,静岡県,浜松市,"ハママツ・ジャズ・ウィーク　H ZETTRIO Around The World～洋楽名曲とグルーヴの旅～",ハママツ・ジャズ・ウィーク　スペシャルコンサート～ヨウガクメイキョクガオドリダス、サイネツノチョウゼツジャズナイト,,2026-10-23,,19:00,21:00,,"【内容】H ZETT Mによる洋楽ポップスのジャズアレンジを中心としたコンサート。",5500円,前売5000円・当日5500円(全席自由),ハママツ・ジャズ・ウィーク事務局,(053)460-3325,,浜松市、公益財団法人浜松市文化振興財団、静岡新聞社・静岡放送、ヤマハ株式会社、ヤマハ音楽振興会,アクトシティ浜松,浜松市中央区板屋町111-1,音楽工房ホール,34.705528,137.735724,,,,,,"申込必要
【申込開始】2026年08月03日(月曜日)　
申込方法などの詳細はHPで確認",https://hamamatsujazzweek.com/,,おんがく,中央区,2026-06-15,2026-07-17,×,000015_00
221309,20260608112,静岡県,浜松市,"ハママツ・ジャズ・ウィーク　ヤマハ ジャズ フェスティバル","ハママツ・ジャズ・ウィーク　ヤマハ ジャズ フェスティバル",,2026-10-25,,13:00,17:15,,【内容】ジャズの偉大な音楽家・作品との出会いをキーワードに、将来を担う有望な新進気鋭のミュージシャン、幅広い音楽性とエンターテインメント性でジャズの楽しさを表現するアーティスト、ジャズの伝統や真髄を次世代に伝えるベテランミュージシャンなど、多様な顔合わせにより“ここにしかない、めぐり合い。”を実現するコンサート。,12000円,SS席12000円・S席9000円・A席6500円・B席3500円(全席指定),ハママツ・ジャズ・ウィーク事務局,(053)460-3325,,浜松市、公益財団法人浜松市文化振興財団、静岡新聞社・静岡放送、ヤマハ株式会社、ヤマハ音楽振興会,アクトシティ浜松,浜松市中央区板屋町111-1,大ホール,34.705528,137.735724,,,,,,"申込必要
【申込開始】2026年08月03日(月曜日)　
申込方法などの詳細はHPで確認",https://hamamatsujazzweek.com/,,おんがく,中央区,2026-06-15,,×,000015_00
221309,20260608113,静岡県,浜松市,はままつクリエイティブスイッチ(クリエート浜松),ハママツクリエイティブスイッチ,,2026-09-19,,10:00,16:00,※参加するワークショップにより異なります,"【内容】?創造力を刺激する、楽しいワークショップを開催
【対象】市内在住の小学校4年生～中学校3年生
【講師】市内アーティスト等",,※参加するワークショップにより異なります,浜松市音楽創造都市推進会議,(053)457-2301,,浜松市音楽創造都市推進会議,クリエート浜松,浜松市中央区早馬町2-1,,34.710326,137.733836,,なし,10人　抽選　各ワークショップ10名,2026-08-30,23:59,"申込必要
【締切】締切
【方法】ホームページ",https://www.creative-hamamatsu.jp/projects/hcb/,,イベント,中央区,2026-06-15,2026-08-18,○,004149_00
221309,20260608114,静岡県,浜松市,サウンドクリエイター目黒将司氏に聞く！クリエイターとしての歩みと創作の源泉,サウンドクリエイターメグロショウジシニキク！クリエイタートシテノアユミトソウサクノゲンセン,,2026-09-19,,16:00,18:15,※終了時刻は前後する可能性があります,"【内容】「ペルソナ」「真・女神転生」シリーズで知られるサウンドクリエイター目黒将司氏を講師に招き、クリエイターとしてのリアルなお話を伺います！
【対象】どなたでも
【講師】目黒 将司
【その他】講演中の撮影、録画、録音は固くお断りいたします。",,,浜松市音楽創造都市推進会議,(053)457-2301,,浜松市音楽創造都市推進会議,クリエート浜松,浜松市中央区早馬町2-1,,34.710326,137.733836,,なし,200人　抽選,2026-08-30,23:59,"申込必要
【締切】締切
【方法】ホームページ",https://www.creative-hamamatsu.jp/projects/hcb/,,イベント,中央区,2026-06-15,,×,004149_00
221309,20260608117,静岡県,浜松市,1歳誕生日！親子で初めての工作,イッサイタンジョウビ！オヤコデハジメテノコウサク,,2026-09-15,,10:45,11:30,,"【内容】紙粘土を使って1歳記念の手形足型を作ってみましょう。
【対象】9月に誕生日を迎える1歳児とその保護者",500円,,浜松科学館,(053)454-0178,,浜松科学館,浜松科学館,浜松市中央区北寺島町256-3,,34.705034,137.739694,,,4人　抽選,2026-09-01,,"申込必要
【締切】締切
【申込開始】2026年07月02日(木曜日)　
【方法】ホームページ",https://www.mirai-ra.jp,,イベント,中央区,2026-06-15,,○,005123_00
221309,20260608119,静岡県,浜松市,綿花ツアー2026,メンカツアー2026,,2026-09-12,,15:30,16:00,,"【内容】浜松のものづくりの原点「綿花」とは？植物栽培から機械産業への興味深い変遷と、綿花ができるまでの植物の生長を一緒に感じてみましょう！
【対象】どなたでも",0円,"別途、常設展入場料が必要【常設展入場料】大人600円、高校生300円、中学生以下、70歳以上 無料",浜松科学館,(053)454-0178,,浜松科学館,浜松科学館,浜松市中央区北寺島町256-3,,34.705034,137.739694,,,,,,申込不要,https://www.mirai-ra.jp,,イベント,中央区,2026-06-15,,○,005123_00
221309,20260608122,静岡県,浜松市,発明とアイデア展,ハツメイトアイデアテン,,2026-09-12,2026-09-13,9:30,17:00,,"【内容】浜松発明研究会によるアイデアあふれる作品の展示会。発明品のアイデア、作り方についての相談にものってくれます。
【対象】どなたでも",0円,,浜松科学館,(053)454-0178,,浜松発明研究会・浜松科学館,浜松科学館,浜松市中央区北寺島町256-3,,34.705034,137.739694,,,,,,申込不要,https://www.mirai-ra.jp,,イベント,中央区,2026-06-15,,○,005123_00
221309,20260608123,静岡県,浜松市,理科自由研究作品展,リカジユウケンキュウサクヒンテン,,2026-09-12,2026-09-16,9:30,17:00,,"【内容】市内小中学校の理科自由研究作品が大集合！
【対象】どなたでも",0円,,浜松科学館,(053)454-0178,,浜松市教育研究会理科研究部・浜松科学館,浜松科学館,浜松市中央区北寺島町256-3,,34.705034,137.739694,,,,,,申込不要,https://www.mirai-ra.jp,,イベント,中央区,2026-06-15,,○,005123_00
221309,20260608127,静岡県,浜松市,ワークショップ「カッティングマシーンでオリジナルステッカーづくり」,ワークショップ「カッティングマシーンデオリジナルステッカーヅクリ」,,2026-08-25,2026-09-06,,,,"【内容】デジタルファブリケーションを体験。
描いた絵があっという間にステッカーになります。
【対象】どなたでも",200円,"別途、常設展入場料が必要【常設展入場料】大人600円、高校生300円、中学生以下、70歳以上 無料",浜松科学館,(053)454-0178,,浜松科学館,浜松科学館,浜松市中央区北寺島町256-3,,34.705034,137.739694,,,,,,申込不要,https://www.mirai-ra.jp,,イベント,中央区,2026-06-15,2026-07-13,○,005123_00
221309,20260608128,静岡県,浜松市,ソフトテニス,ソフトテニス,,2026-09-03,,19:00,21:00,9/3～10/22(木)全8回,"【内容】ソフトテニスの基礎練習、応用練習、中上級者は試合形式の練習
【対象】中学生～一般",7000円,,浜松市スポーツ協会,(053)411-8686,,浜松市スポーツ協会,花川運動公園,浜松市中央区西丘町724,,34.773177,137.689933,,あり,30人　先着順,,,"申込必要
【申込開始】2026年08月17日(月曜日)　9時00分
【方法】ホームページ",https://hamamatsu-sports.or.jp/,,スポーツ,中央区,2026-06-15,,○,000400_00
221309,20260608129,静岡県,浜松市,卓球(可美),タッキュウ(カミ),,2026-10-07,,18:40,20:30,10/7～12/9　全10回,"【内容】基礎練習、ゲーム形式
【対象】小学生、一般",5600円,一般8700円,浜松市スポーツ協会,(053)411-8686,,浜松市スポーツ協会,可美公園総合センター,浜松市中央区増楽町920-1,,34.687110,137.694493,,あり,60人　先着順,,,"申込必要
【申込開始】2026年08月17日(月曜日)　9時00分
【方法】ホームページ",https://hamamatsu-sports.or.jp/,,スポーツ,中央区,2026-06-15,,○,000380_00
221309,20260608130,静岡県,浜松市,楽しく学べるレスリング,タノシクマナベルレスリング,,2026-10-02,,19:00,21:00,10/2～10/23(金)全4回,"【内容】マット運動、縄跳び、柔軟体操、レスリングの基本練習
【対象】小学生以上",3000円,,浜松市スポーツ協会,(053)411-8686,,浜松市スポーツ協会,笠井柔道館内,浜松市中央区中郡町72,,34.776210,137.784267,,あり,20人　先着順,,,"申込必要
【申込開始】2026年08月24日(月曜日)　9時00分
【方法】ホームページ",https://hamamatsu-sports.or.jp/,,スポーツ,中央区,2026-06-15,,○,
221309,20260608131,静岡県,浜松市,親子ボクシング,オヤコボクシング,,2026-10-03,,9:00,10:00,10/3～10/24(土)全4回,"【内容】ボクシングの基礎練習(パンチの打ち方やフットワークを覚え、ミット打ちやサンドバックを親子で体験)
【対象】小学生～中学2年生までの親子",4800円,子どもだけ2800円,浜松市スポーツ協会,(053)411-8686,,浜松市スポーツ協会,アマチュアボクシングリードジム,浜松市中央区有玉北町2170,,34.761106,137.750252,,あり,20人　先着順,,,"申込必要
【申込開始】2026年08月18日(火曜日)　9時00分
【方法】ホームページ",https://hamamatsu-sports.or.jp/,,スポーツ,中央区,2026-06-15,,○,
221309,20260608132,静岡県,浜松市,社交ダンス木曜,シャコウダンスモクヨウ,,2026-10-01,,10:00,12:00,10/1～3/25(木)全18回,"【内容】初級ステップ、ルンバ・チャチャチャ・ワルツ・タンゴ等
【対象】一般",13000円,,浜松市スポーツ協会,(053)411-8686,,浜松市スポーツ協会,浜松アリーナ,浜松市中央区和田町808-1,,34.718016,137.766559,,あり,20人　先着順,2026-09-23,,"申込必要
【申込開始】2026年08月23日(日曜日)　10時00分
【方法】窓口／電話((053)461-1111)",https://hamamatsu-sports.or.jp/,,スポーツ,中央区,2026-06-15,,,002326_00
221309,20260608133,静岡県,浜松市,社交ダンス土曜,シャコウダンスドヨウ,,2026-10-03,,19:00,21:00,10/3～3/27(土)全18回,"【内容】初歩的なステップ、きれいな姿勢、ルンバ・チャチャチャ・ワルツ・タンゴの入門
【対象】中学生以上",13000円,,浜松市スポーツ協会,(053)411-8686,,浜松市スポーツ協会,浜松アリーナ,浜松市中央区和田町808-1,,34.718016,137.766559,,あり,20人　先着順,2026-09-23,,"申込必要
【申込開始】2026年08月23日(日曜日)　10時00分
【方法】窓口／電話((053)461-1111)",https://hamamatsu-sports.or.jp/,,スポーツ,中央区,2026-06-15,,,002326_00
221309,20260608134,静岡県,浜松市,社交ダンス日曜,シャコウダンスニチヨウ,,2026-10-04,,18:00,20:00,10/4～1/10(日)全18回,"【内容】初歩的なステップ、きれいな姿勢、ルンバ・チャチャチャ・ワルツ・タンゴの入門
【対象】高校生以上",13000円,,浜松市スポーツ協会,(053)411-8686,,浜松市スポーツ協会,可美協働センター,浜松市中央区増楽町1723-1,,34.694758,137.692143,,あり,20人　先着順,2026-09-23,,"申込必要
【申込開始】2026年08月23日(日曜日)　10時00分
【方法】窓口／電話((053)461-1111)",https://hamamatsu-sports.or.jp/,,スポーツ,中央区,2026-06-15,,,004516_00
221309,20260608135,静岡県,浜松市,ジュニアダンススポーツ,ジュニアダンススポーツ,,2026-10-03,,9:00,10:25,10/3～12/5(土)全7回,"【内容】初歩的なステップ、きれいな姿勢、ルンバ・チャチャチャ・ワルツ・タンゴの入門
【対象】年長児～高校生",4000円,,浜松市スポーツ協会,(053)411-8686,,浜松市スポーツ協会,曳馬協働センター,浜松市中央区曳馬三丁目13-10,,34.726535,137.743663,,あり,20人　先着順,,,"申込必要
【申込開始】2026年08月19日(水曜日)　10時00分
【方法】ホームページ",https://hamamatsu-sports.or.jp/,,スポーツ,中央区,2026-06-15,,,004499_00
221309,20260608136,静岡県,浜松市,相撲,スモウ,,2026-10-03,,13:30,16:00,10/3～12/26(土)全13回,"【内容】ランニング、体操、しこ、腰割り、すり足、押し、実践練習など
【対象】3～18歳(高校生まで)",2000円,"未就学児1,000円/月、小学生以上2,000円/月(別途保険料)",浜松市スポーツ協会,(053)411-8686,,浜松市スポーツ協会,遠州灘海浜公園（風車公園）,浜松市中央区中田島町1674,,34.663588,137.734158,,あり,20人　先着順,,,"申込必要
【申込開始】2026年08月20日(木曜日)　9時00分
【方法】ホームページ",https://hamamatsu-sports.or.jp/,,スポーツ,中央区,2026-06-15,,○,
221309,20260608137,静岡県,浜松市,合気道,アイキドウ,,2026-10-01,,11:00,13:00,10/1～10/22　木曜　全4回,"【内容】真向法体操や護身術
【対象】小学生以上",3000円,,浜松市スポーツ協会,(053)411-8686,,浜松市スポーツ協会,浜松市浜北武道館,浜松市浜名区竜南26,,34.784818,137.814753,,あり,20人　先着順,,,"申込必要
【申込開始】2026年08月21日(金曜日)　9時00分
【方法】ホームページ",https://hamamatsu-sports.or.jp/,,スポーツ,浜名区,2026-06-15,2026-07-13,○,002409_00
221309,20260608138,静岡県,浜松市,少林寺拳法(中瀬),ショウリンジケンポウ(ナカゼ),,2026-10-01,,19:30,21:00,10/1～10/28　月・木・金曜　全11回,"【内容】準備運動、ストレッチ、基本練習、技など
【対象】5歳以上",3000円,,浜松市スポーツ協会,(053)411-8686,,浜松市スポーツ協会,浜松市浜北武道館,浜松市浜名区竜南26,,34.784818,137.814753,,あり,20人　先着順,,,"申込必要
【申込開始】2026年08月20日(木曜日)　9時00分
【方法】ホームページ",https://hamamatsu-sports.or.jp/,,スポーツ,浜名区,2026-06-15,,○,002409_00
221309,20260608139,静岡県,浜松市,インラインスケート,インラインスケート,,2026-10-03,,18:10,19:40,10/3～10/17(土)全3回,"【内容】歩き方、ターン、バックスケーティング等
【対象】年長児以上",1500円,別途、貸靴代500円/回,浜松市スポーツ協会,(053)411-8686,,浜松市スポーツ協会,可美公園総合センター,浜松市中央区増楽町920-1,,34.687110,137.694493,,あり,20人　先着順,,,"申込必要
【申込開始】2026年08月19日(水曜日)　9時00分
【方法】ホームページ",https://hamamatsu-sports.or.jp/,,スポーツ,中央区,2026-06-15,,○,000380_00
221309,20260608140,静岡県,浜松市,健康乗馬,ケンコウジョウバ,,2026-10-03,,8:30,10:00,初回10/3　土曜　※2回目は要相談　全2回,"【内容】馬への接し方、乗馬、下馬、発進、停止、誘導、馬の上でのバランス練習
【対象】小学生
【条件】体重80㎏未満の方",2000円,,浜松市スポーツ協会,(053)411-8686,,浜松市スポーツ協会,HAS浜松乗馬クラブ,浜松市中央区三方原町2691,,34.789174,137.696846,,あり,20人　先着順,,,"申込必要
【申込開始】2026年08月20日(木曜日)　9時00分
【方法】ホームページ",https://hamamatsu-sports.or.jp/,,スポーツ,中央区,2026-06-15,2026-07-13,,
221309,20260608141,静岡県,浜松市,アーチェリー,アーチェリー,,2026-10-03,,18:00,20:00,10/3～10/21(水・土)全6回,"【内容】アーチェリーの基礎、楽しさを体験
【対象】小学6年生以上",3000円,,浜松市スポーツ協会,(053)411-8686,,浜松市スポーツ協会,江之島アーチェリー場,浜松市中央区江之島町1197,,34.660817,137.753792,,あり,20人　先着順,,,"申込必要
【申込開始】2026年08月18日(火曜日)　9時00分
【方法】ホームページ",https://hamamatsu-sports.or.jp/,,スポーツ,中央区,2026-06-15,,○,005233_00
221309,20260608142,静岡県,浜松市,【イベント】SVリーグボランティア,【イベント】エスブイリーグボランティア,,2026-10-17,2026-10-18,,,"1日単位で参加可能 10/17(土)10:00～15:30　10/18(日)10:00～15:30","【内容】プロバレーボールの試合運営ボランティア活動
【対象】一般",0円,,浜松アリーナ,(053)461-1111,,指定管理者　(公財)浜松市スポーツ協会グループ,浜松アリーナ,浜松市中央区和田町808-1,,34.718016,137.766559,,あり(1回200円),10人　先着順　各日10名,,,"申込必要
【申込開始】2026年08月17日(月曜日)　12時00分
【方法】ホームページ",https://hamamatsu-sports.or.jp/,,イベント,中央区,2026-06-15,2026-07-17,,002326_00
221309,20260608143,静岡県,浜松市,"親子 ワン・ツー・スリー",オヤコワンツースリー,,2026-10-06,,10:30,11:15,10/6～10/27　全4回,"【内容】ボールやフープ、滑り台に平均台、鉄棒等、いろいろな遊具を使った親子遊び
【対象】1歳半～3歳4ヵ月",3000円,傷害保険料含,浜松アリーナ,(053)461-1111,,指定管理者　(公財)浜松市スポーツ協会グループ,浜松アリーナ,浜松市中央区和田町808-1,,34.718016,137.766559,,あり(1回200円),20人　先着順　親子で20組,,,"申込必要
【申込開始】2026年09月09日(水曜日)　9時00分",https://hamamatsu-arena.jp,,スポーツ,中央区,2026-06-15,,○,002326_00
221309,20260608144,静岡県,浜松市,キッズチャレンジ,キッズチャレンジ,,2026-09-28,,16:00,17:00,9/28～12/7　全7回,"【内容】ラダーや平均台等の様々な用具を用いて、子どもの運動能力、神経機能向上のためのコーディネーショントレーニング
【対象】年中～小学2年生",7000円,傷害保険料含,浜松アリーナ,(053)461-1111,,指定管理者　(公財)浜松市スポーツ協会グループ,浜松アリーナ,浜松市中央区和田町808-1,,34.718016,137.766559,,あり(1回200円),10人　先着順,,,"申込必要
【申込開始】2026年08月17日(月曜日)　9時00分
【方法】窓口／電話((053)461-1111)",https://hamamatsu-arena.jp,,スポーツ,中央区,2026-06-15,,,002326_00
221309,20260608145,静岡県,浜松市,産後エクササイズ＆ベビーマッサージ,サンゴエクササイズアンドベビーマッサージ,,2026-10-05,,10:30,11:30,,"【内容】産後のお母さんに合ったエクササイズや赤ちゃんと一緒にできる手遊びやベビーマッサージ
【対象】生後2か月～1歳未満のお子さんと母親",900円,傷害保険料含,浜松アリーナ,(053)461-1111,,指定管理者　(公財)浜松市スポーツ協会グループ,浜松アリーナ,浜松市中央区和田町808-1,,34.718016,137.766559,,あり(1回200円),25人　先着順　親子で25組,2026-09-23,,"申込必要
【申込開始】2026年08月18日(火曜日)　10時00分
【方法】ホームページ",https://hamamatsu-sports.or.jp/,,スポーツ,中央区,2026-06-15,,,002326_00
221309,20260608146,静岡県,浜松市,脂肪燃焼＆ひきしめ,シボウネンショウアンドヒキシメ,,2026-10-05,,11:00,12:00,10/5～12/21　全8回,"【内容】脂肪燃焼を目的としたひきしめエクササイズ
【対象】16歳以上",6800円,傷害保険料含,浜松アリーナ,(053)461-1111,,指定管理者　(公財)浜松市スポーツ協会グループ,浜松アリーナ,浜松市中央区和田町808-1,,34.718016,137.766559,,あり(1回200円),12人　先着順,,,"申込必要
【申込開始】2026年08月31日(月曜日)　9時00分",https://hamamatsu-arena.jp,,スポーツ,中央区,2026-06-15,,,002326_00
221309,20260608147,静岡県,浜松市,すっきりヨガ(月),スッキリヨガ(ゲツ),,2026-10-05,,13:30,14:30,10/5～12/21　全8回,"【内容】初心者向けのヨガ
【対象】16歳以上",6800円,傷害保険料含,浜松アリーナ,(053)461-1111,,指定管理者　(公財)浜松市スポーツ協会グループ,浜松アリーナ,浜松市中央区和田町808-1,,34.718016,137.766559,,あり(1回200円),25人　先着順,,,"申込必要
【申込開始】2026年08月31日(月曜日)　9時00分",https://hamamatsu-arena.jp,,スポーツ,中央区,2026-06-15,,,002326_00
221309,20260608148,静岡県,浜松市,リラックスヨーガ,リラックスヨーガ,,2026-10-06,,9:30,10:30,10/6～12/8　全9回,"【内容】リラックスを目的とした初心者向けのヨガ
【対象】16歳以上",7650円,傷害保険料含,浜松アリーナ,(053)461-1111,,指定管理者　(公財)浜松市スポーツ協会グループ,浜松アリーナ,浜松市中央区和田町808-1,,34.718016,137.766559,,あり(1回200円),12人　先着順,,,"申込必要
【申込開始】2026年09月02日(水曜日)　9時00分",https://hamamatsu-arena.jp,,スポーツ,中央区,2026-06-15,,,002326_00
221309,20260608149,静岡県,浜松市,やさしいエアロ(火),ヤサシイエアロ(カ),,2026-10-06,,10:45,11:35,10/6～12/8　全9回,"【内容】ストレッチ、エアロビクスダンス
【対象】16歳以上",6300円,傷害保険料含,浜松アリーナ,(053)461-1111,,指定管理者　(公財)浜松市スポーツ協会グループ,浜松アリーナ,浜松市中央区和田町808-1,,34.718016,137.766559,,あり(1回200円),12人　先着順,,,"申込必要
【申込開始】2026年09月02日(水曜日)　9時00分",https://hamamatsu-arena.jp,,スポーツ,中央区,2026-06-15,,,002326_00
221309,20260608150,静岡県,浜松市,やさしいピラティス(昼),ヤサシイピラティス(ヒル),,2026-10-06,,13:30,14:20,10/6～10/8　全9回,"【内容】身体の歪みなどを意識したピラティス
【対象】16歳以上",6300円,傷害保険料含,浜松アリーナ,(053)461-1111,,指定管理者　(公財)浜松市スポーツ協会グループ,浜松アリーナ,浜松市中央区和田町808-1,,34.718016,137.766559,,あり(1回200円),25人　先着順,,,"申込必要
【申込開始】2026年09月02日(水曜日)　9時00分",https://hamamatsu-arena.jp,,スポーツ,中央区,2026-06-15,,,002326_00
221309,20260608151,静岡県,浜松市,キッズダンス(4歳～小学3年生),キッズダンス(4サイ～ショウガク3ネンセイ),,2026-10-06,,16:15,17:15,10/6～10/8　全9回,"【内容】初めてでも大丈夫！簡単な振り付けでリズムにのって踊ってみよう！
【対象】4歳～小3",7650円,傷害保険料含,浜松アリーナ,(053)461-1111,,指定管理者　(公財)浜松市スポーツ協会グループ,浜松アリーナ,浜松市中央区和田町808-1,,34.718016,137.766559,,あり(1回200円),20人　先着順,,,"申込必要
【申込開始】2026年09月02日(水曜日)　9時00分",https://hamamatsu-arena.jp,,スポーツ,中央区,2026-06-15,,○,002326_00
221309,20260608152,静岡県,浜松市,キッズダンス(小学1～6年生),キッズダンス(ショウガク1～6ネンセイ),,2026-10-06,,17:30,18:30,10/6～10/8　全9回,"【内容】本格的なヒップホップに挑戦しよう！　初めてでも大丈夫！
【対象】小1～小6",7650円,傷害保険料含,浜松アリーナ,(053)461-1111,,指定管理者　(公財)浜松市スポーツ協会グループ,浜松アリーナ,浜松市中央区和田町808-1,,34.718016,137.766559,,あり(1回200円),20人　先着順,,,"申込必要
【申込開始】2026年09月02日(水曜日)　9時00分",https://hamamatsu-arena.jp,,スポーツ,中央区,2026-06-15,,○,002326_00
221309,20260608153,静岡県,浜松市,"やさしいピラティス 月クラス",ヤサシイピラティス　ツキクラス,,2026-10-06,,19:00,19:50,10/6～10/8　全9回,"【内容】身体の歪みなどを意識したピラティス
【対象】16歳以上",6300円,傷害保険料含,浜松アリーナ,(053)461-1111,,指定管理者　(公財)浜松市スポーツ協会グループ,浜松アリーナ,浜松市中央区和田町808-1,,34.718016,137.766559,,あり(1回200円),25人　先着順,,,"申込必要
【申込開始】2026年09月02日(水曜日)　9時00分",https://hamamatsu-arena.jp,,スポーツ,中央区,2026-06-15,,,002326_00
221309,20260608154,静岡県,浜松市,"やさしいピラティス 星クラス",ヤサシイピラティス　ホシクラス,,2026-10-06,,20:00,20:50,10/6～10/8　全9回,"【内容】身体の歪みなどを意識したピラティス
【対象】16歳以上",6300円,傷害保険料含,浜松アリーナ,(053)461-1111,,指定管理者　(公財)浜松市スポーツ協会グループ,浜松アリーナ,浜松市中央区和田町808-1,,34.718016,137.766559,,あり(1回200円),25人　先着順,,,"申込必要
【申込開始】2026年09月02日(水曜日)　9時00分",https://hamamatsu-arena.jp,,スポーツ,中央区,2026-06-15,,,002326_00
221309,20260608155,静岡県,浜松市,ヨガ＆ピラティス,ヨガアンドピラティス,,2026-10-07,,9:30,10:30,10/7～12/16　全10回,"【内容】身体の歪みなどを意識したピラティス
【対象】16歳以上",8500円,傷害保険料含,浜松アリーナ,(053)461-1111,,指定管理者　(公財)浜松市スポーツ協会グループ,浜松アリーナ,浜松市中央区和田町808-1,,34.718016,137.766559,,あり(1回200円),25人　先着順,,,"申込必要
【申込開始】2026年09月03日(木曜日)　9時00分",https://hamamatsu-arena.jp,,スポーツ,中央区,2026-06-15,,,002326_00
221309,20260608156,静岡県,浜松市,やさしいエアロ(水),ヤサシイエアロ(スイ),,2026-10-07,,10:40,11:40,10/7～12/16　全10回,"【内容】ストレッチ、エアロビクスダンス
【対象】16歳以上",8500円,傷害保険料含,浜松アリーナ,(053)461-1111,,指定管理者　(公財)浜松市スポーツ協会グループ,浜松アリーナ,浜松市中央区和田町808-1,,34.718016,137.766559,,あり(1回200円),25人　先着順,,,"申込必要
【申込開始】2026年09月03日(木曜日)　9時00分",https://hamamatsu-arena.jp,,スポーツ,中央区,2026-06-15,,,002326_00
221309,20260608157,静岡県,浜松市,ZUMBA,ズンバ,,2026-10-07,,14:00,15:00,10/7～12/16　全10回,"【内容】ラテンをベースに様々な音楽に合わせて踊る
【対象】16歳以上",8500円,傷害保険料含,浜松アリーナ,(053)461-1111,,指定管理者　(公財)浜松市スポーツ協会グループ,浜松アリーナ,浜松市中央区和田町808-1,,34.718016,137.766559,,あり(1回200円),12人　先着順,,,"申込必要
【申込開始】2026年09月03日(木曜日)　9時00分",https://hamamatsu-arena.jp,,スポーツ,中央区,2026-06-15,,,002326_00
221309,20260608158,静岡県,浜松市,かんたんダンス,カンタンダンス,,2026-10-07,,19:10,19:55,10/7～12/16　全10回,"【内容】リズムに合わせて踊る、初心者向けのHIPHOPダンス
【対象】16歳以上",7000円,傷害保険料含,浜松アリーナ,(053)461-1111,,指定管理者　(公財)浜松市スポーツ協会グループ,浜松アリーナ,浜松市中央区和田町808-1,,34.718016,137.766559,,あり(1回200円),8人　先着順,,,"申込必要
【申込開始】2026年09月03日(木曜日)　9時00分",https://hamamatsu-arena.jp,,スポーツ,中央区,2026-06-15,,,002326_00
221309,20260608159,静岡県,浜松市,らくらくヨガ,ラクラクヨガ,,2026-10-07,,20:15,21:05,10/7～12/16　全10回,"【内容】初心者向けのヨガ
【対象】16歳以上",7000円,傷害保険料含,浜松アリーナ,(053)461-1111,,指定管理者　(公財)浜松市スポーツ協会グループ,浜松アリーナ,浜松市中央区和田町808-1,,34.718016,137.766559,,あり(1回200円),12人　先着順,,,"申込必要
【申込開始】2026年09月03日(木曜日)　9時00分",https://hamamatsu-arena.jp,,スポーツ,中央区,2026-06-15,,,002326_00
221309,20260608160,静岡県,浜松市,ストレッチポール調整クラス,ストレッチポールチョウセイクラス,,2026-10-01,,19:00,20:00,10/1～12/17　全10回,"【内容】ストレッチポールで身体をゆるめ整えるエクササイズ
【対象】16歳以上",8500円,傷害保険料含,浜松アリーナ,(053)461-1111,,指定管理者　(公財)浜松市スポーツ協会グループ,浜松アリーナ,浜松市中央区和田町808-1,,34.718016,137.766559,,あり(1回200円),10人　先着順,,,"申込必要
【申込開始】2026年08月28日(金曜日)　9時00分",https://hamamatsu-arena.jp,,スポーツ,中央区,2026-06-15,,,002326_00
221309,20260608161,静岡県,浜松市,たのしくエアロ＆ひきしめ,タノシクエアロ＆ヒキシメ,,2026-10-01,,20:10,21:10,10/1～12/17　全10回,"【内容】音楽に合わせて全身を動かし脂肪燃焼
【対象】16歳以上",8500円,傷害保険料含,浜松アリーナ,(053)461-1111,,指定管理者　(公財)浜松市スポーツ協会グループ,浜松アリーナ,浜松市中央区和田町808-1,,34.718016,137.766559,,あり(1回200円),12人　先着順,,,"申込必要
【申込開始】2026年08月28日(金曜日)　9時00分",https://hamamatsu-arena.jp,,スポーツ,中央区,2026-06-15,,,002326_00
221309,20260608162,静岡県,浜松市,サルセーション,サルセーション,,2026-10-16,,9:30,10:30,10/16～12/18　全10回,"【内容】いろんなジャンルの音楽を感じながら踊るダンスフィットネスプログラム
【対象】16歳以上",8500円,傷害保険料含,浜松アリーナ,(053)461-1111,,指定管理者　(公財)浜松市スポーツ協会グループ,浜松アリーナ,浜松市中央区和田町808-1,,34.718016,137.766559,,あり(1回200円),12人　先着順,,,"申込必要
【申込開始】2026年08月29日(土曜日)　9時00分",https://hamamatsu-arena.jp,,スポーツ,中央区,2026-06-15,2026-07-13,,002326_00
221309,20260608163,静岡県,浜松市,すっきりヨガ(金),スッキリヨガ(キン),,2026-10-09,,10:45,11:45,10/9～12/18　全10回,"【内容】初心者向けのヨガ
【対象】16歳以上",8500円,傷害保険料含,浜松アリーナ,(053)461-1111,,指定管理者　(公財)浜松市スポーツ協会グループ,浜松アリーナ,浜松市中央区和田町808-1,,34.718016,137.766559,,あり(1回200円),12人　先着順,,,"申込必要
【申込開始】2026年08月31日(月曜日)　9時00分",https://hamamatsu-arena.jp,,スポーツ,中央区,2026-06-15,,,002326_00
221309,20260608164,静岡県,浜松市,背骨コンディショニング,セボネコンディショニング,,2026-10-09,,13:30,14:20,10/9～12/18　全10回,"【内容】身体を鍛えるための体幹トレーニング、ストレッチ
【対象】16歳以上",7000円,傷害保険料含,浜松アリーナ,(053)461-1111,,指定管理者　(公財)浜松市スポーツ協会グループ,浜松アリーナ,浜松市中央区和田町808-1,,34.718016,137.766559,,あり(1回200円),25人　先着順,,,"申込必要
【申込開始】2026年08月29日(土曜日)　9時00分",https://hamamatsu-arena.jp,,スポーツ,中央区,2026-06-15,,,002326_00
221309,20260608165,静岡県,浜松市,シェイプヨガ,シェイプヨガ,,2026-10-09,,19:00,19:50,10/9～12/18　全10回,"【内容】中級者以上の方を対象としたヨガ
【対象】16歳以上",7000円,傷害保険料含,浜松アリーナ,(053)461-1111,,指定管理者　(公財)浜松市スポーツ協会グループ,浜松アリーナ,浜松市中央区和田町808-1,,34.718016,137.766559,,あり(1回200円),12人　先着順,,,"申込必要
【申込開始】2026年08月29日(土曜日)　9時00分",https://hamamatsu-arena.jp,,スポーツ,中央区,2026-06-15,,,002326_00
221309,20260608166,静岡県,浜松市,骨盤調整エクササイズ,コツバンチョウセイエクササイズ,,2026-10-09,,20:10,21:00,10/9～12/18　全10回,"【内容】骨盤、背骨、肩甲骨の歪みを調整
【対象】16歳以上",7000円,傷害保険料含,浜松アリーナ,(053)461-1111,,指定管理者　(公財)浜松市スポーツ協会グループ,浜松アリーナ,浜松市中央区和田町808-1,,34.718016,137.766559,,あり(1回200円),12人　先着順,,,"申込必要
【申込開始】2026年08月29日(土曜日)　9時00分",https://hamamatsu-arena.jp,,スポーツ,中央区,2026-06-15,,,002326_00
221309,20260608167,静岡県,浜松市,かんたんステップ,カンタンステップ,,2026-10-10,,9:30,10:30,10/10～12/26　全9回,"【内容】ステップ台を利用した初中級のエアロビクスレッスン
【対象】16歳以上",7650円,傷害保険料含,浜松アリーナ,(053)461-1111,,指定管理者　(公財)浜松市スポーツ協会グループ,浜松アリーナ,浜松市中央区和田町808-1,,34.718016,137.766559,,あり(1回200円),12人　先着順,,,"申込必要
【申込開始】2026年09月08日(火曜日)　9時00分",https://hamamatsu-arena.jp,,スポーツ,中央区,2026-06-15,,,002326_00
221309,20260608168,静岡県,浜松市,すっきりヨガ(土),スッキリヨガ(ド),,2026-10-10,,10:45,11:35,10/10～12/26　全9回,"【内容】初心者向けのヨガ
【対象】16歳以上",6300円,傷害保険料含,浜松アリーナ,(053)461-1111,,指定管理者　(公財)浜松市スポーツ協会グループ,浜松アリーナ,浜松市中央区和田町808-1,,34.718016,137.766559,,あり(1回200円),25人　先着順,,,"申込必要
【申込開始】2026年08月31日(月曜日)　9時00分",https://hamamatsu-arena.jp,,スポーツ,中央区,2026-06-15,,,002326_00
221309,20260608169,静岡県,浜松市,ピラティス＆骨盤体操,ピラティスアンドコツバンタイソウ,,2026-10-10,,13:30,14:30,10/10～12/26　全9回,"【内容】背骨の土台となる骨盤を動かし、ピラティス動作で効果的に体幹を使う
【対象】16歳以上",7650円,傷害保険料含,浜松アリーナ,(053)461-1111,,指定管理者　(公財)浜松市スポーツ協会グループ,浜松アリーナ,浜松市中央区和田町808-1,,34.718016,137.766559,,あり(1回200円),12人　先着順,,,"申込必要
【申込開始】2026年09月08日(火曜日)　9時00分",https://hamamatsu-arena.jp,,スポーツ,中央区,2026-06-15,,,002326_00
221309,20260608170,静岡県,浜松市,のびのびシニア(水曜),ノビノビシニア(スイヨウ),,2026-09-30,,9:30,11:30,,"【内容】ストレッチ、ウォーキング、レクリエーションスポーツ等
【対象】60歳以上
【講師】水野友里子
【出演・演目など】高齢者運動",6500円,,浜松球場,(053)473-3281,,,浜松球場,浜松市中央区上島六丁目19-1,,34.743463,137.734093,,あり,18人　抽選,2026-09-16,17:00,"申込必要
【申込開始】2026年09月02日(水曜日)　9時00分
【方法】窓口",https://hamamatsu-sports.or.jp/,,講座・教室,中央区,2026-06-15,,,002334_00
221309,20260608171,静岡県,浜松市,のびのびシニア(金曜),ノビノビシニア(キンヨウ),,2026-10-02,,9:30,11:30,,"【内容】ストレッチ、ウォーキング、レクリエーションスポーツ等
【対象】60歳以上
【講師】水野友里子
【出演・演目など】高齢者運動",6500円,,浜松球場,(053)473-3281,,,浜松球場,浜松市中央区上島六丁目19-1,,34.743463,137.734093,,あり,18人　抽選,2026-09-16,17:00,"申込必要
【申込開始】2026年09月02日(水曜日)　9時00分
【方法】窓口",https://hamamatsu-sports.or.jp/,,講座・教室,中央区,2026-06-15,,,002334_00
221309,20260608172,静岡県,浜松市,午後のストレッチ(水曜),ゴゴノストレッチ(スイヨウ),,2026-09-30,,13:30,14:30,,"【内容】ストレッチ等
【対象】16歳以上
【講師】増井香奈
【出演・演目など】ストレッチ",6000円,,浜松球場,(053)473-3281,,,浜松球場,浜松市中央区上島六丁目19-1,,34.743463,137.734093,,あり,18人　抽選,2026-09-16,17:00,"申込必要
【申込開始】2026年09月02日(水曜日)　9時00分
【方法】窓口",https://hamamatsu-sports.or.jp/,,講座・教室,中央区,2026-06-15,,,002334_00
221309,20260608173,静岡県,浜松市,午後のストレッチ(金曜),ゴゴノストレッチ(キンヨウ),,2026-10-02,,13:30,14:30,,"【内容】ストレッチ等
【対象】16歳以上
【講師】増井香奈
【出演・演目など】ストレッチ",6000円,,浜松球場,(053)473-3281,,,浜松球場,浜松市中央区上島六丁目19-1,,34.743463,137.734093,,あり,18人　抽選,2026-09-16,17:00,"申込必要
【申込開始】2026年09月02日(水曜日)　9時00分
【方法】窓口",https://hamamatsu-sports.or.jp/,,講座・教室,中央区,2026-06-15,,,002334_00
221309,20260608174,静岡県,浜松市,やさしい卓球,ヤサシイタッキュウ,,2026-10-01,,10:00,11:30,10/1～11/19(木曜・全8回),"【内容】初心者向けの卓球
【対象】一般",6000円,,（公財）浜松市スポーツ協会天竜支部,(053)925-8061,,指定管理者　(公財)浜松市スポーツ協会グループ,天竜体育館,浜松市天竜区二俣町二俣501,,34.871998,137.815107,,あり,20人　先着順,,,"申込必要
【申込開始】2026年08月14日(金曜日)　9時00分
【方法】窓口",https://hamamatsu-sports.or.jp/,,スポーツ,天竜区,2026-06-15,,,001995_00
221309,20260608175,静岡県,浜松市,親子でハッピー(1)1歳4ヶ月～2歳,オヤコデハッピー(1),,2026-09-10,,10:00,10:50,9月10日～10月15日(木曜・全6回),"【内容】ボールやフープ、跳び箱など各種運動あそびを通しての親子スキンシップ
【対象】1歳4ヶ月～2歳の子と保護者",4800円,傷害保険料含む,サーラグリーンアリーナ,(053)585-1222,,指定管理者　(公財)浜松市スポーツ協会グループ,浜松市浜北総合体育館（サーラグリーンアリーナ）,浜松市浜名区平口5042-133,,34.798113,137.758233,,あり,15人　先着順　15組30名,,,"申込必要
【申込開始】2026年08月18日(火曜日)　10時00分
【方法】窓口／電話((053)585-1222)",https://hamamatsu-sports.or.jp/,,スポーツ,浜名区,2026-06-15,,○,002489_01
221309,20260608176,静岡県,浜松市,親子でハッピー(2)2歳～3歳,オヤコデハッピー(2),,2026-09-10,,11:00,11:50,9月10日～10月15日(木曜・全6回),"【内容】ボールやフープ、跳び箱など各種運動あそびを通しての親子スキンシップ
【対象】2歳～3歳の子と保護者",4800円,傷害保険料含む,サーラグリーンアリーナ,(053)585-1222,,指定管理者　(公財)浜松市スポーツ協会グループ,浜松市浜北総合体育館（サーラグリーンアリーナ）,浜松市浜名区平口5042-133,,34.798113,137.758233,,あり,15人　先着順　15組30名,,,"申込必要
【申込開始】2026年08月18日(火曜日)　10時00分
【方法】窓口／電話((053)585-1222)",https://hamamatsu-sports.or.jp/,,スポーツ,浜名区,2026-06-15,,○,002489_01
221309,20260608177,静岡県,浜松市,ウェーブリングdeストレッチ,ウェーブリングデストレッチ,,2026-09-10,,9:20,10:00,9月10日～12月10日(木曜・全14回),"【内容】ウェーブストレッチリングを使ったストレッチ、運動など
【対象】一般",11000円,傷害保険料含む,サーラグリーンアリーナ,(053)585-1222,,指定管理者　(公財)浜松市スポーツ協会グループ,浜松市浜北総合体育館（サーラグリーンアリーナ）,浜松市浜名区平口5042-133,,34.798113,137.758233,,あり,20人　先着順,,,"申込必要
【申込開始】2026年08月19日(水曜日)　10時00分
【方法】窓口／電話((053)585-1222)",https://hamamatsu-sports.or.jp/,,スポーツ,浜名区,2026-06-15,,,002489_01
221309,20260608178,静岡県,浜松市,フィットネスヨガ,フィットネスヨガ,,2026-09-10,,10:10,11:00,9月10日～12月10日(木曜・全14回),"【内容】シェイプアップにも効果的なフィットネス要素のあるヨガ
【対象】一般",13000円,傷害保険料含む,サーラグリーンアリーナ,(053)585-1222,,指定管理者　(公財)浜松市スポーツ協会グループ,浜松市浜北総合体育館（サーラグリーンアリーナ）,浜松市浜名区平口5042-133,,34.798113,137.758233,,あり,20人　先着順,,,"申込必要
【申込開始】2026年08月19日(水曜日)　10時00分
【方法】窓口／電話((053)585-1222)",https://hamamatsu-sports.or.jp/,,スポーツ,浜名区,2026-06-15,,,002489_01
221309,20260608179,静岡県,浜松市,エアロビクス,エアロビクス,,2026-09-10,,11:10,12:10,9月10日～12月10日(木曜・全14回),"【内容】初心者・初級者向けエアロビクス教室
【対象】一般",13000円,傷害保険料含む,サーラグリーンアリーナ,(053)585-1222,,指定管理者　(公財)浜松市スポーツ協会グループ,浜松市浜北総合体育館（サーラグリーンアリーナ）,浜松市浜名区平口5042-133,,34.798113,137.758233,,あり,20人　先着順,,,"申込必要
【申込開始】2026年08月19日(水曜日)　10時00分
【方法】窓口／電話((053)585-1222)",https://hamamatsu-sports.or.jp/,,スポーツ,浜名区,2026-06-15,,,002489_01
221309,20260608180,静岡県,浜松市,トランポリン(1),トランポリン(1),,2026-10-06,,18:00,18:45,10月6日～12月8日(火曜・全8回),"【内容】トランポリンの基本技術を学びましょう
【対象】年長・小学生",7500円,傷害保険料含む,サーラグリーンアリーナ,(053)585-1222,,指定管理者　(公財)浜松市スポーツ協会グループ,浜松市浜北総合体育館（サーラグリーンアリーナ）,浜松市浜名区平口5042-133,,34.798113,137.758233,,あり,14人　先着順,,,"申込必要
【申込開始】2026年09月08日(火曜日)　10時00分
【方法】窓口／電話((053)585-1222)",https://hamamatsu-sports.or.jp/,,スポーツ,浜名区,2026-06-15,,,002489_01
221309,20260608181,静岡県,浜松市,トランポリン(2),トランポリン(2),,2026-10-06,,18:45,19:30,10月6日～12月8日(火曜・全8回),"【内容】トランポリンの基本技術を学びましょう
【対象】小学生",7500円,傷害保険料含む,サーラグリーンアリーナ,(053)585-1222,,指定管理者　(公財)浜松市スポーツ協会グループ,浜松市浜北総合体育館（サーラグリーンアリーナ）,浜松市浜名区平口5042-133,,34.798113,137.758233,,あり,14人　先着順,,,"申込必要
【申込開始】2026年09月08日(火曜日)　10時00分
【方法】窓口／電話((053)585-1222)",https://hamamatsu-sports.or.jp/,,スポーツ,浜名区,2026-06-15,,,002489_01
221309,20260608182,静岡県,浜松市,トランポリン(3),トランポリン(3),,2026-10-06,,19:30,20:15,10月6日～12月8日(火曜・全8回),"【内容】トランポリンの基本技術を学びましょう
【対象】小学生",7500円,傷害保険料含む,サーラグリーンアリーナ,(053)585-1222,,指定管理者　(公財)浜松市スポーツ協会グループ,浜松市浜北総合体育館（サーラグリーンアリーナ）,浜松市浜名区平口5042-133,,34.798113,137.758233,,あり,14人　先着順,,,"申込必要
【申込開始】2026年09月08日(火曜日)　10時00分
【方法】窓口／電話((053)585-1222)",https://hamamatsu-sports.or.jp/,,スポーツ,浜名区,2026-06-15,,,002489_01
221309,20260608183,静岡県,浜松市,エンジョイ卓球,ハジメテノバドミントン,,2026-10-06,,19:00,20:30,10月6日～12月8日(火曜・全8回),"【内容】バドミントンで楽しく身体を動かしましょう
【対象】一般",7000円,傷害保険料含む,サーラグリーンアリーナ,(053)585-1222,,指定管理者　(公財)浜松市スポーツ協会グループ,浜松市浜北総合体育館（サーラグリーンアリーナ）,浜松市浜名区平口5042-133,,34.798113,137.758233,,あり,20人　先着順,,,"申込必要
【申込開始】2026年09月08日(火曜日)　10時00分
【方法】窓口／電話((053)585-1222)",https://hamamatsu-sports.or.jp/,,スポーツ,浜名区,2026-06-15,,,002489_01
221309,20260608184,静岡県,浜松市,はじめてのバドミントン,エンジョイタッキュウ,,2026-10-06,,19:00,20:30,10月6日～12月8日(火曜・全8回),"【内容】卓球で楽しく身体を動かしましょう
【対象】小学生～一般",7000円,傷害保険料含む,サーラグリーンアリーナ,(053)585-1222,,指定管理者　(公財)浜松市スポーツ協会グループ,浜松市浜北総合体育館（サーラグリーンアリーナ）,浜松市浜名区平口5042-133,,34.798113,137.758233,,あり,25人　先着順,,,"申込必要
【申込開始】2026年09月08日(火曜日)　10時00分
【方法】窓口／電話((053)585-1222)",https://hamamatsu-sports.or.jp/,,スポーツ,浜名区,2026-06-15,,,002489_01
221309,20260608185,静岡県,浜松市,はじめてのキッズバレエ(木曜・前半),ハジメテノキッズバレエ(モクヨウ・ゼンハン),,2026-10-08,,15:20,16:10,10月8日～12月10日(木曜・全10回),"【内容】初心者向けバレエ教室。楽しく身体を動かそう！
【対象】年少児～小学1年生",8500円,傷害保険料含む,サーラグリーンアリーナ,(053)585-1222,,指定管理者　(公財)浜松市スポーツ協会グループ,浜松市浜北総合体育館（サーラグリーンアリーナ）,浜松市浜名区平口5042-133,,34.798113,137.758233,,あり,10人　先着順,,,"申込必要
【申込開始】2026年09月11日(金曜日)　10時00分
【方法】窓口／電話((053)585-1222)",https://hamamatsu-sports.or.jp/,,スポーツ,浜名区,2026-06-15,,○,002489_01
221309,20260608186,静岡県,浜松市,はじめてのキッズバレエ(木曜・後半),ハジメテノキッズバレエ(モクヨウ・コウハン),,2026-10-08,,16:20,17:20,10月8日～12月10日(木曜・全10回),"【内容】初心者向けバレエ教室。楽しく身体を動かそう！
【対象】小学1～6年生",8500円,傷害保険料含む,サーラグリーンアリーナ,(053)585-1222,,指定管理者　(公財)浜松市スポーツ協会グループ,浜松市浜北総合体育館（サーラグリーンアリーナ）,浜松市浜名区平口5042-133,,34.798113,137.758233,,あり,15人　先着順,,,"申込必要
【申込開始】2026年09月11日(金曜日)　10時00分
【方法】窓口／電話((053)585-1222)",https://hamamatsu-sports.or.jp/,,スポーツ,浜名区,2026-06-15,,○,002489_01
221309,20260608187,静岡県,浜松市,背骨コンディショニング(浜北体育館),セボネコンディショニング,,2026-10-02,,14:15,15:15,10月2日～12月4日(金曜・全10回),"【内容】体操と筋トレ、セルフ矯正で歪まない身体つくり
【対象】一般",8000円,傷害保険料含む,浜北体育館,(053)585-1173,,指定管理者　(公財)浜松市スポーツ協会グループ,浜松市浜北武道館,浜松市浜名区竜南26,,34.784818,137.814753,,あり,15人　先着順,,,"申込必要
【申込開始】2026年09月12日(土曜日)　10時00分
【方法】窓口／電話((053)585-1173)",https://hamamatsu-sports.or.jp/,,スポーツ,浜名区,2026-06-15,,,002409_00
221309,20260608188,静岡県,浜松市,ナイトヨガinはまきた(1),ナイトヨガインハマキタ,,2026-09-19,,19:30,20:30,全1回,"【内容】屋外でのリラクゼーション系ヨガ
【対象】一般　＊保護者同伴で中学生以上可",500円,傷害保険料含む,サーラグリーンアリーナ,(053)585-1222,,指定管理者　(公財)浜松市スポーツ協会グループ,浜松市浜北平口サッカー場（サーラグリーンフィールド）,浜松市浜名区平口3071番地の1,,34.798052,137.759778,,あり,100人　先着順,2026-09-13,,"申込必要
【締切】締切
【申込開始】2026年08月17日(月曜日)　9時00分
【方法】ホームページ",https://hamamatsu-sports.or.jp/,,イベント,浜名区,2026-06-15,,,002489_02
221309,20260608189,静岡県,浜松市,ナイトヨガinはまきた(2),ナイトヨガインハマキタ,,2026-10-03,,19:30,20:30,全1回,"【内容】屋外でのリラクゼーション系ヨガ
【対象】一般　＊保護者同伴で中学生以上可",500円,傷害保険料含む,サーラグリーンアリーナ,(053)585-1222,,指定管理者　(公財)浜松市スポーツ協会グループ,浜松市浜北平口サッカー場（サーラグリーンフィールド）,浜松市浜名区平口3071番地の1,,34.798052,137.759778,,あり,100人　先着順,2026-09-27,,"申込必要
【締切】締切
【申込開始】2026年08月17日(月曜日)　9時00分
【方法】ホームページ",https://hamamatsu-sports.or.jp/,,イベント,浜名区,2026-06-15,,,002489_02
221309,20260608190,静岡県,浜松市,日本刀入門公開講座,ニホントウニュウモンコウカイコウザ,,2026-09-21,,13:00,15:30,,"【内容】秋葉山本宮秋葉神社に伝わる日本刀を題材に日本刀の歴史、文化、芸術性などを学習する
【対象】小中学生は保護者同伴で参加可能
【条件】応募者多数の場合は抽選。
【講師】佐野美術館　学芸員　志田理子先生",0円,,文化財課,(053)457-2466,,浜松刀剣愛好会,秋葉山本宮秋葉神社　上社,浜松市天竜区春野町領家841,,34.981496,137.865996,,駐車場有,50人　抽選,2026-08-28,17:00,"申込必要
【締切】締切
【申込開始】2026年08月17日(月曜日)　9時00分
【方法】ホームページ",https://www.city.hamamatsu.shizuoka.jp/bunkazai/kouza/text/guidance.html,,イベント,天竜区,2026-06-15,,,
221309,20260608191,静岡県,浜松市,講座＋見学会「旧浜松市立郷土博物館蜆塚分館(陳列館・収蔵庫)を巡る,コウザプラスケンガクカイ「キュウハママツシキョウドハクブツカンシジミヅカブンカン(チンレツカン・シュウゾウコ)ヲメグル,,2026-09-19,,10:00,11:30,午後の部は13:00～14:30(2回同じ内容で開催),"【内容】かつて蜆塚遺跡内で展示などが行われ、今年度解体を予定している古い建築物と当時の活動について紹介します。
【講師】博物館職員
【その他】9月20日(日)の10:00～12:00、13:00～15:00にも建物内を公開します(申込不要)。",,観覧料　大人310円、高校生150円、中学生以下・70歳以上・各種障がい者手帳(ミライムID含む)をお持ちの方は無料,浜松市博物館,(053)456-2208,,浜松市博物館,浜松市博物館,浜松市中央区蜆塚四丁目22-1,,34.712637,137.703580,JR浜松駅北口バスターミナル2番から遠鉄バス「蜆塚・佐鳴台」行→「博物館」下車徒歩1分,45,60人　抽選　30人×2回,2026-08-28,,"申込必要
【締切】締切
【申込開始】2026年08月01日(土曜日)　
【方法】ホームページ",https://www.city.hamamatsu.shizuoka.jp/hamahaku/,,イベント,中央区,2026-06-15,,,002340_00
221309,20260608192,静岡県,浜松市,史跡がつなぐ日本の未来～全国の事例から学ぶ蜆塚遺跡の新たな価値～,シセキガツナグニホンノミライ～ゼンコクノジレイカラマナブシジミヅカイセキノアラタナカチ～,,2026-09-26,,13:00,15:30,※希望者には現地ガイド15:30～16:00,"【内容】現在行われている蜆塚遺跡整備事業についての講演会です。全国の先進的な整備・活用事例を紹介し、蜆塚遺跡の魅力を高める方法を考えます。
【講師】中井將胤(文化庁主任文化財調査官)",,観覧料　大人310円、高校生150円、中学生以下・70歳以上・各種障がい者手帳(ミライムID含む)をお持ちの方は無料,浜松市博物館,(053)456-2208,,浜松市博物館,浜松市博物館,浜松市中央区蜆塚四丁目22-1,,34.712637,137.703580,JR浜松駅北口バスターミナル2番から遠鉄バス「蜆塚・佐鳴台」行→「博物館」下車徒歩1分,45,60人　抽選,2026-09-04,,"申込必要
【締切】締切
【申込開始】2026年08月01日(土曜日)　
【方法】ホームページ",https://www.city.hamamatsu.shizuoka.jp/hamahaku/,,講座・教室,中央区,2026-06-15,,,002340_00
221309,20260608193,静岡県,浜松市,図書館読み聞かせボランティア養成講座,トショカンヨミキカセボランティアヨウセイコウザ,,2026-09-15,,10:00,12:00,受講希望者は先に説明会(9/8)への参加が必要。説明会参加の申し込みは電話又はインターネットで中央図書館へ。,"【内容】浜松市内の図書館で、子ども向きの読み聞かせボランティアとして活動してくださる方の養成講座。
9/15～11/24の毎週火曜日(9/22、10/20、11/3を除く)。
講義編全4回(9/15～10/13)、実習編全4回(10/27～11/24)
【対象】講座終了後、市内の図書館(駅前分室・水窪図書館・龍山図書館を除く)で読み聞かせボランティアとして活動できる人
【条件】・9/8(火)に行う「説明会」に参加すること
・原則全8回全てに出席できる人
【講師】図書館職員",,,浜松市立中央図書館,(053)456-0234,,浜松市立図書館,浜松市立中央図書館,浜松市中央区松城町214番地の21,,34.709665,137.725399,,,30人　抽選,2026-09-07,17:00,"申込必要
【締切】締切
【方法】窓口／電話／ホームページ",https://www.lib-city-hamamatsu.jp/access/chuo/event/2026_yomikikase_volunteer.html,,講座・教室,中央区,2026-06-15,2026-07-13,○,001861_00
221309,20260608194,静岡県,浜松市,子ども読書推進講演会「科学絵本に込めたメッセージ～編集者の目線から～」,コドモドクショスイシンコウエンカイ「カガクエホンニコメタメッセージ～ヘンシュウシャノメセンカラ～」,,2026-10-18,,14:00,16:00,Webフォームにて申込受付。Webフォーム通信が困難な場合、来館または電話でご相談ください。,"【内容】山形　昌也さん(福音館書店　取締役書籍編集部長)の講演会
【対象】中学生以上
【講師】山形　昌也さん(福音館書店　取締役書籍編集部長)",,無料,浜松市立中央図書館,(053)456-0234,,浜松市立中央図書館,浜松市立中央図書館,浜松市中央区松城町214番地の21,,34.709665,137.725399,,,80人　先着順,,,"申込必要
【申込開始】2026年09月01日(火曜日)　9時00分
【方法】窓口／電話／ホームページ
Webフォームにて申込受付。Webフォーム通信が困難な場合、来館または電話でご相談ください。託児・手話通訳をご希望の方は、講演会申込時にお知らせください。(託児・手話通訳の申込締切は9月30日です)",https://www.lib-city-hamamatsu.jp/access/chuo/event/chuo_2026_kodomodokusyo.html,,おしらせ,中央区,2026-06-15,,○,001861_00
221309,20260608195,静岡県,浜松市,点訳ボランティア養成講座受講生募集,テンヤクボランティアヨウセイコウザジュコウセイボシュウ,,2026-09-16,,13:30,15:30,受講希望者は先に説明会(9/2)に参加が必要。説明会参加の申し込みは電話で中央図書館へ(8/15午前10時～),"【内容】点字図書製作のための知識・技術の習得
【対象】講座終了後、ボランティア活動に従事できる人",,無料,浜松市立中央図書館,(053)456-0234,,浜松市立中央図書館,浜松市立城北図書館,浜松市中央区和地山二丁目37-2,,34.730199,137.719025,,,10人　申込者が定員を超えた場合には抽選を行う,,,"申込必要
講座受講希望者は先に事前説明会(9/2)への参加が必要。説明会終了後、講座申込の受付を行う。",https://www.lib-city-hamamatsu.jp/access/chuo/event/2026_tenyaku_volunteer.html,,おしらせ,中央区,2026-06-15,,,001413_00
221309,20260608196,静岡県,浜松市,令和8年度こども・若者のさまざまな悩みに個別に応じる合同相談会,レイワハチネンドコドモ・ワカモノノサマザマナナヤミニコベツニオウジルゴウドウソウダンカイ,,2026-10-04,,10:30,15:30,施設駐車場の混雑が予想されます。公共交通機関の利用等に御協力お願いします。,"【内容】専門支援機関・団体(就労、ひきこもり、学習支援、家族支援、医療、司法等)、学校(定時制、通信制、専修学校、職業訓練校)など、子ども・若者の専門家が相談を受付ます。
【対象】悩みを抱える本人とその家族等",0円,,青少年育成センター,(053)457-2418,2418,浜松市・静岡県,浜松市浜北文化センター,浜松市浜名区貴布祢291-1,,34.794439,137.783274,"【車】
〇新東名高速道路　浜松・浜松西CIから約20分
〇新東名浜松浜北ICから約15分
〇JR浜松駅からタクシーで約30分
【公共交通機関】
〇遠州鉄道　浜北駅から　徒歩5分",無料駐車場約200台,,2026-09-30,17:15,"申込必要
【締切】締切
【申込開始】2026年08月17日(月曜日)　8時30分
【方法】電話((053)457-2418)／ホームページ
代表者氏名、居住地(区、市外)、メールアドレス等",https://www.pref.shizuoka.jp/kodomokyoiku/school/kyoiku/shakaikyoiku/seishonen/1003948/1032049.html,事前予約がない方もご入場いただけますが、事前予約の方が優先となるため、当日、入場をお待ちいただく場合がございます。,そうだん,浜名区,2026-06-15,,○,002410_00
221309,20260608197,静岡県,浜松市,ふくしの職場相談会,フクシノショクバソウダンカイ,,2026-09-10,,9:45,11:45,,"【内容】福祉事業所との個別相談(職務内容や雇用条件等)、冊子の配布
【対象】福祉職に興味のある方
【その他】※参加事業所1か所以上と相談した雇用保険受給中の方は、求職活動の一貫となります。",,,浜松市福祉人材バンク,(053)458-9205,,,浜松市福祉交流センター,浜松市中央区成子町140-8,,34.700201,137.728214,,,,,,申込不要,http://www.hamamatsu-syakyou.jp/person/,,そうだん,中央区,2026-06-15,,○,002342_00
221309,20260608198,静岡県,浜松市,就職ガイダンス,シュウショクガイダンス,,2026-09-10,,9:15,9:45,,"【内容】福祉職につくにあたっての心がまえや求人事業者との面接時に役立つ情報等の提供
【対象】福祉職に興味のある方",,,浜松市福祉人材バンク,(053)458-9205,,,浜松市福祉交流センター,浜松市中央区成子町140-8,,34.700201,137.728214,,,20人,2026-09-09,17:00,"申込必要
【方法】窓口／電話((053)458-9205)／FAX((053)453-0716)／E-mail(hamajinzai@aroma.ocn.ne.jp)",http://www.hamamatsu-syakyou.jp/person/,,そうだん,中央区,2026-06-15,,○,002342_00
221309,20260608199,静岡県,浜松市,介護のDVD視聴会,カイゴノデーブイデーシチョウカイ,,2026-09-10,,10:00,12:00,,"【内容】介護のDVD視聴会
【対象】福祉職に興味のある方",,,浜松市福祉人材バンク,(053)458-9205,,,浜松市福祉交流センター,浜松市中央区成子町140-8,,34.700201,137.728214,,,,,,申込不要,http://www.hamamatsu-syakyou.jp/person/,,そうだん,中央区,2026-06-15,,○,002342_00
221309,20260608200,静岡県,浜松市,オルガンレクチャー受講生募集,オルガンレクチャージュコウセイボシュウ,,2026-09-18,,,,"第1回　16:00開始
第2回　18:30開始","【内容】オルガンの歴史や仕組みなどを学ぶことができる入門講座です。
【対象】中学生以上
【講師】久保田真矢(東京藝術大学大学院、フランクフルト音楽大学卒)",,,福祉総務課,(053)457-2326,2326,浜松市,浜松市福祉交流センター,浜松市中央区成子町140-8,,34.700201,137.728214,,,"10人　抽選　各回定員10名ずつ
応募多数の場合抽選",2026-09-04,,"申込必要
【締切】締切
【方法】電話((053)457-2326)／E-mail(fukushisomu@city.hamamatsu.shizuoka.jp)
住所、氏名(メールの場合はフリガナ)、年齢、職業、電話番号、希望コースをお知らせください。",https://www.city.hamamatsu.shizuoka.jp/fukushisomu/event/fukusikouryu/organ.html,,おんがく,中央区,2026-06-15,,,002342_00
221309,20260608201,静岡県,浜松市,世界のダンス体操(全2回),セカイノダンスタイソウ(ゼン2カイ),,2026-09-06,,10:00,11:30,9月6日・9月27日(全2回　日曜日),"【内容】ブラジル、ペルーの音楽に合わせて体を動かしたり、文化の話も聞いたりします。簡単なストレッチ体操で心も体も健康になろう
【対象】ふれあい交流センター利用対象者
【条件】市内に居住する60歳以上の人、市内に居住する中学生以下の子ども及びその保護者、上記対象者を支援する活動に関わる人
【講師】9/6マギダ・アルベス　9/27アナ・マリア
【その他】持物:フェイスタオル・水分補給用の飲料・動きやすい服装",,,ふれあい交流センターいたや,(053)413-5570,,,浜松市ふれあい交流センターいたや,浜松市中央区板屋町596,いきいきプラザ中央1階,34.707486,137.736947,,なし(公共交通機関をご利用ください。),20人　抽選　応募者多数の場合は抽選。受講決定者のみに電話で連絡します。,2026-08-22,16:30,"申込必要
【締切】締切
【申込開始】2026年08月05日(水曜日)　9時00分
【方法】窓口／電話((053)413-5570)／E-mail(csw-itaya@major.ocn.ne.jp)",https://www.hamamatsu-syakyou.jp/,7/25社協ホームぺージ参加者募集,講座・教室,中央区,2026-06-15,,○,005426_00
221309,20260608202,静岡県,浜松市,シニアのための体操と脳トレ・レクリエーション講座(全6回),シニアノタメノタイソウトノウトレ・レクリエーションコウザ(ゼン6カイ),,2026-09-11,,13:30,15:30,9月11・25日、10月9・23日、11月13・27日(全6回　金曜日),"【内容】介護予防のために考案された体操です。高齢になっても安全に行うことができます。
【対象】市内にお住いの60歳以上の人
【条件】　
【講師】寄川鏡子
【その他】持ち物:水分補給用の飲料・動きやすい服装・マスク",,,ふれあい交流センターいたや,(053)413-5570,,,浜松市ふれあい交流センターいたや,浜松市中央区板屋町596,いきいきプラザ中央1階,34.707486,137.736947,,なし(公共交通機関をご利用ください。),20人　抽選　応募者多数の場合は抽選。受講決定者のみに電話で連絡します。,2026-08-21,16:30,"申込必要
【締切】締切
【申込開始】2026年08月07日(金曜日)　9時00分
【方法】窓口／電話((053)413-5570)／E-mail(csw-itaya@major.ocn.ne.jp)",https://www.hamamatsu-syakyou.jp/,7/25社協ホームぺージ参加者募集,講座・教室,中央区,2026-06-15,,×,005426_00
221309,20260608203,静岡県,浜松市,スマホ教室(応用編)　全2回　(2コース),スマホキョウシツ(オウヨウヘン)　ゼン2カイ　(2コース),,2026-09-06,,,,"9月6日・13日(日)10:00～12:00 全2回・13:00～15:00 全2回　の2コース","【内容】スマホをもっと活用したい方。(ライン・インターネット・カメラを使いこなそう！)
【対象】市内にお住まいの60歳以上の方
【講師】佐野圭吾
【その他】持ち物:筆記用具・ご自分の携帯電話を持参してください",,,ふれあい交流センター萩原,(053)439-4178,,,浜松市ふれあい交流センター萩原,浜松市中央区初生町1,,34.754588,137.733052,,普通車92台軽自動車14台,10人　抽選　各コース10名　応募者多数の場合は抽選,2026-08-22,16:30,"申込必要
【締切】締切
【申込開始】2026年08月01日(土曜日)　9時00分
【方法】窓口／電話((053)439-4178)／FAX((053)439-4178)／ホームページ",https://www.hamamatsu-syakyou.jp/,7/24掲載予定,講座・教室,中央区,2026-06-15,,×,005436_00
221309,20260608204,静岡県,浜松市,親子でわくわく音楽遊び　全3回,オヤコデワクワクオンガクアソビ　ゼン3カイ,,2026-09-08,,10:00,11:00,"9月8日、10月20日、11月10日(火) 全3回","【内容】9月8日:秋をみつけたよ　10月2日:たくさん動いて　11月10日:楽器で遊ぼう
【対象】市内にお住まいの未就園児とその保護者
【講師】加茂房子(チョッピン音楽教室)",,,ふれあい交流センター萩原,(053)439-4178,,,浜松市ふれあい交流センター萩原,浜松市中央区初生町1,,34.754588,137.733052,,普通車92台軽自動車14台,15人　抽選　15組(未就園児とその保護者で1組),2026-08-22,16:30,"申込必要
【締切】締切
【申込開始】2026年08月08日(土曜日)　9時00分
【方法】窓口／電話((053)439-4178)／FAX((053)439-4178)／ホームページ",https://www.hamamatsu-syakyou.jp/,7/24掲載予定,講座・教室,中央区,2026-06-15,,○,005436_00
221309,20260608205,静岡県,浜松市,旬の食材を使った免疫力アップ料理～中華～　全2回,シュンノショクザイヲツカッタメンエキリョクアップリョウリ～チュウカ～　ゼン2カイ,,2026-09-15,,10:00,12:00,"9月15日、10月6日(火) 全2回","【内容】9月15日:水餃子、豆腐のオイスターソース煮、青梗菜とキムチのサラダ、タピオカミルクティー　10月6日:中華ちまき風おにぎり、えび春雨、わかめスープ、ジャスミンティーゼリー
【対象】市内にお住まいの60歳以上の方
【講師】丸井智美(管理栄養士)
【その他】持ち物:エプロン・三角巾(バンダナ)・布巾二枚・ハンドタオル・筆記用具",1700円,材料費として(2回分),ふれあい交流センター萩原,(053)439-4178,,,浜松市ふれあい交流センター萩原,浜松市中央区初生町1,,34.754588,137.733052,,普通車92台軽自動車14台,7人　抽選　応募者多数の場合は抽選,2026-08-29,16:30,"申込必要
【締切】締切
【申込開始】2026年08月08日(土曜日)　9時00分
【方法】窓口／電話((053)439-4178)／FAX((053)439-4178)／ホームページ",https://www.hamamatsu-syakyou.jp/,7/24掲載予定,講座・教室,中央区,2026-06-15,,×,005436_00
221309,20260608206,静岡県,浜松市,親子でアニマルヨーガ講座　全3回,オヤコデアニマルヨーガコウザ　ゼン3カイ,,2026-10-03,,10:00,11:00,10月3日・10日・17日(土)全3回,"【内容】クマ・ネコ・イヌ・ヒヨコのヨーガを楽しくやってみませんか？動物のポーズをとりながら親子でスキンシップを取り、心身のバランスを整え、親子の絆を深めましょう。
【対象】市内にお住まいの年中～小学生とその保護者
【講師】中村聖子(ヨガインストラクター)
【その他】持ち物:タオル・ヨガマット(またはバスタオル)・水分補給用の飲み物",,,ふれあい交流センター萩原,(053)439-4178,,,浜松市ふれあい交流センター萩原,浜松市中央区初生町1,,34.754588,137.733052,,普通車92台軽自動車14台,15人　抽選　15組(年中～小学生とその保護者で1組),2026-09-19,16:30,"申込必要
【締切】締切
【申込開始】2026年08月25日(火曜日)　9時00分
【方法】窓口／電話((053)439-4178)／FAX((053)439-4178)／ホームページ",https://www.hamamatsu-syakyou.jp/,7/24掲載予定,講座・教室,中央区,2026-06-15,,○,005436_00
221309,20260608210,静岡県,浜松市,骨盤体操ヨガ教室,コツバンタイソウヨガキョウシツ,,2026-09-01,,9:30,11:30,9/1(火)、9/15(火)、9/29(火)全3回1セット,"【内容】骨盤体操とヨガ
【対象】市内在住の中学生以下のこどもを持つ保護者及び高齢者
【その他】持 ち 物　タオル・ドリンク・ヨガマット",,,ふれあい交流センター竜西,(053)433-9045,,,浜松市ふれあい交流センター竜西,浜松市中央区中郡町684-1,,34.775442,137.775131,,,30人　抽選,2026-08-25,16:30,"申込必要
【締切】締切
【申込開始】2026年08月04日(火曜日)　9時00分
【方法】窓口／電話((053)433-9045)／FAX((053)433-9070)／郵送(431-3111　浜松市中央区中郡町684-1　ふれあい交流センター竜西)／E-mail(ryusei@yataro.com)
定員オーバーの場合は抽選",https://fureaikouryu-center.jp,,講座・教室,中央区,2026-06-15,,○,005427_00
221309,20260608213,静岡県,浜松市,防災講座,ボウサイコウザ,,2026-09-19,,9:30,11:30,,"【内容】楽しみながら命を守る防災教室
【対象】市内在住の小中学生と保護者及び高齢者
【その他】持 ち 物　エプロン・三角巾・マスク",,,ふれあい交流センター竜西,(053)433-9045,,,浜松市ふれあい交流センター竜西,浜松市中央区中郡町684-1,,34.775442,137.775131,,,10人　抽選,2026-09-12,16:30,"申込必要
【締切】締切
【申込開始】2026年08月22日(土曜日)　9時00分
【方法】窓口／電話((053)433-9045)／FAX((053)433-9070)／郵送(431-3111　浜松市中央区中郡町684-1　ふれあい交流センター竜西)／E-mail(ryusei@yataro.com)
定員オーバーの場合は抽選",https://fureaikouryu-center.jp,,講座・教室,中央区,2026-06-15,,○,005427_00
221309,20260608214,静岡県,浜松市,親子であそぼう「ははは広場」,オヤコデアソボウハハハヒロバ,,2026-09-06,,10:00,11:00,,"【内容】絵本の読み聞かせ、手遊び、簡単な体操など
【対象】浜松市内の1～3歳と、その保護者
【講師】佐野　ふみ子",,無料,ふれあい交流センター浜北,(053)587-4830,,,浜松市ふれあい交流センター浜北,浜松市浜名区小林1272-1,,34.806958,137.793509,,,10人　先着順　親子10組,,,"申込不要
当日、直接会場へ",https://fureaikouryu-center.jp,,講座・教室,浜名区,2026-06-15,,○,005437_00
221309,20260608215,静岡県,浜松市,こどものための読み聞かせ,コドモノタメノヨミキカセ,,2026-09-20,,10:00,10:30,,"【内容】絵本の読み聞かせや紙芝居
【対象】浜松市内の2歳～小学3年生と、その保護者
【講師】元小学校校長など読み聞かせボランティアの皆さん",,無料,ふれあい交流センター浜北,(053)587-4830,,,浜松市ふれあい交流センター浜北,浜松市浜名区小林1272-1,,34.806958,137.793509,,,18人　先着順,,,"申込不要
当日、直接会場へ",https://fureaikouryu-center.jp,,講座・教室,浜名区,2026-06-15,,○,005437_00
221309,20260608216,静岡県,浜松市,俳句やってみませんか？,ハイクヤッテミマセンカ,,2026-10-04,,13:30,16:00,,"【内容】初心者大歓迎。俳句やってみませんか？
【対象】浜松市内の60歳以上の方
【講師】坂口　秀子
【その他】持ち物:水分補給のための飲み物・筆記用具",1000円,教材費,ふれあい交流センター浜北,(053)587-4830,,,浜松市ふれあい交流センター浜北,浜松市浜名区小林1272-1,,34.806958,137.793509,,,25人　先着順　最少催行5名,2026-09-27,16:30,"申込必要
【締切】締切
【申込開始】2026年08月22日(土曜日)　9時00分
【方法】窓口／電話((053)587-4830)／ホームページ",https://fureaikouryu-center.jp,,講座・教室,浜名区,2026-06-15,,×,005437_00
221309,20260608217,静岡県,浜松市,俳句やってみませんか？,ハイクヤッテミマセンカ,,2026-10-18,,13:30,16:00,,"【内容】初心者大歓迎。俳句やってみませんか？
【対象】浜松市内の60歳以上の方
【講師】坂口　秀子
【その他】持ち物:水分補給のための飲み物・筆記用具",1000円,教材費,ふれあい交流センター浜北,(053)587-4830,,,浜松市ふれあい交流センター浜北,浜松市浜名区小林1272-1,,34.806958,137.793509,,,25人　先着順　最少催行5名,2026-09-27,16:30,"申込必要
【締切】締切
【申込開始】2026年08月22日(土曜日)　9時00分
【方法】窓口／電話((053)587-4830)／ホームページ",https://fureaikouryu-center.jp,,講座・教室,浜名区,2026-06-15,,×,005437_00
221309,20260608218,静岡県,浜松市,俳句やってみませんか？,ハイクヤッテミマセンカ,,2026-10-25,,13:30,16:00,,"【内容】初心者大歓迎。俳句やってみませんか？
【対象】浜松市内の60歳以上の方
【講師】坂口　秀子
【その他】持ち物:水分補給のための飲み物・筆記用具",1000円,教材費,ふれあい交流センター浜北,(053)587-4830,,,浜松市ふれあい交流センター浜北,浜松市浜名区小林1272-1,,34.806958,137.793509,,,25人　先着順　最少催行5名,2026-09-27,16:30,"申込必要
【締切】締切
【申込開始】2026年08月22日(土曜日)　9時00分
【方法】窓口／電話((053)587-4830)／ホームページ",https://fureaikouryu-center.jp,,講座・教室,浜名区,2026-06-15,,×,005437_00
221309,20260608219,静岡県,浜松市,ベビーマッサージ,ベビーマッサージ,,2026-10-07,,10:15,11:30,,"【内容】話してスッキリ！子育てもラクになる?生後1カ月からのベビーマッサージ教室　ご家族揃ってのご参加も、ぜひ、どうぞ！
【対象】浜松市内の1～10ヶ月の子と、その保護者
【講師】乳幼児子育てサポート協会　前沢　綾香
【その他】持ち物:バスタオル・水分補給のための飲み物(親子分)・ケープ(授乳時)",,無料,ふれあい交流センター浜北,(053)587-4830,,,浜松市ふれあい交流センター浜北,浜松市浜名区小林1272-1,,34.806958,137.793509,,,10人　先着順　親子10組　最少催行3組,2026-09-30,16:30,"申込必要
【締切】締切
【申込開始】2026年08月22日(土曜日)　9時00分
【方法】窓口／電話((053)587-4830)／ホームページ",https://fureaikouryu-center.jp,,講座・教室,浜名区,2026-06-15,,○,005437_00
221309,20260608220,静岡県,浜松市,障がいのある人のための講座,,,2026-10-08,,13:30,15:30,,"【内容】水泳
【対象】18歳以上の障がいのある人",,,"浜松市発達医療総合福祉センター はままつ友愛のさと 体育館",(053)586-8856,,,浜松市発達医療総合福祉センター,浜松市浜名区高薗775-1,,34.777945,137.815343,,,10人　抽選,2026-09-28,,"申込必要
【締切】締切
【方法】窓口／電話((053)586-8856)",https://www.h-hattatsu.com/center/fukushi/,※応募者多数の場合、抽選となります。,講座・教室,浜名区,2026-06-15,,,002270_00
221309,20260608221,静岡県,浜松市,障がいのある人のための講座,,,2026-10-08,,15:00,16:30,,"【内容】親子水泳
【対象】18歳未満の障がいのあるお子さん、発達に心配のあるお子さんと保護者",,,"浜松市発達医療総合福祉センター はままつ友愛のさと 体育館",(053)586-8856,,,浜松市発達医療総合福祉センター,浜松市浜名区高薗775-1,,34.777945,137.815343,,,10人　抽選　親子10組,2026-09-28,,"申込必要
【締切】締切
【方法】窓口／電話((053)586-8856)",https://www.h-hattatsu.com/center/fukushi/,※応募者多数の場合、抽選となります。,講座・教室,浜名区,2026-06-15,,○,002270_00
221309,20260608222,静岡県,浜松市,障がいのある人のための講座,,,2026-10-07,,15:00,16:30,,"【内容】親子スポーツ
【対象】18歳未満の障がいのあるお子さん、発達に心配のあるお子さんと保護者",,,"浜松市発達医療総合福祉センター はままつ友愛のさと 体育館",(053)586-8856,,,浜松市発達医療総合福祉センター,浜松市浜名区高薗775-1,,34.777945,137.815343,,,10人　抽選　親子10組,2026-09-28,,"申込必要
【締切】締切
【方法】窓口／電話((053)586-8856)",https://www.h-hattatsu.com/center/fukushi/,※応募者多数の場合、抽選となります。,講座・教室,浜名区,2026-06-15,,○,002270_00
221309,20260608223,静岡県,浜松市,令和8年度要約筆記者養成講座前期パソコン(12回),レイワ8ネンドヨウヤクヒッキシャヨウセイコウザゼンキパソコン(12カイ),,2026-09-12,,10:00,15:00,,"【内容】聴覚に障がいのある方に会話を文字で伝える意思疎通支援者を養成(パソコンコース)
【対象】修了後に浜松市で活動できる方(タッチタイピング(80文字以上/分)が可能でノートパソコンを持参できる方。8月22日(土)にタイピングチェック実施)
【その他】※応募多数は抽選",,"テキスト代4,500円",登録要約筆記者の会浜松,,,,南部協働センター,浜松市中央区海老塚二丁目25-17,,34.696769,137.733525,,,10人　抽選　10名,2026-08-20,,"申込必要
【締切】締切
【申込開始】2026年08月01日(土曜日)　
【方法】FAX／郵送(　)／ホームページ／E-mail",https://www.city.hamamatsu.shizuoka.jp/syoghuku/lecture/youyakuhikki/index.html,,講座・教室,中央区,2026-06-15,2026-07-13,,004498_00
221309,20260608224,静岡県,浜松市,「第59回浜松市高齢者の作品展」開催および作品の募集,「ダイ59カイハママツシコウレイシャノサクヒンテン」カイサイオヨビサクヒンノボシュウ,,2026-11-12,2026-11-16,9:00,16:00,※最終日は14:00まで,"【内容】令和8年11月12日(木)から16日(月)に開催される「第59回浜松市高齢者の作品展」の出品作品の募集
【対象】市内に居住する60歳以上(昭和42年3月31日以前生まれ)の人
【条件】出品者によりおおむね1年以内に制作された未発表作品(絵画、彫刻、書、写真、手工芸)に限る。
【その他】※シニアクラブ(老人クラブ)に加入している人は、シニアクラブ浜松市(浜松市老人クラブ連合会)を通じて募集します。",,,高齢者福祉課,(053)457-2789,,,浜松市福祉交流センター,浜松市中央区成子町140-8,,34.700201,137.728214,,,,2026-09-30,17:00,"申込必要
【締切】締切
【方法】窓口
各福祉事業所長寿支援課・長寿保険課または引佐・三ヶ日・春野・佐久間・水窪・龍山支所へ",https://www.city.hamamatsu.shizuoka.jp/kourei/welfare/elderly/ikigai/club.html,,おしらせ,中央区,2026-06-15,2026-07-13,,002342_00
221309,20260608225,静岡県,浜松市,(公社)浜松市シルバー人材センターの正規職員,(コウシャ)ハママツシシルバージンザイセンターノセイキショクインボシュウ,,2026-08-03,2026-09-15,,,,【内容】(公社)浜松市シルバー人材センターの正規職員を募集します。,,,（公社）浜松市シルバー人材センター本部,(053)453-2031,,,,,,,,,,,2026-09-15,,"申込必要
【締切】必着
【申込開始】2026年08月17日(月曜日)　
【方法】窓口／郵送(432-8023　浜松市中央区鴨江三丁目1番10号　(公社)浜松市シルバー人材センター本部)
募集要項等は浜松市シルバー人材センター本部で配布。また、浜松市シルバー人材センターのホームページからもダウンロード可。",https://hamamatu-sjc.com/,※書類持参の場合の受付は、午前9時から午後5時まで,職員募集,,2026-06-15,,,
221309,20260608226,静岡県,浜松市,「第37回静岡県すこやか長寿祭スポーツ・文化交流大会」参加者募集,「ダイ37カイシズオカケンスコヤカチョウジュサイスポーツ・ブンカコウリュウタイカイ」サンカシャボシュウ,,2026-09-01,,,,2026(令和8)年9月～2027(令和9)年3月にかけて開催されます。競技ごとに開催日・申込期限が異なります。,"【内容】2026(令和8)年9月から2027(令和9)年3月にかけて開催される「第37回静岡県すこやか長寿祭スポーツ・文化交流大会」の参加者の募集
【対象】原則2028(令和10)年4月1日時点で年齢が60歳以上(1968[昭和43］年4月1日以前に生まれた人)で県内在住者",,,（公財）しずおか健康長寿財団,(054)253-4221,,(公財)しずおか健康長寿財団、静岡県、静岡県すこやか長寿祭スポーツ・文化交流大会実行委員会,県内各地,-,,,,,,,,,"申込必要
競技参加は事前申し込みが必要です。電話またはホームページから(公財)しずおか健康長寿財団にお問い合わせください。※令和9年度のねんりんピックにつきましては、通常開催を行わないことから、代表選考会を兼ねません。",https://www.sukoyaka.or.jp,,おしらせ,,2026-06-15,2026-07-13,,
221309,20260608227,静岡県,浜松市,認知症サポーター養成講座,ニンチショウサポーターヨウセイコウザ,,2026-09-16,,14:00,16:00,,"【内容】認知症を正しく理解し、認知症の人や家族に対して温かい目で接することができる応援者「認知症サポーター」を養成
【対象】原則、過去に受講歴のない人
【講師】キャラバン・メイト",,,浜名福祉事業所（北行政センター）・長寿保険課,(053)523-1144,,,北行政センター,浜松市浜名区細江町気賀305,31会議室,34.806210,137.650988,,,40人　先着順,,,"申込必要
【申込開始】2026年08月17日(月曜日)　
【方法】電話((053)523-1144)
受付時間:8:30～17:00(平日のみ)",http://www.city.hamamatsu.shizuoka.jp/kourei/welfare/elderly/nintisyou/kouza.html,,けんこう,浜名区,2026-06-15,,,000935_00
221309,20260608228,静岡県,浜松市,認知症サポーター養成講座,ニンチショウサポーターヨウセイコウザ,,2026-09-17,,14:00,16:00,,"【内容】認知症を正しく理解し、認知症の人や家族に対して温かい目で接することができる応援者「認知症サポーター」を養成
【対象】原則、過去に受講歴のない人
【講師】キャラバン・メイト",,,中央福祉事業所（東行政センター）・長寿支援課,(053)424-0186,,,東部保健福祉センター,浜松市中央区青屋町300,集団指導室,34.715732,137.782995,,,30人　先着順,,,"申込必要
【申込開始】2026年08月17日(月曜日)　
【方法】電話((053)424-0186)
受付時間:8:30～17:00(平日のみ)",http://www.city.hamamatsu.shizuoka.jp/kourei/welfare/elderly/nintisyou/kouza.html,,けんこう,中央区,2026-06-15,,,000029_00
221309,20260608230,静岡県,浜松市,認知症相談会,ニンチショウソウダンカイ,,2026-09-24,,14:00,17:00,,【内容】認知症に関する相談を、浜松市認知症疾患医療センターの認知症看護認定看護師、医療ソーシャルワーカーがお受けします。,,,浜松市認知症疾患医療センター,(053)439-0006,,,聖隷三方原病院　患者サポートセンター,浜松市中央区三方原町3453,,34.792297,137.690894,,,3人　先着順　各日,,,"申込必要
【申込開始】2026年08月17日(月曜日)　
【方法】電話((053)439-0006)
電話で聖隷三方原病院浜松市認知症疾患医療センター専用ダイヤルへ",https://www.city.hamamatsu.shizuoka.jp/kourei/welfare/elderly/nintisyou/supporter.html,,けんこう,中央区,2026-06-15,,,
221309,20260608231,静岡県,浜松市,認知症当事者交流会(認知症本人ミーティング),ニンチショウトウジシャコウリュウカイ(ニンチショウホンニンミーティング),,2026-09-12,,10:00,11:30,,"【内容】認知症とともに暮らすご本人同士が語り合い、気持ちの安定や理解を深める場です。
【対象】認知症又はMCI(軽度認知障害)の診断を受けた方",,,浜松市高齢者福祉課,(053)457-2105,,,浜松市立中央図書館,浜松市中央区松城町214番地の21,,34.709665,137.725399,,,,,,"申込必要
【方法】電話((053)457-2105)
ご家族等の付き添いも可能です",https://www.city.hamamatsu.shizuoka.jp/kourei/welfare/elderly/nintisyou/supporter.html,,けんこう,中央区,2026-06-15,,,001861_00
221309,20260608234,静岡県,浜松市,"成人健康相談 9月",,,2026-09-07,,9:00,11:00,,"【内容】保健師・栄養士による健康相談
【対象】市民で生活習慣病や禁煙など、健康に関する相談がある人",,無料,中央健康づくりセンター,(053)413-5577,,,中央保健福祉センター,浜松市中央区板屋町596,,34.707462,137.737033,,,,,,申込不要,https://www.city.hamamatsu.shizuoka.jp/kenkozoshin/health/soudan/seijin.html,※禁煙に関する相談は1週間前までに要予約,けんこう,中央区,2026-06-15,,,000025_00
221309,20260608235,静岡県,浜松市,"成人健康相談 9月",,,2026-09-14,,9:00,11:00,,"【内容】保健師・栄養士による健康相談
【対象】市民で生活習慣病や禁煙など、健康に関する相談がある人",,無料,中央健康づくりセンター,(053)413-5577,,,中央保健福祉センター,浜松市中央区板屋町596,,34.707462,137.737033,,,,,,申込不要,https://www.city.hamamatsu.shizuoka.jp/kenkozoshin/health/soudan/seijin.html,※禁煙に関する相談は1週間前までに要予約,けんこう,中央区,2026-06-15,,,000025_00
221309,20260608236,静岡県,浜松市,"成人健康相談 9月",,,2026-09-28,,9:00,11:00,,"【内容】保健師・栄養士による健康相談
【対象】市民で生活習慣病や禁煙など、健康に関する相談がある人",,無料,中央健康づくりセンター,(053)413-5577,,,中央保健福祉センター,浜松市中央区板屋町596,,34.707462,137.737033,,,,,,申込不要,https://www.city.hamamatsu.shizuoka.jp/kenkozoshin/health/soudan/seijin.html,※禁煙に関する相談は1週間前までに要予約,けんこう,中央区,2026-06-15,,,000025_00
221309,20260608237,静岡県,浜松市,"成人健康相談 9月",,,2026-09-10,,9:30,11:30,,"【内容】保健師・栄養士による健康相談
【対象】市民で生活習慣病や禁煙など、健康に関する相談がある人",,無料,中央健康づくりセンター（東）,(053)424-0122,,,東行政センター,浜松市中央区流通元町20-3,,34.741515,137.791771,,,,,,申込不要,https://www.city.hamamatsu.shizuoka.jp/kenkozoshin/health/soudan/seijin.html,※禁煙に関する相談は1週間前までに要予約,けんこう,中央区,2026-06-15,,,002063_00
221309,20260608238,静岡県,浜松市,"成人健康相談 9月",,,2026-09-24,,9:30,11:30,,"【内容】保健師・栄養士による健康相談
【対象】市民で生活習慣病や禁煙など、健康に関する相談がある人",,無料,中央健康づくりセンター（東）,(053)424-0122,,,東行政センター,浜松市中央区流通元町20-3,,34.741515,137.791771,,,,,,申込不要,https://www.city.hamamatsu.shizuoka.jp/kenkozoshin/health/soudan/seijin.html,※禁煙に関する相談は1週間前までに要予約,けんこう,中央区,2026-06-15,,,002063_00
221309,20260608239,静岡県,浜松市,"成人健康相談 9月",,,2026-09-29,,9:30,11:30,,"【内容】保健師・栄養士による健康相談
【対象】市民で生活習慣病や禁煙など、健康に関する相談がある人",,無料,中央健康づくりセンター（西）,(053)597-1174,,,西部保健センター,浜松市中央区雄踏一丁目31-1,,34.692659,137.645323,,,,,,申込不要,https://www.city.hamamatsu.shizuoka.jp/kenkozoshin/health/soudan/seijin.html,※禁煙に関する相談は1週間前までに要予約,けんこう,中央区,2026-06-15,,,001568_01
221309,20260608240,静岡県,浜松市,"成人健康相談 9月",,,2026-09-08,,13:30,15:00,,"【内容】保健師・栄養士による健康相談
【対象】市民で生活習慣病や禁煙など、健康に関する相談がある人",,無料,中央健康づくりセンター（西）,(053)597-1174,,,舞阪保健センター,浜松市中央区舞阪町舞阪2668-349,,34.679020,137.614316,,,,,,申込不要,https://www.city.hamamatsu.shizuoka.jp/kenkozoshin/health/soudan/seijin.html,※禁煙に関する相談は1週間前までに要予約,けんこう,中央区,2026-06-15,,,005430_01
221309,20260608241,静岡県,浜松市,"成人健康相談 9月",,,2026-09-18,,13:30,15:00,,"【内容】保健師・栄養士による健康相談
【対象】市民で生活習慣病や禁煙など、健康に関する相談がある人",,無料,中央健康づくりセンター（南）,(053)425-1590,,,南行政センター,浜松市中央区江之島町600-1,,34.667355,137.752214,,,,,,申込不要,https://www.city.hamamatsu.shizuoka.jp/kenkozoshin/health/soudan/seijin.html,※禁煙に関する相談は1週間前までに要予約,けんこう,中央区,2026-06-15,,,002131_00
221309,20260608242,静岡県,浜松市,"成人健康相談 9月",,,2026-09-09,,9:00,11:30,,"【内容】保健師・栄養士による健康相談
【対象】市民で生活習慣病や禁煙など、健康に関する相談がある人",,無料,浜名健康づくりセンター,(053)585-1120,,,浜名区役所,浜松市浜名区貴布祢3000,,34.791664,137.783231,,,,,,申込不要,https://www.city.hamamatsu.shizuoka.jp/kenkozoshin/health/soudan/seijin.html,※禁煙に関する相談は1週間前までに要予約,けんこう,浜名区,2026-06-15,,,002404_00
221309,20260608243,静岡県,浜松市,"成人健康相談 9月",,,2026-09-30,,9:00,11:30,,"【内容】保健師・栄養士による健康相談
【対象】市民で生活習慣病や禁煙など、健康に関する相談がある人",,無料,浜名健康づくりセンター,(053)585-1120,,,浜名区役所,浜松市浜名区貴布祢3000,,34.791664,137.783231,,,,,,申込不要,https://www.city.hamamatsu.shizuoka.jp/kenkozoshin/health/soudan/seijin.html,※禁煙に関する相談は1週間前までに要予約,けんこう,浜名区,2026-06-15,,,002404_00
221309,20260608244,静岡県,浜松市,"成人健康相談 9月",,,2026-09-07,,9:00,11:30,,"【内容】保健師・栄養士による健康相談
【対象】市民で生活習慣病や禁煙など、健康に関する相談がある人",,無料,浜名健康づくりセンター（北）,(053)523-3121,,,細江健康センター,浜松市浜名区細江町気賀305番地,,34.806109,137.650537,,,,,,申込不要,https://www.city.hamamatsu.shizuoka.jp/kenkozoshin/health/soudan/seijin.html,※禁煙に関する相談は1週間前までに要予約,けんこう,浜名区,2026-06-15,,,000930_00
221309,20260608245,静岡県,浜松市,"成人健康相談 9月",,,2026-09-14,,9:30,11:30,,"【内容】保健師・栄養士による健康相談
【対象】市民で生活習慣病や禁煙など、健康に関する相談がある人",,無料,天竜健康づくりセンター,(053)922-0075,,,天竜保健福祉センター,浜松市天竜区二俣町二俣530-18,,34.871333,137.814592,,,,,,申込不要,https://www.city.hamamatsu.shizuoka.jp/kenkozoshin/health/soudan/seijin.html,※禁煙に関する相談は1週間前までに要予約,けんこう,天竜区,2026-06-15,,,002518_00
221309,20260608246,静岡県,浜松市,"成人健康相談 9月",,,2026-09-09,,9:30,11:30,,"【内容】保健師・栄養士による健康相談
【対象】市民で生活習慣病や禁煙など、健康に関する相談がある人",,無料,春野支所,(053)983-0006,,,春野支所,浜松市天竜区春野町宮川1467-2,,34.982164,137.896383,,,,,,申込不要,https://www.city.hamamatsu.shizuoka.jp/kenkozoshin/health/soudan/seijin.html,※禁煙に関する相談は1週間前までに要予約,けんこう,天竜区,2026-06-15,,,004486_00
221309,20260608247,静岡県,浜松市,"成人健康相談 9月",,,2026-09-16,,9:30,11:30,,"【内容】保健師・栄養士による健康相談
【対象】市民で生活習慣病や禁煙など、健康に関する相談がある人",,無料,佐久間保健センター,(053)966-0005,,,佐久間保健センター,浜松市天竜区佐久間町中部18-11,(佐久間ヘルストピアセンター),35.082559,137.800108,,,,,,申込不要,https://www.city.hamamatsu.shizuoka.jp/kenkozoshin/health/soudan/seijin.html,※禁煙に関する相談は1週間前までに要予約,けんこう,天竜区,2026-06-15,,,005137_01
221309,20260608248,静岡県,浜松市,"成人健康相談 9月",,,2026-09-03,,9:30,11:30,,"【内容】保健師・栄養士による健康相談
【対象】市民で生活習慣病や禁煙など、健康に関する相談がある人",,無料,水窪保健福祉センター,(053)982-0004,,,水窪保健福祉センター,浜松市天竜区水窪町奥領家2980-1,,35.165976,137.869545,,,,,,申込不要,https://www.city.hamamatsu.shizuoka.jp/kenkozoshin/health/soudan/seijin.html,※禁煙に関する相談は1週間前までに要予約,けんこう,天竜区,2026-06-15,,,004487_02
221309,20260608249,静岡県,浜松市,保健師・管理栄養士によるオンライン相談9月,,,2026-09-07,,9:00,9:30,,"【内容】保健師・栄養士による健康相談
【対象】市民で生活習慣病や禁煙など、健康に関する相談がある人
【条件】Zoomを利用できる方",,無料,健康増進課,(053)453-6125,,,,,,,,,,1人　先着順,2026-08-31,,"申込必要
【締切】締切
【申込開始】2026年08月17日(月曜日)　
【方法】ホームページ",https://www.city.hamamatsu.shizuoka.jp/kenkozoshin/soudankenko.html,※1週間前までに要予約,けんこう,オンライン,2026-06-15,,,
221309,20260608250,静岡県,浜松市,保健師・管理栄養士によるオンライン相談9月,,,2026-09-07,,10:00,10:30,,"【内容】保健師・栄養士による健康相談
【対象】市民で生活習慣病や禁煙など、健康に関する相談がある人
【条件】Zoomを利用できる方",,無料,健康増進課,(053)453-6125,,,,,,,,,,1人　先着順,2026-08-31,,"申込必要
【締切】締切
【申込開始】2026年08月17日(月曜日)　
【方法】ホームページ",https://www.city.hamamatsu.shizuoka.jp/kenkozoshin/soudankenko.html,※1週間前までに要予約,けんこう,オンライン,2026-06-15,,,
221309,20260608251,静岡県,浜松市,保健師・管理栄養士によるオンライン相談9月,,,2026-09-29,,9:30,10:00,,"【内容】保健師・栄養士による健康相談
【対象】市民で生活習慣病や禁煙など、健康に関する相談がある人
【条件】Zoomを利用できる方",,無料,健康増進課,(053)453-6125,,,,,,,,,,1人　先着順,2026-09-18,,"申込必要
【締切】締切
【申込開始】2026年08月17日(月曜日)　
【方法】ホームページ",https://www.city.hamamatsu.shizuoka.jp/kenkozoshin/soudankenko.html,※1週間前までに要予約,けんこう,オンライン,2026-06-15,,,
221309,20260608252,静岡県,浜松市,保健師・管理栄養士によるオンライン相談9月,,,2026-09-29,,10:30,11:00,,"【内容】保健師・栄養士による健康相談
【対象】市民で生活習慣病や禁煙など、健康に関する相談がある人
【条件】Zoomを利用できる方",,無料,健康増進課,(053)453-6125,,,,,,,,,,1人　先着順,2026-09-18,,"申込必要
【締切】締切
【申込開始】2026年08月17日(月曜日)　
【方法】ホームページ",https://www.city.hamamatsu.shizuoka.jp/kenkozoshin/soudankenko.html,※1週間前までに要予約,けんこう,オンライン,2026-06-15,,,
221309,20260608253,静岡県,浜松市,第22回健康はままつ21講演会,ダイニジュウニカイケンコウハママツニジュウイチコウエンカイ,,2026-09-26,,13:30,16:30,受付12:30より,"【内容】健康づくりに関する講演会
【対象】市民
【講師】講演(1)　浜松医科大学 外科学第一講座 教授　岡本　一真 先生
講演(2)　岩手医科大学学長　小笠原　邦昭 先生
幕間 ピアノ演奏　株式会社イマジン代表取締役　今西　泰彦氏
【出演・演目など】講演(1)「息切れは年のせい？」
講演(2)「脳卒中とは？脳卒中にならないためには？」
幕間 ピアノ演奏「バッハ:羊は安らかに草を食む BWV200」ほか3曲",,無料,健康増進課,(053)453-6125,4103,,アクトシティ浜松,浜松市中央区板屋町111-1,,34.705528,137.735724,,,1000人,,,申込不要,https://www.city.hamamatsu.shizuoka.jp/kenkozoshin/event/20240907kenhamakouenkai.html,,けんこう,中央区,2026-06-15,,,000015_00
221309,20260608254,静岡県,浜松市,2026ベジアップ推進月間,2026ベジアップスイシンゲッカン,,2026-08-01,2026-09-30,,,,"【内容】【9月は健康増進普及月間です】期間中、はままつ食 de 元気応援店と協働で、野菜を摂取しやすい食環境づくりに取り組みます。",,,健康増進課,(053)453-6125,,,,,,,,,,,,,申込不要,https://www.city.hamamatsu.shizuoka.jp/kenkozoshin/kenko21/eating_habits/2025vege-up.html,,けんこう,,2026-06-15,,,
221309,20260608255,静岡県,浜松市,神経系難病医療相談会,,,2026-09-12,,9:30,11:30,,"【内容】医師による神経系難病の個別相談(各家族20分)
【対象】パーキンソン病、重症筋無力症、脊髄小脳変性症などの神経系難病と診断された方とその家族",,,健康増進課,(053)453-6116,4110,,浜松市保健所,浜松市中央区鴨江二丁目11-2,,34.705122,137.712872,,,6人　先着順,,,"申込必要
【申込開始】2026年08月19日(水曜日)　
【方法】電話((053)453-6116)",https://www.city.hamamatsu.shizuoka.jp/kenkozoshin/nanbyo/jyose/08_sennta.html,,けんこう,中央区,2026-06-15,,,002516_00
221309,20260608256,静岡県,浜松市,神経系難病医療相談会,,,2026-10-03,,9:30,11:30,,"【内容】医師による神経系難病の個別相談(各家族20分)
【対象】パーキンソン病、重症筋無力症、脊髄小脳変性症などの神経系難病と診断された方とその家族",,,健康増進課,(053)453-6116,4110,,浜松市保健所,浜松市中央区鴨江二丁目11-2,,34.705122,137.712872,,,6人　先着順,,,"申込必要
【申込開始】2026年08月19日(水曜日)　
【方法】電話((053)453-6116)",https://www.city.hamamatsu.shizuoka.jp/kenkozoshin/nanbyo/jyose/08_sennta.html,,けんこう,中央区,2026-06-15,,,002516_00
221309,20260608257,静岡県,浜松市,大人のための食育講座,オトナノタメノショクイクコウザ,,2026-09-15,,9:30,11:30,,【内容】毎日の食事で骨活！骨の健康を保つ食習慣,,,中央健康づくりセンター（東）,(053)424-0122,,,天竜協働センター,浜松市中央区薬新町99,,34.727214,137.787501,,,20人　先着順,,,"申込必要
【申込開始】2026年08月17日(月曜日)　
【方法】電話",https://www.city.hamamatsu.shizuoka.jp/kenkozoshin/kenko21/eating_habits/shokuikukouza.html,,けんこう,中央区,2026-06-15,,,004501_00
221309,20260608258,静岡県,浜松市,離乳食教室,リニュウショクキョウシツ,,2026-09-02,,13:30,15:45,"(1)13:30～14:25(受付は13:00～13:20)
(2)14:50～15:45(受付は14:30～14:45)
※(1)、(2)どちらかの時間帯での申込","【内容】離乳食についての講話とデモンストレーション
【対象】令和8年4月生まれの子どもの保護者",,,中央健康づくりセンター,(053)413-5577,2822,,東部協働センター,浜松市中央区相生町23-1,,34.706816,137.748813,,,24人　先着順,,,"申込必要
【申込開始】2026年08月15日(土曜日)　12時30分
【方法】ホームページ",https://www.hamamatsu-pippi.net/contents/7894.html,,こそだて,中央区,2026-06-15,,○,004490_00
221309,20260608259,静岡県,浜松市,離乳食教室,リニュウショクキョウシツ,,2026-09-17,,13:30,15:45,"(1)13:30～14:25(受付は13:00～13:20)
(2)14:50～15:45(受付は14:30～14:45)
※(1)、(2)どちらかの時間帯での申込","【内容】離乳食についての講話とデモンストレーション
【対象】令和8年4月生まれの子どもの保護者",,,中央健康づくりセンター（南）,(053)425-1590,6671,,東部協働センター,浜松市中央区相生町23-1,,34.706816,137.748813,,,24人　先着順,,,"申込必要
【申込開始】2026年08月15日(土曜日)　12時30分
【方法】ホームページ",https://www.hamamatsu-pippi.net/contents/7894.html,,こそだて,中央区,2026-06-15,,○,004490_00
221309,20260608260,静岡県,浜松市,離乳食教室,リニュウショクキョウシツ,,2026-09-07,,13:30,15:45,"(1)13:30～14:25(受付は13:00～13:20)
(2)14:50～15:45(受付は14:30～14:45)
※(1)、(2)どちらかの時間帯での申込","【内容】離乳食についての講話とデモンストレーション
【対象】令和8年4月生まれの子どもの保護者",,,中央健康づくりセンター（東）,(053)424-0122,6093,,長上協働センター,浜松市中央区市野町2620-1,,34.746708,137.767760,,,24人　先着順,,,"申込必要
【申込開始】2026年08月15日(土曜日)　12時30分
【方法】ホームページ",https://www.hamamatsu-pippi.net/contents/7894.html,,こそだて,中央区,2026-06-15,,○,004502_00
221309,20260608261,静岡県,浜松市,離乳食教室,リニュウショクキョウシツ,,2026-09-03,,13:30,15:45,"(1)13:30～14:25(受付は13:00～13:20)
(2)14:50～15:45(受付は14:30～14:45)
※(1)、(2)どちらかの時間帯での申込","【内容】離乳食についての講話とデモンストレーション
【対象】令和8年4月生まれの子どもの保護者",,,中央健康づくりセンター（西）,(053)597-1174,6432,,入野協働センター,浜松市中央区入野町9858,,34.699036,137.677713,,,24人　先着順,,,"申込必要
【申込開始】2026年08月15日(土曜日)　12時30分
【方法】ホームページ",https://www.hamamatsu-pippi.net/contents/7894.html,,こそだて,中央区,2026-06-15,,○,004507_00
221309,20260608262,静岡県,浜松市,離乳食教室,リニュウショクキョウシツ,,2026-09-11,,13:30,15:45,"(1)13:30～14:25(受付は13:00～13:20)
(2)14:50～15:45(受付は14:30～14:45)
※(1)、(2)どちらかの時間帯での申込","【内容】離乳食についての講話とデモンストレーション
【対象】令和8年4月生まれの子どもの保護者",,,引佐健康センター,(053)542-0857,,,三方原協働センター,浜松市中央区三方原町1179-5,,34.783099,137.717581,,,24人　先着順,,,"申込必要
【申込開始】2026年08月15日(土曜日)　12時30分
【方法】ホームページ",https://www.hamamatsu-pippi.net/contents/7894.html,,こそだて,中央区,2026-06-15,,○,004517_00
221309,20260608263,静岡県,浜松市,離乳食教室,リニュウショクキョウシツ,,2026-09-18,,13:30,15:45,"(1)13:30～14:25(受付は13:00～13:20)
(2)14:50～15:45(受付は14:30～14:45)
※(1)、(2)どちらかの時間帯での申込","【内容】離乳食についての講話とデモンストレーション
【対象】令和8年4月生まれの子どもの保護者",,,浜名健康づくりセンター,(053)585-1120,5222,,浜松市浜北文化センター,浜松市浜名区貴布祢291-1,,34.794439,137.783274,,,24人　先着順,,,"申込必要
【申込開始】2026年08月15日(土曜日)　12時30分
【方法】ホームページ",https://www.hamamatsu-pippi.net/contents/7894.html,,こそだて,浜名区,2026-06-15,,○,002410_00
221309,20260608264,静岡県,浜松市,離乳食教室(オンライン),リニュウショクキョウシツ(オンライン),,2026-09-25,,13:30,14:00,,"【内容】離乳食についての講話と質疑応答
【対象】令和8年3月～5月生まれの子どもの保護者",,,中央健康づくりセンター（西）,(053)597-1174,6432,,,,,,,,,45人　先着順,,,"申込必要
【申込開始】2026年08月15日(土曜日)　12時30分
【方法】ホームページ",https://www.hamamatsu-pippi.net/contents/7895.html,,こそだて,,2026-06-15,,○,
221309,20260608265,静岡県,浜松市,もぐもぐ元気っこ教室,モグモグゲンキッコキョウシツ,,2026-09-18,,10:00,11:15,,"【内容】離乳食完了に向けての食事の進め方や心と体の発育について
【対象】令和8年1月、2月生まれの子どもと保護者",,,中央健康づくりセンター,(053)413-5577,2822,,中央保健福祉センター,浜松市中央区板屋町596,,34.707462,137.737033,,,20人　先着順,,,"申込必要
【申込開始】2026年08月15日(土曜日)　12時30分
【方法】ホームページ",https://www.hamamatsu-pippi.net/contents/7897.html,,こそだて,中央区,2026-06-15,,○,000025_00
221309,20260608266,静岡県,浜松市,もぐもぐ元気っこ教室,モグモグゲンキッコキョウシツ,,2026-09-29,,10:00,11:15,,"【内容】離乳食完了に向けての食事の進め方や心と体の発育について
【対象】令和8年1月、2月生まれの子どもと保護者",,,中央健康づくりセンター（東）,(053)424-0122,6093,,東部保健福祉センター,浜松市中央区青屋町300,いきいきプラザ天竜川2階,34.715732,137.782995,,,20人　先着順,,,"申込必要
【申込開始】2026年08月15日(土曜日)　12時30分
【方法】ホームページ",https://www.hamamatsu-pippi.net/contents/7897.html,,こそだて,中央区,2026-06-15,,○,000029_00
221309,20260608267,静岡県,浜松市,もぐもぐ元気っこ教室,モグモグゲンキッコキョウシツ,,2026-09-09,,10:00,11:15,,"【内容】離乳食完了に向けての食事の進め方や心と体の発育について
【対象】令和8年1月、2月生まれの子どもと保護者",,,中央健康づくりセンター（西）,(053)597-1174,6432,,西部保健センター,浜松市中央区雄踏一丁目31-1,,34.692659,137.645323,,,20人　先着順,,,"申込必要
【申込開始】2026年08月15日(土曜日)　12時30分
【方法】ホームページ",https://www.hamamatsu-pippi.net/contents/7897.html,,こそだて,中央区,2026-06-15,,○,001568_01
221309,20260608268,静岡県,浜松市,もぐもぐ元気っこ教室,モグモグゲンキッコキョウシツ,,2026-09-03,,10:00,11:15,,"【内容】離乳食完了に向けての食事の進め方や心と体の発育について
【対象】令和8年1月、2月生まれの子どもと保護者",,,中央健康づくりセンター（南）,(053)425-1590,6671,,南行政センター,浜松市中央区江之島町600-1,,34.667355,137.752214,,,20人　先着順,,,"申込必要
【申込開始】2026年08月15日(土曜日)　12時30分
【方法】ホームページ",https://www.hamamatsu-pippi.net/contents/7897.html,,こそだて,中央区,2026-06-15,,○,002131_00
221309,20260608269,静岡県,浜松市,もぐもぐ元気っこ教室,モグモグゲンキッコキョウシツ,,2026-09-04,,10:00,11:15,,"【内容】離乳食完了に向けての食事の進め方や心と体の発育について
【対象】令和8年1月、2月生まれの子どもと保護者",,,浜名健康づくりセンター,(053)585-1120,5222,,浜北保健センター,浜松市浜名区平口1604-1,,34.797743,137.775399,,,20人　先着順,,,"申込必要
【申込開始】2026年08月15日(土曜日)　12時30分
【方法】ホームページ",https://www.hamamatsu-pippi.net/contents/7897.html,,こそだて,浜名区,2026-06-15,,○,002412_00
221309,20260608270,静岡県,浜松市,もぐもぐ元気っこ教室,モグモグゲンキッコキョウシツ,,2026-09-24,,10:00,11:15,,"【内容】離乳食完了に向けての食事の進め方や心と体の発育について
【対象】令和8年1月、2月生まれの子どもと保護者",,,引佐健康センター,(053)542-0857,,,細江健康センター,浜松市浜名区細江町気賀305番地,,34.806109,137.650537,,,15人　先着順,,,"申込必要
【申込開始】2026年08月15日(土曜日)　12時30分
【方法】ホームページ",https://www.hamamatsu-pippi.net/contents/7897.html,,こそだて,浜名区,2026-06-15,,○,000930_00
221309,20260608271,静岡県,浜松市,もぐもぐ元気っこ教室,モグモグゲンキッコキョウシツ,,2026-09-15,,10:00,11:15,,"【内容】離乳食完了に向けての食事の進め方や心と体の発育について
【対象】令和8年1月、2月生まれの子どもと保護者",,,天竜健康づくりセンター,(053)922-0075,7309,,天竜保健福祉センター,浜松市天竜区二俣町二俣530-18,,34.871333,137.814592,,,16人　先着順,,,"申込必要
【申込開始】2026年08月15日(土曜日)　12時30分
【方法】ホームページ",https://www.hamamatsu-pippi.net/contents/7897.html,,こそだて,天竜区,2026-06-15,,○,002518_00
221309,20260608286,静岡県,浜松市,自死遺族わかちあいの会,ジシイゾクワカチアイノカイ,,2026-09-12,,14:00,16:00,,"【内容】同じ立場の人同士で体験や気持ちをわかちあう　
【対象】自死(自殺)でご家族を亡くされた方",,,精神保健福祉センター,(053)457-2709,2709,,浜松市市民協働センター,浜松市中央区中央一丁目13-3,,34.709652,137.734603,,有,,2026-09-11,17:15,"申込必要
【締切】締切
【方法】電話",https://www.city.hamamatsu.shizuoka.jp/sei-hokenc/soudan/seisin/grief.html,,けんこう,中央区,2026-06-15,,,004142_00
221309,20260608287,静岡県,浜松市,うつ病の家族教室,ウツビョウノカゾクキョウシツ,,2026-09-11,,9:30,11:30,,"【内容】うつ病のご家族を対象に、うつ病のことや対応方法などを学べる教室を開催します。
【対象】市内在住でうつ病と診断され治療中の方のご家族の方",,,精神保健福祉センター,(053)457-2709,2709,,浜松市精神保健福祉センター,浜松市中央区中央一丁目12-1,静岡県浜松総合庁舎4階,34.710600,137.734608,,有,30人　先着順,2026-09-07,17:00,"申込必要
【締切】締切
【申込開始】2026年08月17日(月曜日)　9時00分
【方法】電話",https://www.city.hamamatsu.shizuoka.jp/sei-hokenc/soudan/seisin/index.html,,講座・教室,中央区,2026-06-15,2026-07-13,,001061_00
221309,20260608288,静岡県,浜松市,こころのサポーター講座,ココロノサポーターコウザ,,2026-10-01,,9:30,11:30,,"【内容】こころに関する幅広い知識を学ぶことができます。
【対象】市内在住の方。",,,精神保健福祉センター,(053)457-2709,2709,,浜松市精神保健福祉センター,浜松市中央区中央一丁目12-1,静岡県浜松総合庁舎4階,34.710600,137.734608,,有,30人　先着順,2026-09-17,17:15,"申込必要
【締切】締切
【申込開始】2026年08月17日(月曜日)　9時00分
【方法】電話",https://www.city.hamamatsu.shizuoka.jp/sei-hokenc/soudan/seisin/index.html,,講座・教室,中央区,2026-06-15,,,001061_00
221309,20260608289,静岡県,浜松市,"浜松市ひきこもり地域支援センターサテライト ゆるりと浜名 ひきこもり家族交流会","ハママツシヒキコモリチイキシエンセンターサテライト ユルリトハマナ ヒキコモリカゾクコウリュウカイ",,2026-09-12,,10:00,12:00,2026/9/12、2026/9/26,"【内容】ご家族同士のわかちあいや交流
【対象】ご家庭での生活が中心となっているご家族が身近にいる方
【講師】NPO法人てくてく",,,精神保健福祉センター,(053)457-2709,2709,,コミュニティスペース和樂,浜松市浜名区小林390,,34.801394,137.780732,,有,10人,,,申込不要,https://npo-e-jan.com/kodama/satellite/,,けんこう,浜名区,2026-06-15,,,
221309,20260608290,静岡県,浜松市,摂食障害家族サロンひまわり,セッショクショウガイカゾクサロンヒマワリ,,2026-09-05,,13:30,15:30,,"【内容】摂食障害をかかえる人の家族が集い、思いや体験を語り合い、わかちあいを行います
【対象】摂食障害をかかえる人のご家族",,,精神保健福祉センター,(053)457-2709,2709,,浜松市市民協働センター,浜松市中央区中央一丁目13-3,,34.709652,137.734603,,有,,2026-09-04,17:15,"申込必要
【締切】締切
【方法】電話",https://www.city.hamamatsu.shizuoka.jp/sei-hokenc/tayori/himawari.html,来所による個別相談も行っています(予約制)。詳細についてはお問合せください。,そうだん,中央区,2026-06-15,,,004142_00
221309,20260608291,静岡県,浜松市,第2回　看護専門学校説明会2026,カンゴセンモンガッコウセツメイカイ,,2026-09-19,,9:15,15:30,"定員100名(各回25名×4回開催)
※各回の申請件数が25件に達した時点で、受付を終了します。","【内容】4回開催((1)9:15～10:30、(2)10:45～12:00、(3)12:45～14:00、(4)14:15～15:30)
【対象】本校の受験を考えている方、本校に興味のある方
【条件】事前の申し込みが必要
(氏名、学校名(職業)、学年(年齢)、連絡先(メール及び電話番号)、日時及び希望コース)等
【講師】看護専門学校教員及び在校生
【出演・演目など】以下3コースからいずれかをお選びください。
Aコース:学校案内＋ラベルワーク
Bコース:学校案内＋個別相談
Cコース:学校案内のみ
【その他】詳しくは看護専門学校ホームページをご覧ください。",,,浜松市立看護専門学校,(053)455-0891,,浜松市立看護専門学校,浜松市立看護専門学校,浜松市中央区佐鳴台5丁目8-1,浜松市立看護専門学校,34.714214,137.698839,公共交通機関をご利用ください。,,100人　先着順　各回25名定員×4回,2026-08-25,,"申込必要
【締切】締切
【申込開始】2026年08月15日(土曜日)　
【方法】ホームページ
看護専門学校ホームページの申請フォームから申し込みをしてください。",https://www.city.hamamatsu.shizuoka.jp/kango/school/kango/index.html,申請フォーム以外の予約は受け付けていません。本校ホームページに申し込み状況を掲載します。,イベント,中央区,2026-06-15,,×,
221309,20260608292,静岡県,浜松市,ワンニャン飼い方相談会,ワンニャンカイカタソウダンカイ,,2026-09-16,,10:00,11:30,,"【内容】飼い方相談
【対象】犬猫の飼い主及びこれから飼いたい人",,,動物愛護教育センター,(053)487-1616,,,浜松市動物愛護教育センター,浜松市中央区舘山寺町199,浜松市動物園第1駐車場内,34.764672,137.629396,,,5人　抽選,2026-09-09,,"申込必要
【締切】必着
【方法】窓口／FAX((053)487-1675)／郵送(431-1209　浜松市中央区舘山寺町199　動物愛護教育センター)／ホームページ／E-mail
講座名、開催日、氏名、住所、電話番号、ペットの情報(名前、種類、性別、年齢)、飼い犬の登録番号及び注射番号",https://www.hama-aikyou.jp/,,おしらせ,中央区,2026-06-15,,○,004678_00
221309,20260608298,静岡県,浜松市,"プレママ プレパパ教室",,,2026-09-06,,10:00,12:00,,"【内容】産後こんなはずじゃなかった！とならないように出産育児で必要な情報や心構えをお伝えします。ふたりで親になるために、浜松市オリジナル「はますくプラン」を使って妊娠期から子育て期のプランを考えます。
【対象】プレパパプレママ(初産夫婦)
【その他】持ち物:母子手帳交付時に配布された資料一式(ないものがあっても大丈夫です。)",300円,,浜松こども館,(053)450-9111,,,浜松こども館,浜松市中央区鍛冶町100-1,ザザシティ浜松中央館6・7階,34.705228,137.730166,,,10組,2026-08-21,,"申込必要
【申込開始】2026年08月09日(日曜日)　
【方法】ホームページ",https://kodomokan.entetsuassist-dms.com/event/,,こそだて,中央区,2026-06-15,,○,002327_00
221309,20260608299,静岡県,浜松市,"プレママ プレパパ教室",,,2026-09-13,,10:00,12:00,,"【内容】あかちゃんのだっこを実践！あかちゃんの発達を考えて行うだっこの基本と腱鞘炎・肩こり・腰痛にならない予防的なだっこの仕方を練習しましょう。またいろいろなメーカーの抱っこ紐の試着体験もできます。
【対象】プレパパプレママ(初産夫婦)
【その他】持ち物:母子手帳交付時に配布された資料一式(ないものがあっても大丈夫です。)",300円,,浜松こども館,(053)450-9111,,,浜松こども館,浜松市中央区鍛冶町100-1,ザザシティ浜松中央館6・7階,34.705228,137.730166,,,10組,2026-08-21,,"申込必要
【申込開始】2026年08月09日(日曜日)　
【方法】ホームページ",https://kodomokan.entetsuassist-dms.com/event/,,こそだて,中央区,2026-06-15,,○,002327_00
221309,20260608300,静岡県,浜松市,ここみのおしゃべりサロン～歯科衛生士とあかちゃんの歯のことを話そう～,,,2026-09-18,,13:30,15:00,,"【内容】あかちゃんの歯磨きはいつからするの？どうやればいいの？みんなで輪になって、あかちゃんのお口の中の気になることをお話しましょう！
【対象】妊婦さん、0歳の子とその保護者
【その他】持ち物:お使いの歯みがきグッズ(あれば)、歯ブラシは当日100円で購入できます。",,1家族300円,浜松こども館,(053)450-9111,,,浜松こども館,浜松市中央区鍛冶町100-1,ザザシティ浜松中央館6・7階,34.705228,137.730166,,,15組,2026-09-08,,"申込必要
【申込開始】2026年09月01日(火曜日)　
【方法】ホームページ",https://kodomokan.entetsuassist-dms.com/event/,,こそだて,中央区,2026-06-15,,○,002327_00
221309,20260608301,静岡県,浜松市,いっしょにあそぼ！ねんね・ごろんの赤ちゃんと,,,2026-09-15,,10:30,11:30,,"【内容】わらべうたや絵本で赤ちゃんとの時間を楽しみましょう。
【対象】0歳の子とその保護者",,,浜松こども館,(053)450-9111,,,浜松こども館,浜松市中央区鍛冶町100-1,ザザシティ浜松中央館6・7階,34.705228,137.730166,,,30組,,,申込不要,https://kodomokan.entetsuassist-dms.com/event/,,こそだて,中央区,2026-06-15,,○,002327_00
221309,20260608302,静岡県,浜松市,助産師さんのベビーマッサージ,,,2026-09-04,,10:30,11:30,,"【内容】助産師によるオイルを使わないベビーマッサージの指導と、育児のヒントになるこばなし「秋のスキンケア」があります。(終了後～12時まで個別相談・自由参加)
【対象】0歳の子とその保護者
【その他】持ち物:バスタオル",,1家族300円,浜松こども館,(053)450-9111,,,浜松こども館,浜松市中央区鍛冶町100-1,ザザシティ浜松中央館6・7階,34.705228,137.730166,,,30組,,,申込不要,https://kodomokan.entetsuassist-dms.com/event/,,こそだて,中央区,2026-06-15,,○,002327_00
221309,20260608303,静岡県,浜松市,助産師さんのベビーマッサージ,,,2026-09-25,,10:30,11:30,,"【内容】助産師によるオイルを使わないベビーマッサージの指導と、育児のヒントになるこばなし「絵本のはなし」があります。(終了後～12時まで個別相談・自由参加)
【対象】0歳の子とその保護者
【その他】持ち物:バスタオル",,1家族300円,浜松こども館,(053)450-9111,,,浜松こども館,浜松市中央区鍛冶町100-1,ザザシティ浜松中央館6・7階,34.705228,137.730166,,,30組,,,申込不要,https://kodomokan.entetsuassist-dms.com/event/,,こそだて,中央区,2026-06-15,,○,002327_00
221309,20260608304,静岡県,浜松市,助産師さんのベビーマッサージin青少年の家,,,2026-09-11,,10:30,11:30,,"【内容】助産師によるオイルを使わないベビーマッサージの指導と、育児のヒントになるこばなしがあります。今月は「生活リズムとねんね」のこばなしです。(終了後～12時まで個別相談・自由参加)
【対象】0歳の子とその保護者
【その他】持ち物:バスタオル",,1家族500円,浜松こども館,(053)450-9111,,,浜松市青少年の家,浜松市中央区住吉四丁目23-1,,34.731949,137.731572,,,15組,,,申込不要,https://kodomokan.entetsuassist-dms.com/event/,,こそだて,中央区,2026-06-15,,○,001613_00
221309,20260608305,静岡県,浜松市,いっしょにあそぼ！ハイハイ赤ちゃんと,,,2026-09-29,,10:30,11:30,,"【内容】絵本やふれあい遊びに親しんだり、ハイハイタイムでたくさん体を動かしたり、みんなで楽しみましょう。
【対象】0歳の子とその保護者",,,浜松こども館,(053)450-9111,,,浜松こども館,浜松市中央区鍛冶町100-1,ザザシティ浜松中央館6・7階,34.705228,137.730166,,,30組,,,申込不要,https://kodomokan.entetsuassist-dms.com/event/,,こそだて,中央区,2026-06-15,,○,002327_00
221309,20260608306,静岡県,浜松市,いっしょにあそぼ！ヨチヨチちゃんと,,,2026-09-24,,10:30,11:30,,"【内容】親子で手遊びやふれあい遊びを楽しんでから、カラートンネルをくぐってドキドキワクワク！たくさん動きましょう。 後半は〈命のバトン浜松〉による「発熱時のホームケアとけいれん発作時の対応」のお話しがあります。
【対象】1歳の子(ヨチヨチ歩き期)とその保護者",,,浜松こども館,(053)450-9111,,,浜松こども館,浜松市中央区鍛冶町100-1,ザザシティ浜松中央館6・7階,34.705228,137.730166,,,30組,,,申込不要,https://kodomokan.entetsuassist-dms.com/event/,,こそだて,中央区,2026-06-15,,○,002327_00
221309,20260608307,静岡県,浜松市,音と遊ぼうリトミック～1歳クラス～,,,2026-09-07,,11:10,11:40,,"【内容】たくさん動くのが楽しい1歳さん！音楽に合わせて楽しく過ごしましょう♪
【対象】1歳の子とその保護者",300円,,浜松こども館,(053)450-9111,,,浜松こども館,浜松市中央区鍛冶町100-1,ザザシティ浜松中央館6・7階,34.705228,137.730166,,,20人,,,申込不要,https://kodomokan.entetsuassist-dms.com/event/,,こそだて,中央区,2026-06-15,,○,002327_00
221309,20260608308,静岡県,浜松市,音と遊ぼうリトミック～1歳クラス～,,,2026-09-14,,11:10,11:40,,"【内容】たくさん動くのが楽しい2歳さん！音楽に合わせて楽しく過ごしましょう♪
【対象】1歳の子とその保護者",300円,,浜松こども館,(053)450-9111,,,浜松こども館,浜松市中央区鍛冶町100-1,ザザシティ浜松中央館6・7階,34.705228,137.730166,,,20人,,,申込不要,https://kodomokan.entetsuassist-dms.com/event/,,こそだて,中央区,2026-06-15,,○,002327_00
221309,20260608309,静岡県,浜松市,ハロー！みんなでABC～1歳クラス～,,,2026-09-16,,11:10,11:40,,"【内容】音楽や遊び・絵本を通じて親子で一緒に楽しみながら、英語に触れあいましょう！
【対象】1歳の子とその保護者",300円,,浜松こども館,(053)450-9111,,,浜松こども館,浜松市中央区鍛冶町100-1,ザザシティ浜松中央館6・7階,34.705228,137.730166,,,20人,,,申込不要,https://kodomokan.entetsuassist-dms.com/event/,,こそだて,中央区,2026-06-15,,○,002327_00
221309,20260608310,静岡県,浜松市,親子でワークショップ～こおりあそび～,,,2026-09-01,,10:30,11:30,,"【内容】今月は「　こおりあそび　」をします。
【対象】2～3歳の子とその保護者
【その他】持ち物:手足拭きタオル, 帽子, 着替え(必要であれば)",100円,,浜松こども館,(053)450-9111,,,浜松こども館,浜松市中央区鍛冶町100-1,ザザシティ浜松中央館6・7階,34.705228,137.730166,,,15組,,,申込不要,https://kodomokan.entetsuassist-dms.com/event/,,こそだて,中央区,2026-06-15,,○,002327_00
221309,20260608311,静岡県,浜松市,いっしょにあそぼ！トコトコちゃんと＆ぐっすりねんねのお話会,,,2026-09-30,,10:30,11:30,,"【内容】前半は、走る、のぼる、投げるなどわくわくする遊びや、手遊びやふれあい遊びで遊びましょう。 後半は、眠育アドバイザー黒柳あやかさんの「こどもの睡眠についてのお話」があります。
【対象】2歳～3歳の子(トコトコ歩き期)とその保護者",,,浜松こども館,(053)450-9111,,,浜松こども館,浜松市中央区鍛冶町100-1,ザザシティ浜松中央館6・7階,34.705228,137.730166,,,30組,,,申込不要,https://kodomokan.entetsuassist-dms.com/event/,,こそだて,中央区,2026-06-15,,○,002327_00
221309,20260608312,静岡県,浜松市,音と遊ぼうリトミック～2、3歳クラス～,,,2026-09-07,,10:20,11:00,,"【内容】さまざまな動作ができるようになった2.3歳さん！音の変化をよく聴いて楽しみましょう♪
【対象】2～3歳の子とその保護者",300円,,浜松こども館,(053)450-9111,,,浜松こども館,浜松市中央区鍛冶町100-1,ザザシティ浜松中央館6・7階,34.705228,137.730166,,,20人,,,申込不要,https://kodomokan.entetsuassist-dms.com/event/,,こそだて,中央区,2026-06-15,,○,002327_00
221309,20260608313,静岡県,浜松市,音と遊ぼうリトミック～2、3歳クラス～,,,2026-09-14,,10:20,11:00,,"【内容】さまざまな動作ができるようになった2.3歳さん！音の変化をよく聴いて楽しみましょう♪
【対象】2～3歳の子とその保護者",300円,,浜松こども館,(053)450-9111,,,浜松こども館,浜松市中央区鍛冶町100-1,ザザシティ浜松中央館6・7階,34.705228,137.730166,,,20人,,,申込不要,https://kodomokan.entetsuassist-dms.com/event/,,こそだて,中央区,2026-06-15,,○,002327_00
221309,20260608314,静岡県,浜松市,ハロー！みんなでABC～2、3歳クラス～,,,2026-09-16,,10:30,11:00,,"【内容】音楽や遊び・絵本を通じて親子で一緒に楽しみながら、英語に触れあいましょう！
【対象】2～3歳の子とその保護者",300円,,浜松こども館,(053)450-9111,,,浜松こども館,浜松市中央区鍛冶町100-1,ザザシティ浜松中央館6・7階,34.705228,137.730166,,,20人,,,申込不要,https://kodomokan.entetsuassist-dms.com/event/,,こそだて,中央区,2026-06-15,,○,002327_00
221309,20260608315,静岡県,浜松市,ちっちゃな森あそび?こども館,,,2026-09-03,,10:30,11:30,,"【内容】浜松こども館にて青少年の家の自然を感じながら、親子でクラフトなどの自然遊びを楽しみます。
【対象】2～3歳の子とその保護者
【その他】持ち物:手足拭きタオル(親子で汚れてもよい服装でお越しください)",,"100円 現金のみ",浜松こども館,(053)450-9111,,,浜松こども館,浜松市中央区鍛冶町100-1,ザザシティ浜松中央館6・7階,34.705228,137.730166,,,10組,,,申込不要,https://kodomokan.entetsuassist-dms.com/event/,,こそだて,中央区,2026-06-15,,○,002327_00
221309,20260608316,静岡県,浜松市,親子でパン作り,,,2026-09-10,,11:30,12:00,,"【内容】生地の感触を楽しみながら親子で好きな形のパンを作りましょう。親子でそれぞれ1個作ります。
【対象】2～3歳の子とその保護者
【その他】焼き上がり　12:45",300円,,浜松こども館,(053)450-9111,,,浜松こども館,浜松市中央区鍛冶町100-1,ザザシティ浜松中央館6・7階,34.705228,137.730166,,,8組,2026-08-27,,"申込必要
【申込開始】2026年08月25日(火曜日)　
【方法】ホームページ",https://kodomokan.entetsuassist-dms.com/event/,,こそだて,中央区,2026-06-15,,○,002327_00
221309,20260608317,静岡県,浜松市,"親子でおやつ～ バナナマフィン ～",,,2026-09-02,,11:00,11:45,,"【内容】今月は、親子で1つずつ『バナナマフィン』を作ります。
【対象】2～3歳の子とその保護者",300円,,浜松こども館,(053)450-9111,,,浜松こども館,浜松市中央区鍛冶町100-1,ザザシティ浜松中央館6・7階,34.705228,137.730166,,,8組,2026-08-19,,"申込必要
【申込開始】2026年08月16日(日曜日)　
【方法】ホームページ",https://kodomokan.entetsuassist-dms.com/event/,,こそだて,中央区,2026-06-15,,○,002327_00
221309,20260608318,静岡県,浜松市,Let's運動あそびマン,,,2026-09-19,,10:30,11:30,,"【内容】ロングマットにトンネル、いろいろなボールなど、楽しい道具が次々出てきます。さか上がり、飛び箱などのポイントもお教えします。
【対象】3歳以上の未就学児とその保護者
【条件】安全のため3歳未満の子は入室できません。
【講師】講師:きのいい羊達(一部内容が変更になる場合がございます。)",300円,,浜松こども館,(053)450-9111,,,浜松こども館,浜松市中央区鍛冶町100-1,ザザシティ浜松中央館6・7階,34.705228,137.730166,,,親子ペア25組,,,申込不要,https://kodomokan.entetsuassist-dms.com/event/,,こそだて,中央区,2026-06-15,,○,002327_00
221309,20260608319,静岡県,浜松市,パン作り～プレーンパン～,,,2026-09-13,,11:30,12:15,,"【内容】こねあがったパン生地で好きな形をつくりましょう。今月は、プレーンパンです。
【対象】4歳以上の未就学児は保護者同伴で参加してください
【その他】焼き上がり　13:00",200円,,浜松こども館,(053)450-9111,,,浜松こども館,浜松市中央区鍛冶町100-1,ザザシティ浜松中央館6・7階,34.705228,137.730166,,,16人,2026-08-30,,"申込必要
【申込開始】2026年08月28日(金曜日)　
【方法】ホームページ",https://kodomokan.entetsuassist-dms.com/event/,,こそだて,中央区,2026-06-15,,○,002327_00
221309,20260608320,静岡県,浜松市,"おやつ作り～ フォンダンマフィン ～",,,2026-09-06,,11:00,11:45,,"【内容】今月は、『フォンダンマフィン』を作ります。
【対象】4歳以上の未就学児は保護者同伴で参加してください",200円,,浜松こども館,(053)450-9111,,,浜松こども館,浜松市中央区鍛冶町100-1,ザザシティ浜松中央館6・7階,34.705228,137.730166,,,16人,2026-08-26,,"申込必要
【申込開始】2026年08月21日(金曜日)　
【方法】ホームページ",https://kodomokan.entetsuassist-dms.com/event/,,こそだて,中央区,2026-06-15,,○,002327_00
221309,20260608321,静岡県,浜松市,フルートのコンサート,,,2026-09-08,,11:00,11:30,,"【内容】赤ちゃん連れOKのミュージックコンサート。赤ちゃんと一緒に生演奏のコンサートを楽しみましょう。
【講師】出演 : Liberte(南田麻美　伊藤梨恵子　鈴木絢子　山下舞)",,1家族300円,浜松こども館,(053)450-9111,,,浜松こども館,浜松市中央区鍛冶町100-1,ザザシティ浜松中央館6・7階,34.705228,137.730166,,,,,,申込不要,https://kodomokan.entetsuassist-dms.com/event/,,こそだて,中央区,2026-06-15,,○,002327_00
221309,20260608322,静岡県,浜松市,楽器でこんにちは～ピアノ・うた・よみきかせ～,,,2026-09-17,,11:00,11:30,,"【内容】現役ママ達によるコンサート。育児に励んでいるママ達へ、心地良い音楽のエッセンスをお届けします。
【講師】出演:Amy-Go！(村松あゆみ・佐々木みほ・関塚ゆか)",,1家族300円,浜松こども館,(053)450-9111,,,浜松こども館,浜松市中央区鍛冶町100-1,ザザシティ浜松中央館6・7階,34.705228,137.730166,,,,,,申込不要,https://kodomokan.entetsuassist-dms.com/event/,,こそだて,中央区,2026-06-15,,○,002327_00
221309,20260608323,静岡県,浜松市,みんなでくるくる～！！こまあそび,,,2026-09-05,,14:00,15:00,,"【内容】浜松こども館にはたくさんのこまがあります。子どもも大人もみんなで楽しもう。浜松こども館オリジナルこま検定も受けてみませんか？
【その他】ホールの状況により人数制限する可能性があります。",,,浜松こども館,(053)450-9111,,,浜松こども館,浜松市中央区鍛冶町100-1,ザザシティ浜松中央館6・7階,34.705228,137.730166,,,10組,,,申込不要,https://kodomokan.entetsuassist-dms.com/event/,,こそだて,中央区,2026-06-15,,○,002327_00
221309,20260608324,静岡県,浜松市,しょうぎに挑戦　～初心者から上級者まで～,,,2026-09-12,,13:00,15:00,,"【内容】初めてでも上級者でも将棋の先生がやさしく教えてくれます。子どもから大人までそれぞれの将棋を楽しみましょう。
【講師】神谷　広志　八段:日本将棋連盟 浜松支部",,,浜松こども館,(053)450-9111,,,浜松こども館,浜松市中央区鍛冶町100-1,ザザシティ浜松中央館6・7階,34.705228,137.730166,,,,,,申込不要,https://kodomokan.entetsuassist-dms.com/event/,,こそだて,中央区,2026-06-15,,○,002327_00
221309,20260608325,静岡県,浜松市,しょうぎに挑戦　～初心者から上級者まで～,,,2026-09-26,,13:00,15:00,,"【内容】初めてでも上級者でも将棋の先生がやさしく教えてくれます。子どもから大人までそれぞれの将棋を楽しみましょう。
【講師】神谷　広志　八段:日本将棋連盟 浜松支部",,,浜松こども館,(053)450-9111,,,浜松こども館,浜松市中央区鍛冶町100-1,ザザシティ浜松中央館6・7階,34.705228,137.730166,,,,,,申込不要,https://kodomokan.entetsuassist-dms.com/event/,,こそだて,中央区,2026-06-15,,○,002327_00
221309,20260608326,静岡県,浜松市,よみかたりさん,,,2026-09-13,,10:50,11:20,,【内容】ボランティアのみなさんが絵本の読み語りや人形劇などをします。みんなで楽しい時間を過ごしましょう。,,,浜松こども館,(053)450-9111,,,浜松こども館,浜松市中央区鍛冶町100-1,ザザシティ浜松中央館6・7階,34.705228,137.730166,,,,,,申込不要,https://kodomokan.entetsuassist-dms.com/event/,,こそだて,中央区,2026-06-15,,○,002327_00
221309,20260608327,静岡県,浜松市,＜MOCOBO＞ウッドクラフト,,,2026-09-19,,10:00,15:00,,"【内容】小さな子でもOK！輪ゴム鉄砲・サンキャッチャー・汽車・時計の中から好きなものを選んで作れます。出来上がったら電気ペンで名前を入れられます！
【対象】未就学児は保護者同伴
【その他】12:00～13:00は昼休み",,700円～現金のみ,浜松こども館,(053)450-9111,,,浜松こども館,浜松市中央区鍛冶町100-1,ザザシティ浜松中央館6・7階,34.705228,137.730166,,,40人　先着,,,申込不要,https://kodomokan.entetsuassist-dms.com/event/,,こそだて,中央区,2026-06-15,,○,002327_00
221309,20260608328,静岡県,浜松市,こどもアドボカシーってなんだろう?,,,2026-09-27,,13:30,15:00,,"【内容】「なんでやねんすごろく」などのゲームで「こどもの権利」について楽しく学ぼう！
【対象】未就学児は保護者同伴
【講師】一般社団法人こどもアドボカシーセンター浜松",,,浜松こども館,(053)450-9111,,,浜松こども館,浜松市中央区鍛冶町100-1,ザザシティ浜松中央館6・7階,34.705228,137.730166,,,,,,申込不要,https://kodomokan.entetsuassist-dms.com/event/,,こそだて,中央区,2026-06-15,,○,002327_00
221309,20260608329,静岡県,浜松市,孫とおいでよWeeks,,,2026-09-07,2026-09-20,,,,【内容】期間中、60歳以上でお孫さんと一緒に来館の方は入館料を無料とします。受付で、年齢確認のできるものをご提示ください。,,,浜松こども館,(053)450-9111,,,浜松こども館,浜松市中央区鍛冶町100-1,ザザシティ浜松中央館6・7階,34.705228,137.730166,,,,,,申込不要,https://kodomokan.entetsuassist-dms.com/event/,,こそだて,中央区,2026-06-15,,○,002327_00
221309,20260608330,静岡県,浜松市,しおかぜ体験！,,,2026-09-27,,10:00,15:00,,"【内容】浜名湖を舞台に生き物観察を通して、浜名湖に生息する生き物の生態を学びます
【対象】小学4年～6年生",2500円,,青少年の家,(053)471-4725,,,浜松市青少年の家,浜松市中央区住吉四丁目23-1,,34.731949,137.731572,,,20名程度　応募多数の場合抽選,2026-09-06,,"申込必要
【申込開始】2026年08月23日(日曜日)　
【方法】ホームページ
ホームページのイベント申込みフォームよりご応募ください。※1人一通でお申込みください",https://h-seisyounen-ie.entetsuassist-dms.com/,,イベント,中央区,2026-06-15,,○,001613_00
221309,20260608331,静岡県,浜松市,レッツゴー！ちびっこ探検隊,,,2026-10-04,,10:00,15:00,,"【内容】身体を動かし、五感を駆使しながら、楽しく森の中を探検することを通して、自然と親しむことを学びます
【対象】小学1・2年生",1500円,,青少年の家,(053)471-4725,,,浜松市青少年の家,浜松市中央区住吉四丁目23-1,,34.731949,137.731572,,,40名程度　応募多数の場合抽選　ホームページのイベント申込みフォームよりご応募ください。※2人一通でお申込みください,2026-09-13,,"申込必要
【申込開始】2026年08月30日(日曜日)　
【方法】ホームページ
ホームページのイベント申込みフォームよりご応募ください。※1人一通でお申込みください",https://h-seisyounen-ie.entetsuassist-dms.com/,,イベント,中央区,2026-06-15,,○,001613_00
221309,20260608332,静岡県,浜松市,ファミリー・サポート・センター子どもを預かるための講習会参加者募集,ファミリー･サポート･センターコドモヲアズカルタメノコウシュウカイサンカシャボシュウ,,2026-10-05,2026-11-06,10:00,16:00,全5回10/5(月)、10/16(金)、10/22(木)、10/28(水)、11/6(金),"【内容】子育て支援を行うための会員組織「ファミリー・サポート･センター」で、子どもの預かり・送迎等を行うまかせて・どっちも会員になるための講習会。全講習受講修了後、会員登録。
【対象】市内在住、子育ての援助活動に理解と熱意のある20歳以上の人。託児有(無料、要予約)",,,ファミリー・サポート・センター,(053)457-2900,,ファミリー・サポート・センター,浜松市子育て情報センター,浜松市中央区中央三丁目4-18,,34.707725,137.741153,,,15人　先着順,,,"申込必要
【申込開始】2026年08月17日(月曜日)　9時00分
【方法】窓口／電話((053)457-2900)／ホームページ",https://www.hamamatsu-pippi.net/contents/7802.html,,こそだて,中央区,2026-06-15,,○,001060_00
221309,20260608333,静岡県,浜松市,子育てと仕事両立支援講座,コソダテトシゴトリョウリツシエンコウザ,,2026-10-17,,10:00,12:00,,"【内容】現在両立生活をしている人も、これから両立生活が始まる人も、不安を解決するヒントをキャリアコンサルタントから学ぶ講座です。
【対象】子育てと仕事の両立生活を始めようとしている人、すでに両立生活をしている人等",,ひと家族300円,浜松市子育て情報センター,(053)457-3415,,浜松市子育て情報センター,浜松市子育て情報センター,浜松市中央区中央三丁目4-18,,34.707725,137.741153,,,20人　抽選,2026-10-06,,,https://www.hamamatsu-pippi.net/contents/7881.html,,こそだて,中央区,2026-06-15,,○,001060_00
221309,20260608334,静岡県,浜松市,ひとり親家庭のための登録販売者講習会,,,2026-12-12,,9:30,16:30,期間中の全7日,"【内容】就職・スキルアップに役立つ「登録販売者」の資格取得試験に向けた講習会
【対象】ひとり親家庭の父母、寡婦、お子さんがいて離婚を考えている父母(受講要件あり)",,"9,500円(テキスト代含む)",ひとり親サポートセンター,,,,大原学園　浜松校,浜松市中央区板屋町101-8,,34.707982,137.733594,,,15人　選考有,2026-09-30,,"申込必要
【締切】締切
【方法】ホームページ",https://hitorioya-shizuoka.jp,託児あり:要予約・無料,こそだて,中央区,2026-06-15,,○,
221309,20260608335,静岡県,浜松市,赤ちゃんとのふれあい体験事業親子ボランティア募集,アカチャントノフレアイタイケンジギョウオヤコボランティアボシュウ,,2026-10-08,,10:00,12:00,,"【内容】小中学生と赤ちゃんがふれあう体験に参加していただける乳幼児親子を募集します。
【対象】0～1歳児親子",,,ふれあいサポートネット「ふわっと」（榊原）,(090)1569-3608,,,浜松市立光が丘中学校,浜松市天竜区山東2701,,34.875538,137.823091,,,先着順,,,"申込必要
【申込開始】2026年08月15日(土曜日)　
【方法】ホームページ
定員は申込み時にご確認ください。",https://www.hamamatsu-pippi.net/contents/123183.html,,こそだて,天竜区,2026-06-15,2026-07-13,○,
221309,20260608336,静岡県,浜松市,赤ちゃんとのふれあい体験事業親子ボランティア募集,アカチャントノフレアイタイケンジギョウオヤコボランティアボシュウ,,2026-10-16,,10:00,12:00,,"【内容】小中学生と赤ちゃんがふれあう体験に参加していただける乳幼児親子を募集します。
【対象】0～1歳児親子",,,ふれあいサポートネット「ふわっと」（榊原）,(090)1569-3608,,,浜松市立中郡中学校,浜松市中央区中郡町897,,34.769088,137.774929,,,先着順,,,"申込必要
【申込開始】2026年08月15日(土曜日)　
【方法】ホームページ
定員は申込み時にご確認ください。",https://www.hamamatsu-pippi.net/contents/123183.html,,こそだて,中央区,2026-06-15,2026-07-13,○,
221309,20260608337,静岡県,浜松市,赤ちゃんとのふれあい体験事業親子ボランティア募集,アカチャントノフレアイタイケンジギョウオヤコボランティアボシュウ,,2026-10-23,,10:00,12:00,,"【内容】小中学生と赤ちゃんがふれあう体験に参加していただける乳幼児親子を募集します。
【対象】0～1歳児親子",,,ふれあいサポートネット「ふわっと」（榊原）,(090)1569-3608,,,浜松市立八幡中学校,浜松市中央区野口町1533,,34.719044,137.741402,,,先着順,,,"申込必要
【申込開始】2026年08月15日(土曜日)　
【方法】ホームページ
定員は申込み時にご確認ください。",https://www.hamamatsu-pippi.net/contents/123183.html,,こそだて,中央区,2026-06-15,2026-07-13,○,
221309,20260608338,静岡県,浜松市,赤ちゃんとのふれあい体験事業親子ボランティア募集,アカチャントノフレアイタイケンジギョウオヤコボランティアボシュウ,,2026-11-05,,10:00,12:00,,"【内容】小中学生と赤ちゃんがふれあう体験に参加していただける乳幼児親子を募集します。
【対象】0～1歳児親子",,,ふれあいサポートネット「ふわっと」（榊原）,(090)1569-3608,,,浜松市立三ヶ日中学校,浜松市浜名区三ヶ日町宇志1320-5,,34.798427,137.556126,,,先着順,,,"申込必要
【申込開始】2026年08月15日(土曜日)　
【方法】ホームページ
定員は申込み時にご確認ください。",https://www.hamamatsu-pippi.net/contents/123183.html,,こそだて,浜名区,2026-06-15,2026-07-13,○,
221309,20260608339,静岡県,浜松市,赤ちゃんとのふれあい体験事業親子ボランティア募集,アカチャントノフレアイタイケンジギョウオヤコボランティアボシュウ,,2026-11-06,,10:00,12:00,,"【内容】小中学生と赤ちゃんがふれあう体験に参加していただける乳幼児親子を募集します。
【対象】0～1歳児親子",,,ふれあいサポートネット「ふわっと」（榊原）,(090)1569-3608,,,浜松市立新津中学校,浜松市中央区新津町748,,34.683175,137.701399,,,先着順,,,"申込必要
【申込開始】2026年08月15日(土曜日)　
【方法】ホームページ
定員は申込み時にご確認ください。",https://www.hamamatsu-pippi.net/contents/123183.html,,こそだて,中央区,2026-06-15,2026-07-13,○,
221309,20260608340,静岡県,浜松市,赤ちゃんとのふれあい体験事業親子ボランティア募集,アカチャントノフレアイタイケンジギョウオヤコボランティアボシュウ,,2026-11-17,,10:00,12:00,,"【内容】小中学生と赤ちゃんがふれあう体験に参加していただける乳幼児親子を募集します。
【対象】0～1歳児親子",,,ふれあいサポートネット「ふわっと」（榊原）,(090)1569-3608,,,浜松市立可美中学校,浜松市中央区増楽町700,,34.687932,137.690783,,,先着順,,,"申込必要
【申込開始】2026年08月15日(土曜日)　
【方法】ホームページ
定員は申込み時にご確認ください。",https://www.hamamatsu-pippi.net/contents/123183.html,,こそだて,中央区,2026-06-15,2026-07-13,○,
221309,20260608341,静岡県,浜松市,赤ちゃんとのふれあい体験事業親子ボランティア募集,アカチャントノフレアイタイケンジギョウオヤコボランティアボシュウ,,2026-11-18,,10:00,12:00,,"【内容】小中学生と赤ちゃんがふれあう体験に参加していただける乳幼児親子を募集します。
【対象】0～1歳児親子",,,ふれあいサポートネット「ふわっと」（榊原）,(090)1569-3608,,,浜松市立丸塚中学校,浜松市中央区丸塚町1050,,34.726072,137.754393,,,先着順,,,"申込必要
【申込開始】2026年08月15日(土曜日)　
【方法】ホームページ
定員は申込み時にご確認ください。",https://www.hamamatsu-pippi.net/contents/123183.html,,こそだて,中央区,2026-06-15,2026-07-13,○,
221309,20260608342,静岡県,浜松市,赤ちゃんとのふれあい体験事業親子ボランティア募集,アカチャントノフレアイタイケンジギョウオヤコボランティアボシュウ,,2026-11-19,,10:00,12:00,,"【内容】小中学生と赤ちゃんがふれあう体験に参加していただける乳幼児親子を募集します。
【対象】0～1歳児親子",,,ふれあいサポートネット「ふわっと」（榊原）,(090)1569-3608,,,浜松市立積志中学校,浜松市中央区有玉北町1200,,34.765304,137.757718,,,先着順,,,"申込必要
【申込開始】2026年08月15日(土曜日)　
【方法】ホームページ
定員は申込み時にご確認ください。",https://www.hamamatsu-pippi.net/contents/123183.html,,こそだて,中央区,2026-06-15,2026-07-13,○,
221309,20260608343,静岡県,浜松市,赤ちゃんとのふれあい体験事業親子ボランティア募集,アカチャントノフレアイタイケンジギョウオヤコボランティアボシュウ,,2026-11-20,,10:00,12:00,,"【内容】小中学生と赤ちゃんがふれあう体験に参加していただける乳幼児親子を募集します。
【対象】0～1歳児親子",,,ふれあいサポートネット「ふわっと」（榊原）,(090)1569-3608,,,浜松市立佐鳴台中学校,浜松市中央区佐鳴台三丁目32-1,,34.706755,137.698484,,,先着順,,,"申込必要
【申込開始】2026年08月15日(土曜日)　
【方法】ホームページ
定員は申込み時にご確認ください。",https://www.hamamatsu-pippi.net/contents/123183.html,,こそだて,中央区,2026-06-15,2026-07-13,○,
221309,20260608344,静岡県,浜松市,赤ちゃんとのふれあい体験事業親子ボランティア募集,アカチャントノフレアイタイケンジギョウオヤコボランティアボシュウ,,2026-12-04,,10:00,12:00,,"【内容】小中学生と赤ちゃんがふれあう体験に参加していただける乳幼児親子を募集します。
【対象】0～1歳児親子",,,ふれあいサポートネット「ふわっと」（榊原）,(090)1569-3608,,,浜松市立北浜東部中学校,浜松市浜名区上善地317,,34.798940,137.808357,,,先着順,,,"申込必要
【申込開始】2026年08月15日(土曜日)　
【方法】ホームページ
定員は申込み時にご確認ください。",https://www.hamamatsu-pippi.net/contents/123183.html,,こそだて,浜名区,2026-06-15,2026-07-13,○,
221309,20260608345,静岡県,浜松市,里親制度説明会,サトオヤセイドセツメイカイ,,2026-09-06,,10:00,11:30,,"【内容】里親希望者に対して里親制度を説明します。
【対象】浜松市に住民票のある方",,,児童相談所,(053)457-2705,2705,浜松市児童相談所,浜松市雄踏文化センター,浜松市中央区雄踏町宇布見5427,(雄踏協働センター),34.701630,137.634487,,,,2026-09-04,,"申込必要
【締切】締切
【方法】電話((053)-457-2705)／ホームページ
開催日の前日までに、電話またはホームページ内にある里親説明会への申し込み入力フォームに必須項目を入力して下さい。",https://www.city.hamamatsu.shizuoka.jp/jidosodan/soudan/jiso/satooya.html,,おしらせ,中央区,2026-06-15,,○,002760_00
221309,20260608346,静岡県,浜松市,浜名湖環境調査隊！(小学生向け体験学習会),ハマナコカンキョウチョウサタイ,,2026-09-26,,9:00,12:00,荒天の場合は、9月27日(日)同時刻へ延期,"【内容】浜名湖の環境について学ぶ2本立てのイベントです。(1)浜名湖岸で漂着ごみ調査によるマイクロプラスチック学習会　(2)弁天島いかり瀬で生き物観察　※乗船あり
【対象】市内在住の小学生とその保護者
【条件】小学生のみでの申込不可",,1人500円,環境政策課,(053)453-6149,3130,浜名湖の水をきれいにする会,海湖館および新居弁天海水浴場,湖西市新居町新居,,34.681853,137.589559,,駐車場あり,抽選　32名,2026-09-04,,"申込必要
【締切】締切
【申込開始】2026年08月05日(水曜日)　
【方法】ホームページ
申込に関する詳細は、市ホームページを確認してください。",https://www.city.hamamatsu.shizuoka.jp/kankyou/ecoedu/event.html,,イベント,市外,2026-06-15,2026-07-13,○,
221309,20260608347,静岡県,浜松市,生物多様性講座　「トンボの標本を作ってみよう！」,セイブツタヨウセイコウザ　「トンボノヒョウホンヲツクッテミヨウ！」,,2026-09-12,,10:00,11:30,,"【内容】身近なアカトンボの標本をつくります。
トンボの暮らしを知ると、自然のつながりが見えてきます。
【講座の内容】
(1)トンボのヒミツをさぐろう！
・アカトンボがどこで生まれ、どこへ旅をするのかを学びます。
・トンボがたくさんいる場所と、私たちの暮らしのつながりを学びます。
(2)きれいな乾燥標本づくり
・本物のトンボを使って、形を整える「展翅(てんし)」に挑戦します。
　(3)未来へつなぐ「データラベル」づくり
・「いつ・どこで・だれが」つかまえたかを文字で記録します。
【対象】子ども
【条件】保護者同伴
【その他】持ち物:筆記用具、持ち帰り用空き箱",,一人につき300円,西部清掃工場・えこはま,(053)440-0150,,JFE環境テクノロジー株式会社,浜松市西部清掃工場・えこはま,浜松市中央区篠原町26098番地の1,,34.674688,137.665097,,,20人　先着順,2026-09-09,16:00,"申込必要
【締切】締切
【申込開始】2026年08月15日(土曜日)　9時00分
【方法】電話((053)440-0150)／E-mail(info@ecolifehamamatsu.com)",https://hamamatsu-seibuseisoukoujou.com/ecohama/,,イベント,中央区,2026-06-15,,○,001432_00
221309,20260608348,静岡県,浜松市,生物多様性講座　「バッタとあそぼう！」,セイブツタヨウセイコウザ　「バッタトアソボウ！」,,2026-09-12,,13:00,14:30,,"【内容】会議室が小さな草むらに！
「トノサマ・ショウリョウ・カマキリ大集合！さわって気づく、命のふしぎ」
【講座の内容】
(1)虫たちのすご技を間近で観察！
・虫たちの顔や足の形を、レンズを使ってじっくり観察します。
・種類によってちがう、驚きのジャンプ力や羽のヒミツを学びます。
(2)ふれあい体験
・本物のバッタやカマキリと、会議室内でふれあいます。
・体の硬さや動きを、五感を使って体感します。
(3)みんなの役割を見つけよう！
・バッタは何を食べている？カマキリはどこに隠れている？
・虫たちの暮らしを知ることで、自然のつながりを学びます。
【対象】子ども
【条件】保護者同伴
【その他】持ち物:筆記用具、バッタ等1種類持ち帰り用容器",,一人につき300円,西部清掃工場・えこはま,(053)440-0150,,JFE環境テクノロジー株式会社,浜松市西部清掃工場・えこはま,浜松市中央区篠原町26098番地の1,,34.674688,137.665097,,,20人　先着順,2026-09-09,16:00,"申込必要
【締切】締切
【申込開始】2026年08月15日(土曜日)　9時00分
【方法】電話((053)440-0150)／E-mail(info@ecolifehamamatsu.com)",https://hamamatsu-seibuseisoukoujou.com/ecohama/,,イベント,中央区,2026-06-15,,○,001432_00
221309,20260608349,静岡県,浜松市,“へちま”の実からスポンジをつくろう,“ヘチマ”ノミカラスポンジヲツクロウ,,2026-09-19,,10:00,12:00,,"【内容】エコな暮らしをはじめよう！地球にやさしい、昔ながらの知恵を学びませんか？
プラスチックを使わない、地球にやさしい生活。まずは、おうちのスポンジから変えてみましょう！
“へちま”スポンジは、最後は土に還るエコな素材です。使うときも、海を汚すプラスチックのごみを出しません。
【講座の内容】
お話し:暮らしの中でできる、“へちま”の楽しい使い方
体験:2026年に収穫された“へちま”の実をゆでて、手作りスポンジをつくる
※お一人様約5cmの輪切りのへちまスポンジ1個をお持ち帰りいただけます。
【対象】どなたでも
【条件】小学生以下は保護者同伴
【その他】持ち物:手をふくタオル、濡れたものを入れられる持ち帰り用袋",,一人につき200円,西部清掃工場・えこはま,(053)440-0150,,JFE環境テクノロジー株式会社,浜松市西部清掃工場・えこはま,浜松市中央区篠原町26098番地の1,,34.674688,137.665097,,,20人　先着順,2026-09-16,16:00,"申込必要
【締切】締切
【申込開始】2026年08月15日(土曜日)　9時00分
【方法】電話((053)440-0150)／E-mail(info@ecolifehamamatsu.com)",https://hamamatsu-seibuseisoukoujou.com/ecohama/,,イベント,中央区,2026-06-15,,○,001432_00
221309,20260608350,静岡県,浜松市,天竜エコテラス　施設開放イベント,テンリュウエコテラス　シセツカイホウイベント,"TENRYU ECO-TERRACE OPEN FACTORY",2026-09-27,2026-09-27,10:00,15:00,,"【内容】工場見学、収集車実演、重機展示、子供向けの木工教室など開催予定。(一部当日整理券とWEB事前予約)イベントの詳細はHPに掲載
【対象】どなたでも
【その他】警報・注意報などが発令された場合は中止",,無料,天竜エコテラス,(053)581-8810,,株式会社　浜松クリーンシステム,天竜エコテラス,浜松市天竜区青谷1461,,34.875191,137.774100,自動車等,あり,,,,申込不要,https://hamamatsu-cs.com/,,イベント,天竜区,2026-06-15,,○,
221309,20260608351,静岡県,浜松市,シニア向け現役応援就職フェア,シニアムケゲンエキオウエンシュウショクフェア,,2026-09-17,2026-09-17,14:00,16:00,,"【内容】就職を希望する概ね55歳以上の方を対象とした就職フェアを開催します。浜松市内企業約15社の企業説明を受けることができ、就職に関する相談も可能です。
【対象】概ね55歳以上の就職を希望する方",,無料,株式会社東海道シグマ,(053)424-5121,2115,,浜松市浜北文化センター,浜松市浜名区貴布祢291-1,,34.794439,137.783274,,有,,2026-09-16,,,,,おしらせ,浜名区,2026-06-15,2026-07-13,,002410_00
221309,20260608352,静岡県,浜松市,女性のための就活セミナー,ジョセイノタメノシュウカツセミナー,,2026-09-04,,10:00,11:30,,"【内容】女性のためのキャリア＆マネープランワークショップ
【対象】求職活動中の女性",0円,,浜松市産業部労働政策課,(053)457-2115,,浜松市,浜松市勤労青少年ホーム（アイミティ浜松）,浜松市中央区船越町11-11,,34.714507,137.743406,,,30人　先着順　オンラインの定員は無制限,2026-08-28,,"申込必要
【方法】電話((053)-424-8811)／ホームページ",https://sasnet.info/hamamatsuwoman_hirakucareer/,,講座・教室,中央区,2026-06-15,,○,000603_00
221309,20260608590,静岡県,浜松市,女性のための就活セミナー,ジョセイノタメノシュウカツセミナー,,2026-09-08,,10:00,11:30,,"【内容】自分を知るワークで考えるわたしに合う仕事の見つけ方
【対象】求職活動中の女性",0円,,浜松市産業部労働政策課,(053)457-2115,,浜松市,浜松市勤労青少年ホーム（アイミティ浜松）,浜松市中央区船越町11-11,,34.714507,137.743406,,,30人　先着順　オンラインの定員は無制限,2026-09-02,,"申込必要
【方法】電話((053)-424-8811)／ホームページ",https://sasnet.info/hamamatsuwoman_hirakucareer/,,講座・教室,中央区,2026-06-15,2026-07-13,○,000603_00
221309,20260608591,静岡県,浜松市,女性のための就活セミナー,ジョセイノタメノシュウカツセミナー,,2026-09-11,,10:00,11:30,,"【内容】よくわかる「年収の壁」制度変化の影響
【対象】求職活動中の女性",0円,,浜松市産業部労働政策課,(053)457-2115,,浜松市,浜松市勤労青少年ホーム（アイミティ浜松）,浜松市中央区船越町11-11,,34.714507,137.743406,,,30人　先着順　オンラインの定員は無制限,2026-09-07,,"申込必要
【方法】電話((053)-424-8811)／ホームページ",https://sasnet.info/hamamatsuwoman_hirakucareer/,,講座・教室,中央区,2026-06-15,,○,000603_00
221309,20260608592,静岡県,浜松市,女性のための就活セミナー,ジョセイノタメノシュウカツセミナー,,2026-09-18,,10:00,11:30,,"【内容】パート・アルバイト・派遣社員・正社員それぞれの働き方
【対象】求職活動中の女性",0円,,浜松市産業部労働政策課,(053)457-2115,,浜松市,浜松市勤労青少年ホーム（アイミティ浜松）,浜松市中央区船越町11-11,,34.714507,137.743406,,,30人　先着順　オンラインの定員は無制限,2026-09-10,,"申込必要
【方法】電話((053)-424-8811)／ホームページ",https://sasnet.info/hamamatsuwoman_hirakucareer/,,講座・教室,中央区,2026-06-15,,○,000603_00
221309,20260608593,静岡県,浜松市,女性のための就活セミナー,ジョセイノタメノシュウカツセミナー,,2026-09-25,,10:00,11:30,,"【内容】所得税178万円時代自分に合った選択肢を見つけよう
【対象】求職活動中の女性",0円,,浜松市産業部労働政策課,(053)457-2115,,浜松市,浜松市勤労青少年ホーム（アイミティ浜松）,浜松市中央区船越町11-11,,34.714507,137.743406,,,30人　先着順　オンラインの定員は無制限,2026-09-17,,"申込必要
【方法】電話((053)-424-8811)／ホームページ",https://sasnet.info/hamamatsuwoman_hirakucareer/,,講座・教室,中央区,2026-06-15,,○,000603_00
221309,20260608353,静岡県,浜松市,いちご(章姫)栽培教室,イチゴサイバイキョウシツ,,2026-10-11,,10:00,12:00,,【内容】いちご栽培担当が育て方のポイントを説明します。,,"受講料1500円(プランター・土・いちご苗1株付き)
※別途入園料が必要",フルーツパーク時之栖,(053)428-5211,,,浜松市フルーツパーク時之栖,浜松市浜名区都田町4263-1,,34.840260,137.732989,,,先着順,,,"申込必要
【申込開始】2026年08月15日(土曜日)　
【方法】電話／E-mail",https://hamamatsu-fp.co.jp,,講座・教室,浜名区,2026-06-15,,×,000117_00
221309,20260608354,静岡県,浜松市,いちご(章姫)栽培教室,イチゴサイバイキョウシツ,,2026-10-18,,10:00,12:00,,【内容】いちご栽培担当が育て方のポイントを説明します。,,"受講料1500円(プランター・土・いちご苗1株付き)
※別途入園料が必要",フルーツパーク時之栖,(053)428-5211,,,浜松市フルーツパーク時之栖,浜松市浜名区都田町4263-1,,34.840260,137.732989,,,先着順,,,"申込必要
【申込開始】2026年08月15日(土曜日)　
【方法】電話／E-mail",https://hamamatsu-fp.co.jp,,講座・教室,浜名区,2026-06-15,,×,000117_00
221309,20260608355,静岡県,浜松市,モーニングマルシェ,モーニングマルシェ,,2026-09-05,,9:00,11:30,雨天中止,【その他】場所:入園エントランス広場(入園ゲート前),,,フルーツパーク時之栖,(053)428-5211,,,浜松市フルーツパーク時之栖,浜松市浜名区都田町4263-1,,34.840260,137.732989,,,,,,,https://hamamatsu-fp.co.jp,,イベント,浜名区,2026-06-15,,○,000117_00
221309,20260608358,静岡県,浜松市,ゴールキーパークリニック,ゴールキーパークリニック,,2026-09-06,,,,"(1)15:00～15:50　小学1・2年生
(2)16:00～16:50　小学3・4年生","【内容】ゴールキーパースキルのレベルアップを目指す。
【その他】場所:西エリアサッカー場",,受講料500円※別途入園料が必要,フルーツパーク時之栖,(053)428-5211,,,浜松市フルーツパーク時之栖,浜松市浜名区都田町4263-1,,34.840260,137.732989,,,先着順,,,"申込必要
【申込開始】2026年08月15日(土曜日)　
【方法】ホームページ",https://hamamatsu-fp.co.jp,,イベント,浜名区,2026-06-15,,○,000117_00
221309,20260608359,静岡県,浜松市,ゴールキーパークリニック,ゴールキーパークリニック,,2026-09-13,,,,"(1)15:00～15:50　小学5・6年生
(2)16:00～16:50　中学生、高校生","【内容】ゴールキーパースキルのレベルアップを目指す。
【その他】場所:西エリアサッカー場",,受講料500円※別途入園料が必要,フルーツパーク時之栖,(053)428-5211,,,浜松市フルーツパーク時之栖,浜松市浜名区都田町4263-1,,34.840260,137.732989,,,先着順,,,"申込必要
【申込開始】2026年08月15日(土曜日)　
【方法】ホームページ",https://hamamatsu-fp.co.jp,,イベント,浜名区,2026-06-15,,○,000117_00
221309,20260608360,静岡県,浜松市,素敵な切り絵講座(干支),ステキナキリエコウザ(エト),,2026-10-02,2026-10-09,10:00,12:00,"10/2～10/9までの2回講座
毎週金曜日開催","【内容】来年の干支(未)の切り絵作り
【対象】成人
【講師】成田惠美子
【出演・演目など】来年の干支(未)の切り絵を作りましょう♪
【その他】ハサミ、
定規、シャープペン(0.5)、
つまようじ(5本位)、
ペットボトルキャップ1個、新聞紙5枚、
ヤマトの糊(スティック糊不可)",1000円,2回講座　1000円(材料費700円込),農村環境改善センター,(053)486-1122,,,浜松市農村環境改善センター,浜松市中央区伊左地町1320-1,,34.748338,137.673701,,約80台,12人　抽選,2026-09-10,23:59,"申込必要
【締切】必着
【申込開始】2026年08月01日(土曜日)　
【方法】窓口／郵送(431-1111　浜松市中央区伊左地町1320-1　浜松市農村環境改善センター)／ホームページ
はがき、ホームページ、もしくは
センター窓口にて申込 (1)講座名
 (2)参加者氏名(ふりがな) (3)性別
 (4)年齢 (5)郵便番号 (6)住所
 (7)電話番号　を記入",https://nouson-center.jp/,,講座・教室,中央区,2026-06-15,,×,002188_00
221309,20260608361,静岡県,浜松市,バラ農家から学ぶバラ管理講座【9月の管理】,バラノウカカラマナブバラカンリコウザ(9ガツノカンリ),,2026-09-10,,14:00,15:30,,"【内容】バラの育て方、病害虫防除、剪定の仕方などバラ農家の視点で解説します。
【対象】一般
【講師】高山隆
【その他】持ち物:筆記用具",1000円,,みどり～な,(053)426-2300,,,浜松市緑化推進センター（みどり～な）,浜松市中央区大塚町1876-1,,34.700349,137.784010,,,20人　先着順,2026-09-03,17:00,"申込必要
【締切】締切
【申込開始】2026年08月15日(土曜日)　9時00分
【方法】窓口／電話((053)426-2300)",https://midorina.hama-park.jp/,,イベント,中央区,2026-06-15,,,002823_00
221309,20260608362,静岡県,浜松市,畑がなくてもできる大根づくりに挑戦,ハタケガナクテモデキルダイコンヅクリニチョウセン,,2026-09-12,,10:00,12:00,,"【内容】畑や大型のプランターじゃないと育てられないと、思われている大根を身近なものを利用して育てます。
【対象】一般
【講師】竹村久生
【その他】持ち物:筆記用具",1000円,,みどり～な,(053)426-2300,,,浜松市緑化推進センター（みどり～な）,浜松市中央区大塚町1876-1,,34.700349,137.784010,,,15人　先着順,2026-09-05,17:00,"申込必要
【締切】締切
【申込開始】2026年08月15日(土曜日)　9時00分
【方法】窓口／電話((053)426-2300)",https://midorina.hama-park.jp/,,イベント,中央区,2026-06-15,,,002823_00
221309,20260608363,静岡県,浜松市,ナチュラルハーブ講座「はちみつビネガーづくり」,ナチュラルハーブコウザ「ハチミツビネガーヅクリ」,,2026-09-13,,10:00,12:00,,"【内容】健康を維持するために、はちみつとハーブを使った飲みやすいビネガーを作ります。
【対象】一般
【講師】大岡ちづる
【その他】持ち物:筆記用具",1800円,,みどり～な,(053)426-2300,,,浜松市緑化推進センター（みどり～な）,浜松市中央区大塚町1876-1,,34.700349,137.784010,,,15人　先着順,2026-09-06,17:00,"申込必要
【締切】締切
【申込開始】2026年08月15日(土曜日)　9時00分
【方法】窓口／電話((053)426-2300)",https://midorina.hama-park.jp/,,イベント,中央区,2026-06-15,,,002823_00
221309,20260608364,静岡県,浜松市,季節のプリザーブドフラワーアレンジメント講座,キセツノプリザーブドフラワーアレンジメントコウザ,,2026-09-22,,10:00,12:00,,"【内容】初心者でも簡単に楽しめるプリザーブドフラワーアレンジメント講座。
【対象】一般
【講師】三澤純子
【その他】持ち物:クラフトハサミ・ピンセット・持ち帰り用袋",3600円,"材料費3,500円＋保険料100円",みどり～な,(053)426-2300,,,浜松市緑化推進センター（みどり～な）,浜松市中央区大塚町1876-1,,34.700349,137.784010,,,20人　先着順,2026-09-15,17:00,"申込必要
【締切】締切
【申込開始】2026年08月15日(土曜日)　9時00分
【方法】窓口／電話((053)426-2300)",https://midorina.hama-park.jp/,,イベント,中央区,2026-06-15,,,002823_00
221309,20260608365,静岡県,浜松市,山野草初心者講座「キバナオキナグサの育て方その他」,サンヤソウショシンシャコウザ「キバナオキナグサノソダテカタソノホカ」,,2026-09-26,,10:00,12:00,,"【内容】浜松山草会が長年の経験から得た、山野草を育てるノウハウを教わります。
【対象】一般
【講師】池野谷清一
【その他】持ち物:筆記用具、手袋、苗持ち帰り用ビニール袋",500円,,みどり～な,(053)426-2300,,,浜松市緑化推進センター（みどり～な）,浜松市中央区大塚町1876-1,,34.700349,137.784010,,,20人　先着順,2026-09-19,17:00,"申込必要
【締切】締切
【申込開始】2026年08月15日(土曜日)　9時00分
【方法】窓口／電話((053)426-2300)",https://midorina.hama-park.jp/,,イベント,中央区,2026-06-15,,,002823_00
221309,20260608366,静岡県,浜松市,親子でバードウォッチング,オヤコデバードウォッチング,,2026-09-27,,8:30,10:30,,"【内容】いろいろな野鳥を間近に観察できます。
【対象】一般・親子
【その他】持ち物:双眼鏡・ガイドブック",0円,無料,みどり～な,(053)426-2300,,,浜松市緑化推進センター（みどり～な）,浜松市中央区大塚町1876-1,,34.700349,137.784010,,,30人　先着順,,,"申込不要
当日現地受付8:00～",https://midorina.hama-park.jp/,,イベント,中央区,2026-06-15,2026-07-13,,002823_00
221309,20260608367,静岡県,浜松市,みどりと花を愉しむノルディック・ウォーク,ミドリトハナヲタノシムノルディック・ウォーク,,2026-09-03,,10:00,11:30,,"【内容】二本のポールを使って全身運動。初心者大歓迎、指導員が優しく教えます。
【対象】一般
【その他】持ち物:水筒・タオル",300円,ポールレンタル別途200円,みどり～な,(053)426-2300,,,浜松市緑化推進センター（みどり～な）,浜松市中央区大塚町1876-1,,34.700349,137.784010,,,40人　先着順,,,"申込不要
当日現地受付9:30～",https://midorina.hama-park.jp/,,イベント,中央区,2026-06-15,,,002823_00
221309,20260608368,静岡県,浜松市,みどりと花を愉しむノルディック・ウォーク,ミドリトハナヲタノシムノルディック・ウォーク,,2026-09-07,,10:00,11:30,,"【内容】二本のポールを使って全身運動。初心者大歓迎、指導員が優しく教えます。
【対象】一般
【その他】持ち物:水筒・タオル",300円,ポールレンタル別途200円,みどり～な,(053)426-2300,,,浜松市緑化推進センター（みどり～な）,浜松市中央区大塚町1876-1,,34.700349,137.784010,,,40人　先着順,,,"申込不要
当日現地受付9:30～",https://midorina.hama-park.jp/,,イベント,中央区,2026-06-15,,,002823_00
221309,20260608369,静岡県,浜松市,みどりと花を愉しむノルディック・ウォーク,ミドリトハナヲタノシムノルディック・ウォーク,,2026-09-17,,10:00,11:30,,"【内容】二本のポールを使って全身運動。初心者大歓迎、指導員が優しく教えます。
【対象】一般
【その他】持ち物:水筒・タオル",300円,ポールレンタル別途200円,みどり～な,(053)426-2300,,,浜松市緑化推進センター（みどり～な）,浜松市中央区大塚町1876-1,,34.700349,137.784010,,,40人　先着順,,,"申込不要
当日現地受付9:30～",https://midorina.hama-park.jp/,,イベント,中央区,2026-06-15,,,002823_00
221309,20260608370,静岡県,浜松市,みどりと花を愉しむノルディック・ウォーク,ミドリトハナヲタノシムノルディック・ウォーク,,2026-09-24,,10:00,11:30,,"【内容】二本のポールを使って全身運動。初心者大歓迎、指導員が優しく教えます。
【対象】一般
【その他】持ち物:水筒・タオル",300円,ポールレンタル別途200円,みどり～な,(053)426-2300,,,浜松市緑化推進センター（みどり～な）,浜松市中央区大塚町1876-1,,34.700349,137.784010,,,40人　先着順,,,"申込不要
当日現地受付9:30～",https://midorina.hama-park.jp/,,イベント,中央区,2026-06-15,,,002823_00
221309,20260608374,静岡県,浜松市,花のウォーキング,ハナノウォーキング,,2026-09-12,,10:00,12:00,※気温が35度以上の日は中止する場合があります。,【内容】園内で活動しているボランティアガイドの皆さんが季節のスポットをご案内。,,,はままつフラワーパーク,(053)487-0511,,,はままつフラワーパーク,浜松市中央区舘山寺町195,,34.763174,137.633296,,,30人　先着順,,,申込不要,https://e-flowerpark.com,,イベント,中央区,2026-06-15,,○,000464_00
221309,20260608377,静岡県,浜松市,遠州の自然展,エンシュウノシゼンテン,,2026-09-05,2026-09-30,9:00,17:00,※最終日の展示は12時まで,【内容】自然をテーマに、植物を中心とした写真などを展示します。,,,はままつフラワーパーク,(053)487-0511,,,はままつフラワーパーク,浜松市中央区舘山寺町195,,34.763174,137.633296,,,,,,申込不要,https://e-flowerpark.com,,イベント,中央区,2026-06-15,,○,000464_00
221309,20260608378,静岡県,浜松市,ススキ(穂)を使った工作,ススキ(ホ)ヲツカッタコウサク,,2026-10-10,,13:00,15:00,,"【内容】ススキの穂を使ってフクロウを作ってみよう
【対象】小学生(高学年)以上
【講師】パーク管理課 高栁",300円,,はままつフラワーパーク,(053)487-0511,,,はままつフラワーパーク,浜松市中央区舘山寺町195,,34.763174,137.633296,,,10人　抽選,2026-10-05,16:00,"申込必要
【締切】必着
【申込開始】2026年08月15日(土曜日)　9時00分
【方法】FAX((053)487-0833)／ホームページ／E-mail(info@e-flowerpark.com)",https://e-flowerpark.com,,イベント,中央区,2026-06-15,,○,000464_00
221309,20260608379,静岡県,浜松市,はじめよう！体験！フラワー・ノルディックウォーク(雨天中止),ハジメヨウ！タイケン！フラワー・ノルディックウォーク(ウテンチュウシ),,2026-10-11,,10:00,11:30,雨天中止,"【内容】花のガイドを聞きながら、ノルディックウォークを楽しみましょう！初めて体験したい方におススメです。
【講師】(一社)全日本ノルディックウォーク連盟　勝田",500円,ポールレンタル料含む※ポール持参の方は300円,はままつフラワーパーク,(053)487-0511,,,はままつフラワーパーク,浜松市中央区舘山寺町195,,34.763174,137.633296,,,15人　先着順,2026-10-09,16:00,"申込必要
【締切】必着
【申込開始】2026年09月12日(土曜日)　9時00分
【方法】電話",https://e-flowerpark.com,,イベント,中央区,2026-06-15,,○,000464_00
221309,20260608380,静岡県,浜松市,"NIGHT ZOO 2026",ナイトズー2026,,2026-09-05,,,20:30,最終入園20:00,"【内容】夜の動物の様子が見れたり、NIGHT ZOO限定のイベントも開催。",,,浜松市動物園,(053)487-1122,,浜松市動物園,浜松市動物園,浜松市中央区舘山寺町199,,34.765051,137.630592,,,,,,申込不要,https://www.hamazoo.net/,,イベント,中央区,2026-06-15,,○,002339_00
221309,20260608381,静岡県,浜松市,"NIGHT ZOO 2026",ナイトズー2026,,2026-09-12,,,20:30,最終入園20:00,"【内容】夜の動物の様子が見れたり、NIGHT ZOO限定のイベントも開催。",,,浜松市動物園,(053)487-1122,,浜松市動物園,浜松市動物園,浜松市中央区舘山寺町199,,34.765051,137.630592,,,,,,申込不要,https://www.hamazoo.net/,,イベント,中央区,2026-06-15,,○,002339_00
221309,20260608382,静岡県,浜松市,"NIGHT ZOO 2026",ナイトズー2026,,2026-09-19,,,20:30,最終入園20:00,"【内容】夜の動物の様子が見れたり、NIGHT ZOO限定のイベントも開催。",,,浜松市動物園,(053)487-1122,,浜松市動物園,浜松市動物園,浜松市中央区舘山寺町199,,34.765051,137.630592,,,,,,申込不要,https://www.hamazoo.net/,,イベント,中央区,2026-06-15,,○,002339_00
221309,20260608383,静岡県,浜松市,"NIGHT ZOO 2026",ナイトズー2026,,2026-09-26,,,20:30,最終入園20:00,"【内容】夜の動物の様子が見れたり、NIGHT ZOO限定のイベントも開催。",,,浜松市動物園,(053)487-1122,,浜松市動物園,浜松市動物園,浜松市中央区舘山寺町199,,34.765051,137.630592,,,,,,申込不要,https://www.hamazoo.net/,,イベント,中央区,2026-06-15,,○,002339_00
221309,20260608384,静岡県,浜松市,第3回かわな星空観望会,ダイサンカイカワナホシゾラカンボウカイ,,2026-09-26,,18:30,20:30,,"【内容】～夏の大三角と中秋の名月を見よう～
【対象】家族単位(子どもだけの参加は不可)",,"大人500円 子ども300円(保険料・資料代)",浜松市かわな野外活動センター,(053)544-0219,,浜松市かわな野外活動センター,浜松市かわな野外活動センター,浜松市浜名区引佐町川名455-5,,34.879453,137.698441,,,先着順　10家族,2026-09-19,23:59,"申込必要
【締切】締切
【申込開始】2026年09月13日(日曜日)　6時00分
【方法】E-mail(kawana@hamamatsu-sports.or.jp)
 Eメールで【参加者全員の氏名(ふりがな)・学年・性別・年齢・生年月日、郵便番号、住所、電話番号を明記】を記入して申し込んでください。",https://www.kawana-oac.com/,,イベント,浜名区,2026-06-15,,○,000051_00
221309,20260608385,静岡県,浜松市,令和9年度新入学児童の健康診断,レイワキュウネンドシンニュウガクジドウノケンコウシンダン,,2026-10-14,2026-11-27,,,,"【内容】2027(令和9)年4月に小学校へ入学する子供の保護者宛てに「就学時健康診断通知書」を10月上旬に郵送します
【対象】2020(令和2)年4月2日～2021(令和3)年4月1日生まれの子供",,,健康安全課,(053)457-2422,,,,,,,,,,,,,申込不要,https://www.city.hamamatsu.shizuoka.jp/kenkou/hokenshugakuji.html,,こそだて,,2026-06-15,2026-07-13,,
221309,20260608387,静岡県,浜松市,第2期高齢者健康づくり教室,,,2026-09-16,,13:30,15:00,,"【内容】ストレッチ、ウォーキング、屋外健康器具を使った運動
【対象】市内在住の60歳以上の方",0円,,ふれあい交流センター江之島,(053)425-9907,,,浜松市ふれあい交流センター江之島,浜松市中央区江之島町606,,34.666958,137.751839,,,30人　抽選,2026-09-06,,"申込必要
【締切】締切
【申込開始】2026年08月05日(水曜日)　
【方法】窓口／電話((053)425-9907)／FAX((053)425-9907)／E-mail(csw-enoshima@major.ocn.ne.jp)",https://www.hamamatsu-syakyou.jp/,,講座・教室,中央区,2026-06-15,,×,005433_00
221309,20260608388,静岡県,浜松市,健康レクリエーション講座,,,2026-09-19,,10:00,11:30,,"【内容】脳・手足を使うレクリエーションを通して認知機能の維持を図る
【対象】市内在住の60歳以上の方",0円,,ふれあい交流センター江之島,(053)425-9907,,,浜松市ふれあい交流センター江之島,浜松市中央区江之島町606,,34.666958,137.751839,,,30人　抽選,2026-09-10,,"申込必要
【締切】締切
【申込開始】2026年08月05日(水曜日)　
【方法】窓口／電話((053)425-9907)／FAX((053)425-9907)／E-mail(csw-enoshima@major.ocn.ne.jp)",https://www.hamamatsu-syakyou.jp/,,講座・教室,中央区,2026-06-15,,×,005433_00
221309,20260608389,静岡県,浜松市,カポエイラセラピー,,,2026-10-01,,10:00,11:30,,"【内容】ブラジルのゆったりしたリズムに合わせて身体を動かしましょう。
【対象】市内在住の60歳以上の方",0円,,ふれあい交流センター江之島,(053)425-9907,,,浜松市ふれあい交流センター江之島,浜松市中央区江之島町606,,34.666958,137.751839,,,30人　抽選,2026-09-30,,"申込必要
【締切】締切
【申込開始】2026年08月05日(水曜日)　
【方法】窓口／電話((053)425-9907)／FAX((053)425-9907)／E-mail(csw-enoshima@major.ocn.ne.jp)",https://www.hamamatsu-syakyou.jp/,,講座・教室,中央区,2026-06-15,,×,005433_00
221309,20260608390,静岡県,浜松市,知っておきたい遺言相続の話,,,2026-09-15,,13:30,15:30,,"【内容】相続の基本と不動産対策
【対象】市内在住の60歳以上の方",0円,,ふれあい交流センター可美,(053)440-0571,,,浜松市ふれあい交流センター可美,浜松市中央区増楽町1645-1,,34.691591,137.693903,,,15人　抽選,2026-08-25,,"申込必要
【締切】締切
【申込開始】2026年08月05日(水曜日)　
【方法】窓口／電話((053)440-0571)／FAX((053)440-0572)",https://www.hamamatsu-syakyou.jp/,,講座・教室,中央区,2026-06-15,,×,005434_00
221309,20260608391,静岡県,浜松市,浜松ママのための子育て講座,,,2026-09-18,,10:00,12:00,,"【内容】心が楽になる子育て講座・頑張りすぎないママになるヒント
【対象】市内在住の妊婦さん～子育て中の保護者",500円,資料代,ふれあい交流センター可美,(053)440-0571,,,浜松市ふれあい交流センター可美,浜松市中央区増楽町1645-1,,34.691591,137.693903,,,10人　抽選,2026-08-25,,"申込必要
【締切】締切
【申込開始】2026年08月05日(水曜日)　
【方法】窓口／電話((053)440-0571)／FAX((053)440-0572)",https://www.hamamatsu-syakyou.jp/,,講座・教室,中央区,2026-06-15,,○,005434_00
221309,20260608392,静岡県,浜松市,親子でベビーマッサージ講座,,,2026-09-27,,10:00,11:30,,"【内容】赤ちゃんとのゆったりコミニュケーション　ベビーマッサージを体験してみませんか？
【対象】市内在住の生後1か月～8か月ぐらいの赤ちゃんとパパ・ママ",1000円,ベビーオイル代,ふれあい交流センター青龍,(053)422-2161,,,浜松市ふれあい交流センター青龍,浜松市中央区青屋町300,いきいきプラザ天竜川1階,34.715732,137.782995,,,16人　先着順　親子8組,2026-09-13,,"申込必要
【締切】締切
【申込開始】2026年08月15日(土曜日)　
【方法】窓口／電話((053)422-2161)／FAX((053)422-2239)／E-mail(csw-seiryu@major.ocn.ne.jp)",https://www.hamamatsu-syakyou.jp/,,講座・教室,中央区,2026-06-15,,○,005435_00
221309,20260608412,静岡県,浜松市,「浜松市民文芸」第72集の作品募集,「浜松市民文芸」第72集の作品募集,,2026-09-01,2026-11-20,,,,"【内容】応募票を添えて、直接または郵送で文芸館へ※応募票付き募集要項は、文芸館、文化振興財団、中央区まちづくり推進課(市役所2階)、協働センター、図書館などの公共施設で配布。浜松文芸館のホームページからも印刷できます。
【対象】市内在住・在勤・在学の人(中学生以下は除く)",,,浜松文芸館,(053)453-3933,,浜松市,クリエート浜松,浜松市中央区早馬町2-1,,34.710326,137.733836,,,,2026-11-20,,"申込必要
【締切】必着
【申込開始】2026年09月01日(火曜日)　
【方法】窓口／郵送(430-0916　中央区早馬町2-1　)",,詳しくは電話またはチラシ等で,イベント,中央区,2026-06-15,,,004149_00
221309,20260608413,静岡県,浜松市,朗読会　水上勉を読む「秋夜」より,ロウドクカイ　ミズカミツトムヲヨム「シュウヤ」ヨリ,,2026-10-18,,13:30,15:00,,"【内容】堤腰和余氏が水上勉の「秋夜」を朗読します。
【対象】どなたでも
【講師】堤腰和余(「K朗読研究会」主宰)",700円,,浜松文芸館,(053)453-3933,,浜松文芸館,クリエート浜松,浜松市中央区早馬町2-1,1階　創造活動室,34.710326,137.733836,,,40人　先着順　定員になり次第締め切り,,,"申込必要
【申込開始】2026年08月20日(木曜日)　
【方法】電話((053)453-3933)
電話にて、氏名・電話番号をお知らせください。",,詳しくは電話またはチラシ等で,講座・教室,中央区,2026-06-15,,,004149_00
221309,20260608414,静岡県,浜松市,子ども講座　表現の面白さを体験しよう(1),コドモコウザ　ヒョウゲンノオモシロサヲタイケンシヨウ,,2026-10-04,,9:30,11:30,,"【内容】本の世界を体験しよう(びゅんびゅんごまが回ったら)

【対象】小3～6年
【講師】池谷　雅敏(文芸館館長)",700円,,浜松文芸館,(053)453-3933,,浜松文芸館,クリエート浜松,浜松市中央区早馬町2-1,5階　51会議室,34.710326,137.733836,,,20人　抽選,2026-09-15,,"申込必要
【締切】必着
【申込開始】2026年08月20日(木曜日)　
【方法】窓口／郵送(430-0916　中央区早馬町2-1　)
往復はがきに、講座名・郵便番号・住所・氏名(ふりがな)・電話番号、返信用にご自分の住所・氏名を書いて、「浜松文芸館」まで",,詳しくは電話またはチラシ等で,講座・教室,中央区,2026-06-15,,,004149_00
221309,20260608415,静岡県,浜松市,フォト俳句作りに挑戦！,フォトハイクヅクリニチョウセン！,,2026-09-01,2026-10-31,,,,"【内容】展示した10枚の写真の中から自分が気に入った写真を1枚選び、俳句を作ります。
【対象】小学生
中学生
高校生",,,浜松文芸館,(053)453-3933,,浜松文芸館,クリエート浜松,浜松市中央区早馬町2-1,5階　展示室,34.710326,137.733836,,,,2026-10-31,,"申込必要
【申込開始】2026年09月01日(火曜日)　
【方法】窓口
応募用紙に連絡先をご記入ください。",,詳しくは電話またはチラシ等で,イベント,中央区,2026-06-15,,,004149_00
221309,20260608416,静岡県,浜松市,行政相談委員による行政相談,,,2026-09-01,,9:00,12:00,,【内容】行政相談委員による行政相談,,,東行政センター,(053)424-0164,,,東行政センター,浜松市中央区流通元町20-3,,34.741515,137.791771,,,,,,"申込不要
当日、直接会場へ",https://www.soumu.go.jp/main_sosiki/hyouka/soudan_n/index.html,,そうだん,中央区,2026-06-15,,,002063_00
221309,20260608417,静岡県,浜松市,ゆがみ改善ストレッチ(全10回),ユガミカイゼンストレッチ,,2026-09-28,,9:30,10:30,,【対象】一般,7000円,,舞阪総合体育館,(053)597-2800,,,浜松市舞阪総合体育館（舞童夢）,浜松市中央区舞阪町舞阪2623-32,,34.679390,137.612750,,,25人　先着順　人数が定員の半数に達しない場合、教室を中止する場合があります。,,,"申込必要
【申込開始】2026年08月15日(土曜日)　9時00分
【方法】窓口／電話",https://www.yuto-maisaka-sports.com/maisaka/event/,,スポーツ,中央区,2026-06-15,,×,002461_00
221309,20260608418,静岡県,浜松市,産後の体型もどし(全6回),サンゴノタイケイモドシ,,2026-09-02,,10:15,11:30,,【対象】生後1ヶ月以上の母子,3300円,,舞阪総合体育館,(053)597-2800,,,浜松市舞阪総合体育館（舞童夢）,浜松市中央区舞阪町舞阪2623-32,,34.679390,137.612750,,,20人　先着順　人数が定員の半数に達しない場合、教室を中止する場合があります。,,,"申込必要
【申込開始】2026年08月15日(土曜日)　9時00分
【方法】窓口／電話",https://www.yuto-maisaka-sports.com/maisaka/event/,,スポーツ,中央区,2026-06-15,,○,002461_00
221309,20260608419,静岡県,浜松市,楽しい筋骨体操(全12回),タノシイキンコツタイソウ,,2026-09-30,,13:30,14:30,,【対象】一般,8400円,,舞阪総合体育館,(053)597-2800,,,浜松市舞阪総合体育館（舞童夢）,浜松市中央区舞阪町舞阪2623-32,,34.679390,137.612750,,,30人　先着順　人数が定員の半数に達しない場合、教室を中止する場合があります。,,,"申込必要
【申込開始】2026年08月15日(土曜日)　9時00分
【方法】窓口／電話",https://www.yuto-maisaka-sports.com/maisaka/event/,,スポーツ,中央区,2026-06-15,,×,002461_00
221309,20260608420,静岡県,浜松市,骨盤底筋トレーニングヨガ(全6回),コツバンテイキントレーニングヨガ,,2026-09-10,,9:30,10:30,,【対象】一般,3300円,,舞阪総合体育館,(053)597-2800,,,浜松市舞阪総合体育館（舞童夢）,浜松市中央区舞阪町舞阪2623-32,,34.679390,137.612750,,,20人　先着順　人数が定員の半数に達しない場合、教室を中止する場合があります。,,,"申込必要
【申込開始】2026年08月15日(土曜日)　9時00分
【方法】窓口／電話",https://www.yuto-maisaka-sports.com/maisaka/event/,,スポーツ,中央区,2026-06-15,,○,002461_00
221309,20260608421,静岡県,浜松市,ビューティピラティス教室(全6回),ビューティピラティスキョウシツ,,2026-09-10,,10:45,11:45,,【対象】一般,3300円,,舞阪総合体育館,(053)597-2800,,,浜松市舞阪総合体育館（舞童夢）,浜松市中央区舞阪町舞阪2623-32,,34.679390,137.612750,,,20人　先着順　人数が定員の半数に達しない場合、教室を中止する場合があります。,,,"申込必要
【申込開始】2026年08月15日(土曜日)　9時00分
【方法】窓口／電話",https://www.yuto-maisaka-sports.com/maisaka/event/,,スポーツ,中央区,2026-06-15,,○,002461_00
221309,20260608422,静岡県,浜松市,はじめての体幹トレーニング(全6回),ハジメテノタイカントレーニング,,2026-09-10,,13:30,14:30,,【対象】一般,3300円,,舞阪総合体育館,(053)597-2800,,,浜松市舞阪総合体育館（舞童夢）,浜松市中央区舞阪町舞阪2623-32,,34.679390,137.612750,,,10人　先着順　人数が定員の半数に達しない場合、教室を中止する場合があります。,,,"申込必要
【申込開始】2026年08月15日(土曜日)　9時00分
【方法】窓口／電話",https://www.yuto-maisaka-sports.com/maisaka/event/,,スポーツ,中央区,2026-06-15,,○,002461_00
221309,20260608423,静岡県,浜松市,キッズ運動教室(全6回),キッズウンドウキョウシツ,,2026-09-03,,15:45,16:45,,【対象】3歳以上未就学児,3000円,,舞阪総合体育館,(053)597-2800,,,浜松市舞阪総合体育館（舞童夢）,浜松市中央区舞阪町舞阪2623-32,,34.679390,137.612750,,,20人　先着順　人数が定員の半数に達しない場合、教室を中止する場合があります。,,,"申込必要
【申込開始】2026年08月15日(土曜日)　9時00分
【方法】窓口／電話",https://www.yuto-maisaka-sports.com/maisaka/event/,,スポーツ,中央区,2026-06-15,,○,002461_00
221309,20260608424,静岡県,浜松市,楽しいレクリエーション(施設無料開放),タノシイレクリエーション,,2026-09-27,,13:00,16:00,,【対象】-,0円,,舞阪総合体育館,(053)597-2800,,,浜松市舞阪総合体育館（舞童夢）,浜松市中央区舞阪町舞阪2623-32,,34.679390,137.612750,,,,,,,https://www.yuto-maisaka-sports.com/maisaka/event/,,イベント,中央区,2026-06-15,,○,002461_00
221309,20260608425,静岡県,浜松市,行政相談委員による行政相談,,,2026-09-08,,10:00,12:00,,,,,西行政センター,(053)597-1115,,,西行政センター,浜松市中央区雄踏一丁目31番1号,相談室,34.692738,137.645291,,,,,,"申込不要
当日、直接会場へ",https://www.soumu.go.jp/kanku./chubu/shizuoka.html,,そうだん,中央区,2026-06-15,,,001568_00
221309,20260608426,静岡県,浜松市,大ホールピアノ開放,ダイホールピアノカイホウ,,2026-09-06,,9:00,17:00,,"【内容】大ホール所蔵のフルコンサートピアノを開放し25分間自由に演奏してもらう。
【対象】どなたでも
【条件】小学4年生以下の場合は保護者の帯同が必要",1800円,1枠25分　録音は別途200円,浜松市雄踏文化センター,(053)596-1100,,東海ビル管理(株),浜松市雄踏文化センター,浜松市中央区雄踏町宇布見5427,,34.701630,137.634487,,,16人　先着順　1組演奏者は2名まで,2026-09-05,21:30,"申込必要
【申込開始】2026年08月15日(土曜日)　9時00分
【方法】窓口／電話((053)596-1100)",http://yutobunka.birukan.jp,,イベント,中央区,2026-06-15,,○,002760_00
221309,20260608427,静岡県,浜松市,第3回雄踏吹奏楽フェスティバル,ダイサンカイユウトウスイソウガクフェスティバル,,2026-09-21,,10:00,17:00,,"【内容】浜松市西部地域を中心とした吹奏楽団を集めた吹奏楽フェスティバル
【対象】どなたでも",300円,パンフレット代,浜松市雄踏文化センター,(053)596-1100,,東海ビル管理(株),浜松市雄踏文化センター,浜松市中央区雄踏町宇布見5427,,34.701630,137.634487,,,600人　先着順,2026-09-20,21:30,"申込必要
【申込開始】2026年08月15日(土曜日)　9時00分
【方法】窓口／電話((053)596-1100)",http://yutobunka.birukan.jp,,イベント,中央区,2026-06-15,,○,002760_00
221309,20260608428,静岡県,浜松市,キッズトレーニング,キッズトレーニング,,2026-09-14,,16:30,17:30,,【対象】2歳～小学6年生,8800円,,雄踏総合体育館,(053)597-3500,,,浜松市雄踏総合体育館,浜松市中央区雄踏町宇布見9981-1,,34.702529,137.617374,,,30人　先着順　人数の定員の半数に達しない場合、教室を中止する場合があります,,,"申込必要
【申込開始】2026年08月15日(土曜日)　9時00分
【方法】窓口／ホームページ",https://www.yuto-maisaka-sports.com/yuto/event/,,スポーツ,中央区,2026-06-15,,○,002755_00
221309,20260608429,静岡県,浜松市,ピックルボール,ピックルボール,,2026-09-04,,10:00,11:30,,"【内容】手軽に始められるピックルボールを楽しもう！
【対象】小学生以上",1100円,"当日現金払い パドルレンタル料込",雄踏総合体育館,(053)597-3500,,,浜松市雄踏総合体育館,浜松市中央区雄踏町宇布見9981-1,,34.702529,137.617374,,,16人　先着順,,,"申込必要
【申込開始】2026年08月15日(土曜日)　9時00分
【方法】窓口／電話
窓口もしくは電話にてお申込み",https://www.yuto-maisaka-sports.com/yuto/event/,,スポーツ,中央区,2026-06-15,,×,002755_00
221309,20260608430,静岡県,浜松市,ピックルボール,ピックルボール,,2026-09-11,,10:00,11:30,,"【内容】手軽に始められるピックルボールを楽しもう！
【対象】小学生以上",1100円,"当日現金払い パドルレンタル料込",雄踏総合体育館,(053)597-3500,,,浜松市雄踏総合体育館,浜松市中央区雄踏町宇布見9981-1,,34.702529,137.617374,,,16人　先着順,,,"申込必要
【申込開始】2026年08月15日(土曜日)　9時00分
【方法】窓口／電話
窓口もしくは電話にてお申込み",https://www.yuto-maisaka-sports.com/yuto/event/,,スポーツ,中央区,2026-06-15,,×,002755_00
221309,20260608431,静岡県,浜松市,ピックルボール,ピックルボール,,2026-09-19,,19:00,20:30,,"【内容】手軽に始められるピックルボールを楽しもう！
【対象】小学生以上",1100円,"当日現金払い パドルレンタル料込",雄踏総合体育館,(053)597-3500,,,浜松市雄踏総合体育館,浜松市中央区雄踏町宇布見9981-1,,34.702529,137.617374,,,16人　先着順,,,"申込必要
【申込開始】2026年08月15日(土曜日)　9時00分
【方法】窓口／電話
窓口もしくは電話にてお申込み",https://www.yuto-maisaka-sports.com/yuto/event/,,スポーツ,中央区,2026-06-15,,×,002755_00
221309,20260608432,静岡県,浜松市,ピックルボール,ピックルボール,,2026-09-28,,13:00,14:30,,"【内容】手軽に始められるピックルボールを楽しもう！
【対象】小学生以上",1100円,"当日現金払い パドルレンタル料込",雄踏総合体育館,(053)597-3500,,,浜松市雄踏総合体育館,浜松市中央区雄踏町宇布見9981-1,,34.702529,137.617374,,,16人　先着順,,,"申込必要
【申込開始】2026年08月15日(土曜日)　9時00分
【方法】窓口／電話
窓口もしくは電話にてお申込み",https://www.yuto-maisaka-sports.com/yuto/event/,,スポーツ,中央区,2026-06-15,,×,002755_00
221309,20260608433,静岡県,浜松市,アカウミガメの卵を守る保護柵新設のためのクラウドファンディングにご協力をお願いします,アカウミガメホゴノクラウドファンディングニゴキョウリョクヲオネガイシマス,,2026-07-31,2026-10-28,,,,【内容】市ではアカウミガメの卵を保護する保護柵を新設するため、クラウドファンディングにより寄付金の募集をいたします。,,,南行政センターまちづくり推進,(053)425-1382,6651,,南行政センター,浜松市中央区江之島町600-1,,34.667355,137.752214,,,,,,クラウドファンディングサイトにて申込,https://www.city.hamamatsu.shizuoka.jp/shise/yosan/donation/index.html,,おしらせ,中央区,2026-06-15,2026-07-13,,002131_00
221309,20260608436,静岡県,浜松市,星空観望会,ホシゾラカンボウカイ,,2026-09-05,,19:30,21:00,,"【内容】星空を楽しむ観望会
【対象】どなたでも",,無料,浜松市天文台,(053)425-9158,,,浜松市天文台,浜松市中央区福島町242-1,,34.663684,137.768297,"バス:遠鉄バスターミナル7番「遠州浜」行き「福島」バス停下車
車:国道1号「福塚」交差点から国道150号(南)へ入り約5分",40台,300人　先着順　30分毎20組,2026-09-05,15:00,"申込必要
【締切】締切
【申込開始】2026年09月02日(水曜日)　13時00分
【方法】ホームページ",https://www.city.hamamatsu.shizuoka.jp/s-kumin/hao/,,イベント,中央区,2026-06-15,,○,004513_01
221309,20260608437,静岡県,浜松市,星空観望会,ホシゾラカンボウカイ,,2026-09-12,,19:30,21:00,,"【内容】星空を楽しむ観望会
【対象】どなたでも",,無料,浜松市天文台,(053)425-9158,,,浜松市天文台,浜松市中央区福島町242-1,,34.663684,137.768297,"バス:遠鉄バスターミナル7番「遠州浜」行き「福島」バス停下車
車:国道1号「福塚」交差点から国道150号(南)へ入り約5分",40台,300人　先着順　30分毎20組,2026-09-12,15:00,"申込必要
【締切】締切
【申込開始】2026年09月09日(水曜日)　13時00分
【方法】ホームページ",https://www.city.hamamatsu.shizuoka.jp/s-kumin/hao/,,イベント,中央区,2026-06-15,,○,004513_01
221309,20260608438,静岡県,浜松市,太陽・昼間の星観望会,タイヨウ・ヒルマノホシカンボウカイ,,2026-09-06,,14:00,16:00,,"【内容】太陽を専用機材で観察
【対象】どなたでも",,無料,浜松市天文台,(053)425-9158,,,浜松市天文台,浜松市中央区福島町242-1,,34.663684,137.768297,"バス:遠鉄バスターミナル7番「遠州浜」行き「福島」バス停下車
車:国道1号「福塚」交差点から国道150号(南)へ入り約5分",,,,,申込不要,https://www.city.hamamatsu.shizuoka.jp/s-kumin/hao/,,イベント,中央区,2026-06-15,,○,004513_01
221309,20260608440,静岡県,浜松市,めざせ！望遠鏡マスターコース,メザセ！ボウエンキョウマスターコース,,2026-09-05,,18:30,19:30,,"【内容】小中学生対象の簡単な取り扱い説明と実習
【対象】小中学生",,無料,浜松市天文台,(053)425-9158,,,浜松市天文台,浜松市中央区福島町242-1,,34.663684,137.768297,"バス:遠鉄バスターミナル7番「遠州浜」行き「福島」バス停下車
車:国道1号「福塚」交差点から国道150号(南)へ入り約5分",40台,6人　先着順　6人,2026-09-05,15:00,"申込必要
【締切】締切
【申込開始】2026年09月02日(水曜日)　13時00分
【方法】ホームページ",https://www.city.hamamatsu.shizuoka.jp/s-kumin/hao/,,イベント,中央区,2026-06-15,,○,004513_01
221309,20260608441,静岡県,浜松市,天文講座「宇宙と時間」,テンモンコウザ「ウチュウトジカン」,,2026-09-26,,15:00,16:30,,"【内容】「時間」という視点から、宇宙の不思議やスケールの大きさを分かりやすく紹介します。
【対象】高校生以上",,無料,浜松市天文台,(053)425-9158,,,浜松市天文台,浜松市中央区福島町242-1,,34.663684,137.768297,"バス:遠鉄バスターミナル7番「遠州浜」行き「福島」バス停下車
車:国道1号「福塚」交差点から国道150号(南)へ入り約5分",40台,30人　先着順　15組,2026-09-26,15:00,"申込必要
【締切】締切
【申込開始】2026年09月09日(水曜日)　13時00分
【方法】ホームページ",https://www.city.hamamatsu.shizuoka.jp/s-kumin/hao/,,イベント,中央区,2026-06-15,,○,004513_01
221309,20260608442,静岡県,浜松市,天文講演会,テンモンコウエンカイ,,2026-10-18,,14:00,15:30,,"【内容】天文に関する講演会
【対象】小学生以上
【講師】野辺山宇宙電波観測所　西村淳氏
【出演・演目など】世界最大級！野辺山45m電波望遠鏡で見た宇宙",,無料,浜松市天文台,(053)425-9158,,,浜松市天文台,浜松市中央区福島町242-1,,34.663684,137.768297,"バス:遠鉄バスターミナル7番「遠州浜」行き「福島」バス停下車
車:国道1号「福塚」交差点から国道150号(南)へ入り約5分",40台,100人　先着順　50組,2026-10-18,10:00,"申込必要
【締切】締切
【申込開始】2026年08月26日(水曜日)　13時00分
【方法】ホームページ",https://www.city.hamamatsu.shizuoka.jp/s-kumin/hao/,,イベント,中央区,2026-06-15,,○,004513_01
221309,20260608444,静岡県,浜松市,花台を作ろう　木曜コース,カダイヲツクロウ　モクヨウコース,,2026-09-03,,10:00,15:00,全4回,"【内容】天竜産の木材を使用して作ります。花瓶などの器の下に、自分で作った木製の花台を置けば、飾ったお花が映え、より一層愛着もわくでしょう。
【対象】18歳以上
【その他】応募多数は抽選",3000円,4回分,ビジターセンターバードピア浜北,(053)583-0443,,,静岡県立バードピア浜北,浜松市浜名区尾野2597-7,木工体験館,34.849232,137.780120,,,5人　抽選,2026-08-21,,"申込必要
【締切】締切
【方法】窓口／電話／FAX／ホームページ
※申し込みが定員に満たない場合は〆切日以降、先着順で受け付けます。",https://kenritsu-shinrinkouen.jp,,講座・教室,浜名区,2026-06-15,,,999999_01
221309,20260608445,静岡県,浜松市,花台を作ろう　土曜コース,カダイヲツクロウ　ドヨウコース,,2026-09-05,,10:00,15:00,全4回,"【内容】天竜産の木材を使用して作ります。花瓶などの器の下に、自分で作った木製の花台を置けば、飾ったお花が映え、より一層愛着もわくでしょう。
【対象】18歳以上
【その他】応募多数は抽選",3000円,4回分,ビジターセンターバードピア浜北,(053)583-0443,,,静岡県立バードピア浜北,浜松市浜名区尾野2597-7,木工体験館,34.849232,137.780120,,,5人　抽選,2026-08-21,,"申込必要
【締切】締切
【方法】窓口／電話／FAX／ホームページ
※申し込みが定員に満たない場合は〆切日以降、先着順で受け付けます。",https://kenritsu-shinrinkouen.jp,,講座・教室,浜名区,2026-06-15,,,999999_01
221309,20260608446,静岡県,浜松市,森のボタニカルワークショップ　アオモジ蒸留と香りづくり,モリノボタニカルワークショップ　アオモジジョウリュウとカオリヅクリ,,2026-09-29,,10:00,14:00,,"【内容】園内の除伐材を活かした精油作りを体験しませんか？アオモジを多彩なメニューで満喫します。
【対象】18歳以上
【その他】応募多数は抽選",2000円,,ビジターセンターバードピア浜北,(053)583-0443,,,静岡県立バードピア浜北,浜松市浜名区尾野2597-7,,34.849232,137.780120,,,12人　抽選,2026-09-16,,"申込必要
【締切】締切
【申込開始】2026年08月15日(土曜日)　
【方法】ホームページ
※申し込みが定員に満たない場合は〆切日以降、先着順で受け付けます。",https://kenritsu-shinrinkouen.jp,,講座・教室,浜名区,2026-06-15,,,999999_01
221309,20260608447,静岡県,浜松市,9月の一般開放,クガツノイッパンカイホウ,,2026-09-16,,9:00,12:00,,【内容】卓球,160円,,サーラグリーンアリーナ（浜北総合体育館）,(053)585-1222,,,浜松市浜北総合体育館（サーラグリーンアリーナ）,浜松市浜名区平口5042-133,,34.798113,137.758233,,,,,,申込不要,https://hamakita-greenarena.jp,,スポーツ,浜名区,2026-06-15,,○,002489_01
221309,20260608448,静岡県,浜松市,9月の一般開放,クガツノイッパンカイホウ,,2026-09-30,,9:00,12:00,,【内容】バドミントン／インディアカ／ファミリーバドミントン,160円,,サーラグリーンアリーナ（浜北総合体育館）,(053)585-1222,,,浜松市浜北総合体育館（サーラグリーンアリーナ）,浜松市浜名区平口5042-133,,34.798113,137.758233,,,,,,申込不要,https://hamakita-greenarena.jp,,スポーツ,浜名区,2026-06-15,,○,002489_01
221309,20260608449,静岡県,浜松市,9月の一般開放,クガツノイッパンカイホウ,,2026-09-09,,9:00,12:00,,【内容】バスケットボール,160円,,サーラグリーンアリーナ（浜北総合体育館）,(053)585-1222,,,浜松市浜北総合体育館（サーラグリーンアリーナ）,浜松市浜名区平口5042-133,,34.798113,137.758233,,,,,,申込不要,https://hamakita-greenarena.jp,,スポーツ,浜名区,2026-06-15,,○,002489_01
221309,20260608450,静岡県,浜松市,9月の一般開放,クガツノイッパンカイホウ,,2026-09-02,,9:00,12:00,,【内容】バウンドテニス,160円,,サーラグリーンアリーナ（浜北総合体育館）,(053)585-1222,,,浜松市浜北総合体育館（サーラグリーンアリーナ）,浜松市浜名区平口5042-133,,34.798113,137.758233,,,,,,申込不要,https://hamakita-greenarena.jp,,スポーツ,浜名区,2026-06-15,,○,002489_01
221309,20260608451,静岡県,浜松市,9月の一般開放,クガツノイッパンカイホウ,,2026-09-05,,19:00,21:00,,"【内容】スポーツ広場(陸上利用のみ)
【その他】平口サッカー場スポーツ広場は、専用利用のない時間帯も一般開放(個人利用)となりますので平口サッカー場または浜北総合体育館にお問い合わせください。",100円,,平口サッカー場、サーラグリーンアリーナ,"(053)585-1456,(053)585-1222",,,浜松市浜北平口サッカー場（サーラグリーンフィールド）,浜松市浜名区平口3071番地の1,,34.798052,137.759778,,,,,,申込不要,https://hamakita-greenarena.jp,,スポーツ,浜名区,2026-06-15,,○,002489_02
221309,20260608452,静岡県,浜松市,9月の一般開放,クガツノイッパンカイホウ,,2026-09-13,,19:00,21:00,,"【内容】スポーツ広場(陸上利用のみ)
【その他】平口サッカー場スポーツ広場は、専用利用のない時間帯も一般開放(個人利用)となりますので平口サッカー場または浜北総合体育館にお問い合わせください。",100円,,平口サッカー場、サーラグリーンアリーナ,"(053)585-1456,(053)585-1222",,,浜松市浜北平口サッカー場（サーラグリーンフィールド）,浜松市浜名区平口3071番地の1,,34.798052,137.759778,,,,,,申込不要,https://hamakita-greenarena.jp,,スポーツ,浜名区,2026-06-15,,○,002489_02
221309,20260608453,静岡県,浜松市,9月の一般開放,クガツノイッパンカイホウ,,2026-09-20,,19:00,21:00,,"【内容】スポーツ広場(陸上利用のみ)
【その他】平口サッカー場スポーツ広場は、専用利用のない時間帯も一般開放(個人利用)となりますので平口サッカー場または浜北総合体育館にお問い合わせください。",100円,,平口サッカー場、サーラグリーンアリーナ,"(053)585-1456,(053)585-1222",,,浜松市浜北平口サッカー場（サーラグリーンフィールド）,浜松市浜名区平口3071番地の1,,34.798052,137.759778,,,,,,申込不要,https://hamakita-greenarena.jp,,スポーツ,浜名区,2026-06-15,,○,002489_02
221309,20260608454,静岡県,浜松市,9月の一般開放,クガツノイッパンカイホウ,,2026-09-26,,19:00,21:00,,"【内容】スポーツ広場(陸上利用のみ)
【その他】平口サッカー場スポーツ広場は、専用利用のない時間帯も一般開放(個人利用)となりますので平口サッカー場または浜北総合体育館にお問い合わせください。",100円,,平口サッカー場、サーラグリーンアリーナ,"(053)585-1456,(053)585-1222",,,浜松市浜北平口サッカー場（サーラグリーンフィールド）,浜松市浜名区平口3071番地の1,,34.798052,137.759778,,,,,,申込不要,https://hamakita-greenarena.jp,,スポーツ,浜名区,2026-06-15,,○,002489_02
221309,20260608455,静岡県,浜松市,なゆた・浜北25周年記念事業　楽しい手作り講座(5)ユーカリ香るフレッシュリース作り,ナユタハマキタニジュウゴシュウネンキネンジギョウタノシイテヅクリコウザユーカリカオルフレッシュリースヅクリ,,2026-09-26,,13:30,15:30,,"【内容】爽やかな香りと見た目の可愛らしさ、ユーカリのリースは魅力的です。お子様から大人までのご参加をお待ちしています。
【講師】フレッシュリース専門店
happy swag358
富永　美紀子",1000円,材料費を含む※記念事業特別料金,なゆた浜北,(053)585-0611,,,浜松市なゆた・浜北,浜松市浜名区貴布祢3000,,34.791664,137.783231,,,12人　抽選,2026-08-25,,"申込必要
【締切】締切
【申込開始】2026年08月20日(木曜日)　
【方法】窓口／電話／ホームページ／E-mail(nayuta@yr.tnc.ne.jp)",http://www.nayuta-hamakita.jp,,講座・教室,浜名区,2026-06-15,,,000106_00
221309,20260608456,静岡県,浜松市,なゆた・浜北25周年記念事業　健康講座　いすヨガ体験会,ナユタハマキタニジュウゴシュウネンキネンジギョウケンコウコウザイスヨガタイケンカイ,,2026-09-09,,10:00,11:30,,"【内容】いくつになっても自分で歩くカラダ目指して！！誰でも気軽に出来る・運動苦手でもOK・座ってカラダゆるゆるほぐしましょう！
【対象】18歳以上(大人)
【講師】ヨガインストラクター　山本あきこ
【その他】持ち物:タオル、飲み物、動きやすい服装",500円,,なゆた浜北,(053)585-0611,,,浜松市なゆた・浜北,浜松市浜名区貴布祢3000,,34.791664,137.783231,,,16人　抽選,2026-08-25,,"申込必要
【締切】締切
【申込開始】2026年08月20日(木曜日)　
【方法】窓口／電話／ホームページ／E-mail(nayuta@yr.tnc.ne.jp)",http://www.nayuta-hamakita.jp,,講座・教室,浜名区,2026-06-15,,,000106_00
221309,20260608457,静岡県,浜松市,なゆた・浜北25周年記念事業　懐かしの昭和歌謡コンサート,ナユタハマキタニジュウゴシュウネンキネンジギョウナツカシノショウワカヨウコンサート,,2026-09-25,,13:00,,開場12:30,"【内容】胸が高鳴る懐かしの名曲たち　あの時、あの場所で歌った曲・・・懐かしのあの歌を楽しみましょう！
【出演・演目など】出演者:宇都宮　直高、池松　日佳瑠
他演奏者3名(ピアノ・バイオリン・サックス)",,"(自由席)
前売2,500円
当日3,000円",なゆた浜北,(053)585-0611,,,浜松市なゆた・浜北,浜松市浜名区貴布祢3000,,34.791664,137.783231,,,先着順　377,,,"申込必要
【方法】窓口
なゆた浜北窓口及びチケットぴあ",http://www.nayuta-hamakita.jp,,おんがく,浜名区,2026-06-15,,,000106_00
221309,20260608458,静岡県,浜松市,とび込め！今しかできない劇づくり～中学生のための演劇ワークショップ～,トビコメ！イマシカデキナイゲキヅクリ～チュウガクセイノタメノエンゲキワークショップ～,,2026-10-17,2026-10-18,14:00,17:00,2日間連続受講,"【内容】中学生対象の演劇ワークショップ
【対象】中学1～3年生",0円,無料,浜北文化センター,(053)586-5151,,,浜松市浜北文化センター,浜松市浜名区貴布祢291-1,,34.794439,137.783274,,,15人　抽選,2026-09-13,,"申込必要
【締切】締切
【申込開始】2026年08月15日(土曜日)　10時00分
【方法】ホームページ",https://www.hcf.or.jp/facilities/hkb/,,講座・教室,浜名区,2026-06-15,2026-07-13,○,002410_00
221309,20260608459,静岡県,浜松市,ゆるやかコンサート,ユルヤカコンサート,,2026-09-03,,10:30,11:20,,【内容】小さなお子様が声を出しても、周囲に気がねなく楽しめるコンサート,1000円,中学生以下は無料,浜北文化センター,(053)586-5151,,,浜松市浜北文化センター,浜松市浜名区貴布祢291-1,,34.794439,137.783274,,,200人　先着順,,,"申込必要
【申込開始】2026年08月15日(土曜日)　9時00分
【方法】ホームページ",https://www.hcf.or.jp/facilities/hkb/,,おんがく,浜名区,2026-06-15,2026-07-13,○,002410_00
221309,20260608460,静岡県,浜松市,染めで学ぼう「ヤマモモ」,,,2026-09-10,,10:00,12:00,,,2500円,,万葉の森公園,(053)586-8700,,,万葉の森公園,浜松市浜名区平口5051-1,,34.801440,137.760556,,,12人　先着順,,,"申込必要
【申込開始】2026年08月15日(土曜日)　9時00分
【方法】窓口／電話",https://manyou.hama-park.jp/,,イベント,浜名区,2026-06-15,,○,002677_00
221309,20260608461,静岡県,浜松市,四季の集い「ヒガンバナと柿本人麻呂」,,,2026-09-27,,13:30,15:30,,,500円,抹茶とお菓子つき,万葉の森公園,(053)586-8700,,,万葉の森公園,浜松市浜名区平口5051-1,,34.801440,137.760556,,,20人　先着順,,,"申込必要
【申込開始】2026年08月15日(土曜日)　9時00分
【方法】窓口／電話",https://manyou.hama-park.jp/,,イベント,浜名区,2026-06-15,,○,002677_00
221309,20260608462,静岡県,浜松市,舟橋弘子の万葉コンサート,,,2026-09-26,,,,"11:00～11:30
13:30～14:00",【内容】万葉歌アーティスト・舟橋弘子さんが万葉歌にメロディーをつけて歌います。,,無料,万葉の森公園,(053)586-8700,,,万葉の森公園,浜松市浜名区平口5051-1,,34.801440,137.760556,,,,,,"申込不要
当日、直接会場へ",https://manyou.hama-park.jp/,,イベント,浜名区,2026-06-15,,○,002677_00
221309,20260608463,静岡県,浜松市,万葉食講座「作って楽しむ究極の健康食万葉食(万葉時代の貴族の食事体験:秋メニュー)」,,,2026-09-12,,9:30,13:00,,【その他】エプロン、三角巾,1500円,昼食代含む,万葉の森公園,(053)586-8700,,,万葉の森公園,浜松市浜名区平口5051-1,,34.801440,137.760556,,,30人　先着順,,,"申込必要
【申込開始】2026年08月15日(土曜日)　9時00分
【方法】窓口／電話",https://manyou.hama-park.jp/,,イベント,浜名区,2026-06-15,,○,002677_00
221309,20260608464,静岡県,浜松市,万葉の森公園の季節の公園散策(解説付き),,,2026-09-06,,11:00,,40分程度,,,無料,万葉の森公園,(053)586-8700,,,万葉の森公園,浜松市浜名区平口5051-1,,34.801440,137.760556,,,,,,"申込不要
当日、直接会場へ",https://manyou.hama-park.jp/,,イベント,浜名区,2026-06-15,,○,002677_00
221309,20260608465,静岡県,浜松市,万葉の森公園の季節の公園散策(解説付き),,,2026-09-20,,11:00,,40分程度,,,無料,万葉の森公園,(053)586-8700,,,万葉の森公園,浜松市浜名区平口5051-1,,34.801440,137.760556,,,,,,"申込不要
当日、直接会場へ",https://manyou.hama-park.jp/,,イベント,浜名区,2026-06-15,,○,002677_00
221309,20260608466,静岡県,浜松市,万葉植物等を描く絵手紙体験,,,2026-09-27,,10:00,14:30,随時受付,,300円,材料代として,万葉の森公園,(053)586-8700,,,万葉の森公園,浜松市浜名区平口5051-1,,34.801440,137.760556,,,,,,"申込不要
当日、直接会場へ",https://manyou.hama-park.jp/,,イベント,浜名区,2026-06-15,,○,002677_00
221309,20260608467,静岡県,浜松市,月見の会　中秋の名月を一緒に楽しもう！よさこい踊り・月見のお話会,ツキミノカイチュウシュウノメイゲツヲイッショニタノシモウ！ヨサコイオドリ・ツキミノオハナシカイ,,2026-09-26,,17:00,18:00,,"【内容】よさこい平松連踊り・細江図書館の月見のお話会
【対象】全員
【条件】なし
【出演・演目など】よさこい平松連よさこい踊り　細江図書館の月見のお話会",,大人1000円(入所料込)　子供700円,気賀関所,(053)523-2855,,気賀関所,浜松市気賀関所,浜松市浜名区細江町気賀4577,,34.806289,137.648906,,奥浜名湖田園空間博物館駐車場,50人　先着順,2026-09-16,15:00,"申込必要
【締切】締切
【申込開始】2026年08月15日(土曜日)　10時00分
【方法】窓口／電話((053)523-2855)／E-mail(kigasekisho@yataro.com)",,,イベント,浜名区,2026-06-15,2026-07-13,○,000479_00
221309,20260608468,静岡県,浜松市,小和田泰経氏講演会『おんな城主直虎10周年によせて～戦国遠江・三河と引佐～』,オワダヤスツネシコウエンカイ「オンナジョウシュナオトラジュウシュウネンニヨセテ～センゴクトオトウミ・ミカワトイナサ～,,2026-10-17,,13:30,15:15,,"【内容】歴史ドラマを題材にした講演会
【講師】小和田泰経
【出演・演目など】演題:おんな城主直虎10周年によせて～戦国遠江・三河と引佐～",600円,前売券600円　当日券800円　全席自由,引佐多目的研修センター,(053)542-0250,,引佐多目的研修センター,浜松市引佐多目的研修センター,浜松市浜名区引佐町井伊谷248-186,,34.835055,137.671523,,,300人　先着順,,,"申込必要
【申込開始】2026年08月18日(火曜日)　9時00分
【方法】窓口／電話((053)542-0250)／E-mail(inasatamoku@birukan.com)
メールは、代表者名(フリガナ)、チケット枚数、連絡先電話番号、住所を明記して申し込み。前売予約が定員に達した場合、当日券はキャンセル分のみの販売となります。",https://www.birukan.jp/inasatamoku/,,おしらせ,浜名区,2026-06-15,,○,000252_00
221309,20260608474,静岡県,浜松市,第8回MIBU吹奏楽フェスティバル,ダイハチカイミブスイソウガクフェスティバル,,2026-11-03,,14:00,17:00,,【内容】天竜浜名湖鉄道沿線の高校を中心とした吹奏楽フェスティバル,,全席自由　前売り500円　当日800円,浜松市天竜壬生ホール,(053)922-3301,,(公財)浜松市文化振興財団,浜松市天竜壬生ホール,浜松市天竜区二俣町二俣20-2,,34.858793,137.815750,,無料駐車場有,,,,窓口10時～　販売開始,https://www.hcf.or.jp/facilities/mibu/,,おしらせ,天竜区,2026-06-15,,○,001989_00
221309,20260615480,静岡県,浜松市,第27回静岡県市町対抗駅伝競走大会　選手選考会,ダイニジュウナナカイシズオカケンシチョウタイコウエキデンキョウソウタイカイ　センシュセンコウカイ,,2026-09-21,,,,14:30～18:00(予定),"【内容】浜松市チームの選手選考会を開催します。
【対象】小学生、一般、40歳以上
【条件】大会当日(12月5日(土))に参加できる人",,,スポーツ振興課,(053)457-2421,2421,,"四ツ池公園 陸上競技場",浜松市中央区上島六丁目19-2,,34.744045,137.734501,,,,2026-09-04,,"申込必要
【締切】締切
【方法】ホームページ",https://www.city.hamamatsu.shizuoka.jp/sports/sports/ekiden.html,,スポーツ,中央区,2026-06-15,,,002785_00
221309,20260615481,静岡県,浜松市,第71回浜松市障がい者「すまいる」スポーツ大会,ダイナナジュウイッカイハママツシショウガイシャスマイルスポーツタイカイ,,2026-09-12,,,,9:00～12:00(予定),【内容】第71回浜松市障がい者「すまいる」スポーツ大会を開催します。,,,スポーツ振興課,(053)457-2421,,,浜松市浜北総合体育館（サーラグリーンアリーナ）,浜松市浜名区平口5042-133,,34.798113,137.758233,,,,2026-08-21,,"申込必要
【締切】締切
【方法】ホームページ",,,スポーツ,浜名区,2026-06-15,,,002489_01
221309,20260618998,静岡県,浜松市,"プラネタリウム「彗星と行く！ 太陽系一周ツアー！」",プラネタリウム「スイセイトイク！タイヨウケイイッシュウツアー」,,2026-07-14,2026-09-18,,,平日14:20～15:15、土日祝13:00～13:55、15:40～16:35,"【内容】今年の夏はプラネタリウムで太陽系一周ツアー！
ツアーガイドは40年前にやってきた○○○彗星！？
彗星と一緒に、惑星を巡る旅に出かけよう！
【対象】どなたでも",,"【常設展入場料+プラネタリウム1回分観覧料】大人1.100円　中人550円　中学生以下・70歳以上 無料",浜松科学館,(053)454-0178,,,浜松科学館,浜松市中央区北寺島町256-3,,34.705034,137.739694,,,190人　先着順,,,申込不要,https://www.mirai-ra.jp,,イベント,中央区,2026-06-18,,○,005123_00
221309,20260618997,静岡県,浜松市,漢字の起源を大谷青嵐先生から学ぼう講演会,カンジノキゲンヲオオタニセイランセンセイカラマナボウコウエンカイ,,2026-09-20,,14:00,16:30,,"【内容】中央区中地域に関係する漢字や健康に関する漢字の起源を解説する市民向け講座を開催する。
【対象】どなたでも
【講師】大谷青嵐先生",0円,,浜松書楽会,(090)8422-4801,,浜松書楽会,アクトシティ浜松,浜松市中央区板屋町111-1,コングレスセンター31会議室,34.705528,137.735724,,,500人　先着順,,,"申込必要
【締切】締切
【申込開始】2026年08月15日(土曜日)　
【方法】ホームページ
申込フォーム(QRコード)に(1)氏名(2)住所(町名まで)(3)年齢層を入力
募集の終了は定員に達するまで",https://hamamatsushorakukai.studio.site/#contact,,イベント,中央区,2026-06-18,2026-07-13,,000015_00
221309,20260707001,静岡県,浜松市,一般向け学習講座「家具で命を落とさないために～今すぐ取り組む家庭の地震対策～」,イッパンムケガクシュウコウザ「カグデイノチヲオトサナイタメニ～イマスグトリクムカテイノジシンタイサク～」,,2026-10-25,,10:00,11:30,,"【内容】自宅内で多くの犠牲者が出た阪神・淡路大震災以降、家具対策の重要性が語られてきましたが、その後の地震においても、家具の転倒や本の落下で命を落とす事例は繰り返し発生しています。「命を守る家」にするために、家具による犠牲の要因を調査・研究してきた講師から、今見直しておきたい大切な備えについてお伝えいただきます。
【対象】どなたでも
【講師】あんどうりす 氏(国立研究開発法人　防災科学技術研究所　客員研究員)
【出演・演目など】浜松市防災学習センター一般向け学習講座",0円,無料,浜松市防災学習センター,(053)474-8555,,浜松市防災学習センター,浜松市防災学習センター,浜松市中央区山下町192,,34.718456,137.729544,,無料駐車場有,40人　抽選　応募多数時、抽選,2026-10-13,23:59,"申込必要
【締切】必着
【方法】郵送(430-0941　浜松市中央区山下町192番地　浜松市防災学習センター)／ホームページ
お申し込みは防災学習センターの講座申込フォームもしくは往復はがき郵送で",https://www.hamabosai.jp/event/,,講座・教室,中央区,2026-07-13,,○,005095_00
221309,20260707002,静岡県,浜松市,外国人のための無料行政書士相談・外国人と日本人との間のトラブルの調停(行政書士ADR),ガイコクジンノタメノムリョウギョウセイショシソウダン・ガイコクジントニホンジントノアイダノトラブルノチョウテイ,,2026-10-03,,13:00,16:00,,"【内容】在留、自動車登録、国籍、結婚などの手続きの相談及び家庭、学校、職場、地域における外国人と日本人の間の文化的価値観の違いによるトラブル
【対象】外国人およびその代理人、外国人と利害関係にある日本人
【その他】ポルトガル語、英語、中国語、フィリピノ語、スペイン語、ベトナム語、インドネシア語などに対応(他の言語は応相談)",,,多文化共生センター,(053)458-2170,,,クリエート浜松,浜松市中央区早馬町2-1,,34.710326,137.733836,,,4人　先着順,2026-09-30,17:00,"申込必要
【締切】締切
【申込開始】2026年09月15日(火曜日)　9時00分
【方法】窓口／電話",https://www.hi-hice.jp/ja/event-calendar/?event-month=202610,,そうだん,中央区,2026-07-13,,,004149_00
221309,20260707003,静岡県,浜松市,外国人のための無料弁護士相談,ガイコクジンノタメノムリョウベンゴシソウダン,,2026-10-10,,13:00,16:00,,"【内容】法律に関するトラブル全般に関する相談
【対象】外国人およびその代理人、外国人と利害関係にある日本人
【その他】ポルトガル語、英語、中国語、フィリピノ語、スペイン語、ベトナム語、インドネシア語などに対応(他の言語は応相談)",,,多文化共生センター,(053)458-2170,,,クリエート浜松,浜松市中央区早馬町2-1,,34.710326,137.733836,,,4人　先着順,2026-10-07,17:00,"申込必要
【締切】締切
【申込開始】2026年09月15日(火曜日)　9時00分
【方法】窓口／電話",https://www.hi-hice.jp/ja/event-calendar/?event-month=202610,,そうだん,中央区,2026-07-13,,,004149_00
221309,20260707004,静岡県,浜松市,外国人のための無料社労士相談,ガイコクジンノタメノムリョウシャロウシソウダン,,2026-10-22,,13:00,16:00,,"【内容】社会保険や労務に関する相談
【対象】外国人およびその代理人、外国人と利害関係にある日本人
【その他】ポルトガル語、英語、中国語、フィリピノ語、スペイン語、ベトナム語、インドネシア語などに対応(他の言語は応相談)",,,多文化共生センター,(053)458-2170,,,クリエート浜松,浜松市中央区早馬町2-1,,34.710326,137.733836,,,4人　先着順,2026-10-19,17:00,"申込必要
【締切】締切
【申込開始】2026年09月15日(火曜日)　9時00分
【方法】窓口／電話",https://www.hi-hice.jp/ja/event-calendar/?event-month=202610,,そうだん,中央区,2026-07-13,,,004149_00
221309,20260707005,静岡県,浜松市,外国人のための無料弁護士相談,ガイコクジンノタメノムリョウベンゴシソウダン,,2026-10-29,,13:00,16:00,,"【内容】法律に関するトラブル全般に関する相談
【対象】外国人およびその代理人、外国人と利害関係にある日本人
【その他】ポルトガル語、英語、中国語、フィリピノ語、スペイン語、ベトナム語、インドネシア語などに対応(他の言語は応相談)",,,多文化共生センター,(053)458-2170,,,クリエート浜松,浜松市中央区早馬町2-1,,34.710326,137.733836,,,8人　先着順,2026-10-26,17:00,"申込必要
【締切】締切
【申込開始】2026年09月15日(火曜日)　9時00分
【方法】窓口／電話",https://www.hi-hice.jp/ja/event-calendar/?event-month=202610,,そうだん,中央区,2026-07-13,,,004149_00
221309,20260707006,静岡県,浜松市,在留資格に関する無料相談,ザイリュウシカクニカンスルムリョウソウダン,,2026-11-05,,13:00,16:00,,"【内容】在留資格手続き申請の個別相談
【対象】外国人相談者本人
【その他】ポルトガル語、英語、中国語、フィリピノ語、スペイン語、ベトナム語、インドネシア語などに対応(他の言語は応相談)",,,多文化共生センター,(053)458-2170,,,クリエート浜松,浜松市中央区早馬町2-1,,34.710326,137.733836,,,4人　先着順,2026-10-31,17:00,"申込必要
【締切】締切
【申込開始】2026年09月15日(火曜日)　9時00分
【方法】窓口／電話",https://www.hi-hice.jp/ja/event-calendar/?event-month=202610,,そうだん,中央区,2026-07-13,,,004149_00
221309,20260707007,静岡県,浜松市,新しく浜松で生活を始めた外国人材とその帯同家族のための生活オリエンテーション,,,2026-10-28,,10:00,12:00,,"【内容】暮らしのアドバイスおよび座談会
【対象】外国人市民",,,多文化共生センター,(053)458-2170,,,クリエート浜松,浜松市中央区早馬町2-1,,34.710326,137.733836,,,20人　先着順,2026-10-25,17:00,"申込必要
【締切】締切
【申込開始】2026年09月15日(火曜日)　9時00分
【方法】窓口／電話／ホームページ／E-mail",https://www.hi-hice.jp/ja/event-calendar/?event-month=202610,,講座・教室,中央区,2026-07-13,,○,004149_00
221309,20260707008,静岡県,浜松市,浜松市ブリッジビルダー育成講座「知って友達NIKKEI人～令和の日系人事情～」,,,2026-10-17,2026-12-19,13:30,16:30,"(1)第1回　10月17日(土)13:30-16:30
(2)第2回　11月7日(土)18:00-20:30
(3)第3回　12月19日(土)13:30-16:30","【内容】(1)第1回「日系人とは？歴史と現在」(講師:ノートルダム清心女子大学　講師　長村裕佳子氏)
(2)第2回「ブラジルの日系人」(講師:タレント　シモネ氏)
(3)第3回「お隣さんは日系人」(ファシリテーター:三田景子氏)
【対象】在住日系人についてもっと知りたい方、関わりたいなと考えている浜松市の方
【条件】※3回連続参加できる人を優先受付
【講師】長村裕佳子氏／シモネ氏／三田景子氏",,,多文化共生センター,(053)458-2170,,,クリエート浜松,浜松市中央区早馬町2-1,,34.710326,137.733836,,,50人　先着順,,,"申込必要
【申込開始】2026年09月15日(火曜日)　9時00分
【方法】窓口／電話／ホームページ／E-mail",https://www.hi-hice.jp/ja/event-calendar/?event-month=202610,,講座・教室,中央区,2026-07-13,,,004149_00
221309,20260707009,静岡県,浜松市,やらまいか！浜松モビリティフェスタ,ヤラマイカ！ハママツモビリティフェスタ,,2026-10-08,,11:00,16:00,,"【内容】運転寿命延伸に係るブース出展、免許返納後のサポカー体験、次世代モビリティの展示。子供向けに白バイ、パトカー等展示。
【対象】市内在住の高齢者、またはその家族。児童。",,,損害保険ジャパン株式会社,(053)456-4939,,損害保険ジャパン株式会社浜松支店,遠鉄自動車学校,浜松市中央区小池町1552,,34.747948,137.752564,,,,,,申込不要,https://www.city.hamamatsu.shizuoka.jp/mobilityconsortium/mobifes.html,,イベント,中央区,2026-07-13,,○,
221309,20260707010,静岡県,浜松市,令和9・10年度の入札参加資格審査申請の定期審査,,,2026-11-04,2026-11-30,9:30,16:00,,【対象】市の入札等に参加を希望する者(※令和7・8年度入札参加資格者名簿登録者も申請が必要),,,調達課,(053)457-2173,,,浜松市役所,浜松市中央区元城町103-2,入札室(市役所北館5階),34.711085,137.726132,,,,,,申込不要,https://www.city.hamamatsu.shizuoka.jp/tyotatu/bid/qualification/index.html,,おしらせ,中央区,2026-07-13,,×,002666_00
221309,20260707011,静岡県,浜松市,eLTAXやeL-QRを利用したサービスを停止します,,,2026-09-19,2026-09-24,0:00,8:30,,【内容】システム更改に伴うサービス停止のため、eLTAXを使用した市税の電子申告やeL-QRを利用した市税の電子納付ができません。,,,税務総務課,(053)457-2261,,,,,,,,,,,,,,https://www.city.hamamatsu.shizuoka.jp/zei-soumu/news/r809service.html,,おしらせ,,2026-07-13,,,
221309,20260707012,静岡県,浜松市,個人事業者の記帳と消費税(インボイス制度等)の個別指導会,コジンジギョウシャノキチョウトショウヒゼイ(インボイスセイドトウ)ノコベツシドウカイ,,2026-10-01,2026-10-28,9:00,16:00,"10/1.2.5.9.14.16.21.23.26.28 受付時間　9:00～11:30 13:30～16:00","【内容】個人事業者(事業・不動産)の記帳、消費税(インボイス制度)の説明等、業種や実務に応じた個別指導を行います。※帳簿や関係資料等を持参してください。
【対象】市民
【条件】なし
【講師】東海税理士会浜松西支部　派遣税理士(公社)浜松西青色申告会　職員",0円,,（公社）浜松西青色申告会　事務局,(053)454-2101,,(公社)浜松西青色申告会,浜松青色会館,浜松市中央区中央2丁目10-1,5階,34.709516,137.737764,,,200人　先着順　各日、午前10名・午後10名　1人30分程度、受付順に指導、時間指定不可,2026-09-30,,"申込必要
【締切】締切
【申込開始】2026年09月16日(水曜日)　
【方法】電話((053)454-2101)",https://www.hamanishi.aoiro.com,,講座・教室,中央区,2026-07-13,,,
221309,20260707013,静岡県,浜松市,わかりやすいパソコン会計研修会,ワカリヤスイパソコンカイケイケンシュウカイ,,2026-10-16,,18:30,20:30,,"【内容】会計ソフト(弥生会計)の操作について　入力練習・帳票の見方・チェックポイントについて　＊研修用データを使用します。
【対象】市民
【条件】なし
【講師】(公社)浜松西青色申告会　職員",0円,,（公社）浜松西青色申告会　事務局,(053)454-2101,,(公社)浜松西青色申告会,浜松青色会館,浜松市中央区中央2丁目10-1,5階,34.709516,137.737764,,,10人　先着順,2026-10-05,,"申込必要
【締切】締切
【申込開始】2026年09月16日(水曜日)　
【方法】電話((053)454-2101)",https://www.hamanishi.aoiro.com,,講座・教室,中央区,2026-07-13,,,
221309,20260707014,静岡県,浜松市,税理士による無料税務相談(予約制),ゼイリシニヨルムリョウゼイムソウダン(ヨヤクセイ),,2026-10-01,,13:30,16:30,,,,,東海税理士会浜松西支部,(053)453-1621,,東海税理士会浜松西支部,浜松市くらしのセンター,浜松市中央区海老塚町51-1,,34.702305,137.731964,,,12人　先着順,,,"申込必要
【申込開始】2026年09月17日(木曜日)　9時00分
【方法】電話((053)453-1621)
予約受付:平日9:00～15:00",https://www.city.hamamatsu.shizuoka.jp/kurashi/soudankai.html,,そうだん,中央区,2026-07-13,,,005359_01
221309,20260707015,静岡県,浜松市,税理士による無料税務相談(予約制),ゼイリシニヨルムリョウゼイムソウダン(ヨヤクセイ),,2026-11-05,,13:30,16:30,,,,,東海税理士会浜松西支部,(053)453-1621,,東海税理士会浜松西支部,浜松市くらしのセンター,浜松市中央区海老塚町51-1,,34.702305,137.731964,,,12人　先着順,,,"申込必要
【申込開始】2026年10月20日(火曜日)　9時00分
【方法】電話((053)453-1621)
予約受付:平日9:00～15:00",https://www.city.hamamatsu.shizuoka.jp/kurashi/soudankai.html,,そうだん,中央区,2026-07-13,,,005359_01
221309,20260707016,静岡県,浜松市,税理士による無料税務相談(予約制),ゼイリシニヨルムリョウゼイムソウダン(ヨヤクセイ),,2026-12-03,,13:30,16:30,,,,,東海税理士会浜松西支部,(053)453-1621,,東海税理士会浜松西支部,浜松市くらしのセンター,浜松市中央区海老塚町51-1,,34.702305,137.731964,,,12人　先着順,,,"申込必要
【申込開始】2026年11月18日(水曜日)　9時00分
【方法】電話((053)453-1621)
予約受付:平日9:00～15:00",https://www.city.hamamatsu.shizuoka.jp/kurashi/soudankai.html,,そうだん,中央区,2026-07-13,,,005359_01
221309,20260707017,静岡県,浜松市,登記関連「相続・境界・農地転用」相談会(予約制),トウキカンレン「ソウゾク・キョウカイ・ノウチテンヨウ」ソウダンカイ(ヨヤクセイ),,2026-10-01,,13:30,16:30,,,,,行政書士会土地家屋調査士会二会合同事務局,(053)474-4848,,静岡県行政書士会西遠支部,浜松市くらしのセンター,浜松市中央区海老塚町51-1,,34.702305,137.731964,,,18人　先着順,,,"申込必要
【申込開始】2026年09月18日(金曜日)　9時30分
【方法】電話((053)474-4848)
予約受付:平日9:30～16:00",https://www.3-kai.jp/tochikaoku/,,そうだん,中央区,2026-07-13,,,005359_01
221309,20260707018,静岡県,浜松市,登記関連「相続・境界・農地転用」相談会(予約制),トウキカンレン「ソウゾク・キョウカイ・ノウチテンヨウ」ソウダンカイ(ヨヤクセイ),,2026-11-05,,13:30,16:30,,,,,行政書士会土地家屋調査士会二会合同事務局,(053)474-4848,,静岡県行政書士会西遠支部,浜松市くらしのセンター,浜松市中央区海老塚町51-1,,34.702305,137.731964,,,18人　先着順,,,"申込必要
【申込開始】2026年10月26日(月曜日)　9時30分
【方法】電話((053)474-4848)
予約受付:平日9:30～16:00",https://www.3-kai.jp/tochikaoku/,,そうだん,中央区,2026-07-13,,,005359_01
221309,20260707019,静岡県,浜松市,登記関連「相続・境界・農地転用」相談会(予約制),トウキカンレン「ソウゾク・キョウカイ・ノウチテンヨウ」ソウダンカイ(ヨヤクセイ),,2026-12-03,,13:30,16:30,,,,,行政書士会土地家屋調査士会二会合同事務局,(053)474-4848,,静岡県行政書士会西遠支部,浜松市くらしのセンター,浜松市中央区海老塚町51-1,,34.702305,137.731964,,,18人　先着順,,,"申込必要
【申込開始】2026年11月24日(火曜日)　9時30分
【方法】電話((053)474-4848)
予約受付:平日9:30～16:00",https://www.3-kai.jp/tochikaoku/,,そうだん,中央区,2026-07-13,,,005359_01
221309,20260707020,静岡県,浜松市,登記関連「相続・境界・農地転用」相談会(予約制),トウキカンレン「ソウゾク・キョウカイ・ノウチテンヨウ」ソウダンカイ(ヨヤクセイ),,2026-10-13,,9:30,11:30,,,,,行政書士会土地家屋調査士会二会合同事務局,(053)474-4848,,静岡県行政書士会西遠支部,浜名区役所,浜松市浜名区貴布祢3000,,34.791664,137.783231,,,12人　先着順,,,"申込必要
【申込開始】2026年09月18日(金曜日)　9時30分
【方法】電話((053)474-4848)
予約受付:平日9:30～16:00",https://www.3-kai.jp/tochikaoku/,,そうだん,浜名区,2026-07-13,,,002404_00
221309,20260707021,静岡県,浜松市,登記関連「相続・境界・農地転用」相談会(予約制),トウキカンレン「ソウゾク・キョウカイ・ノウチテンヨウ」ソウダンカイ(ヨヤクセイ),,2026-12-08,,9:30,11:30,,,,,行政書士会土地家屋調査士会二会合同事務局,(053)474-4848,,静岡県行政書士会西遠支部,浜名区役所,浜松市浜名区貴布祢3000,,34.791664,137.783231,,,12人　先着順,,,"申込必要
【申込開始】2026年11月24日(火曜日)　9時30分
【方法】電話((053)474-4848)
予約受付:平日9:30～16:00",https://www.3-kai.jp/tochikaoku/,,そうだん,浜名区,2026-07-13,,,002404_00
221309,20260707022,静岡県,浜松市,くらし・行政の困りごと相談所(予約優先制),クラシ・ギョウセイノコマリゴトソウダンショ(ヨヤクユウセンセイ),,2026-10-01,,13:00,16:00,,,,,総務省静岡行政監視行政相談センター,(054)254-6451,,総務省静岡行政監視行政相談センター,浜松市男女共同参画・文化芸術活動推進センター（あいホール）,浜松市中央区幸三丁目3-1,,34.741648,137.726455,,,先着順,,,"申込必要
【申込開始】2026年09月15日(火曜日)　9時00分
【方法】電話((054)254-6451)
予約受付:平日9:00～16:00",https://www.soumu.go.jp/kanku/chubu/shizuoka.html,,そうだん,中央区,2026-07-13,,,004617_00
221309,20260707023,静岡県,浜松市,登記関連「相続・境界・農地転用」相談会(予約制),トウキカンレン「ソウゾク・キョウカイ・ノウチテンヨウ」ソウダンカイ(ヨヤクセイ),,2026-10-18,,13:30,15:30,,,,,行政書士会土地家屋調査士会二会合同事務局,(053)474-4848,,静岡県行政書士会西遠支部,浜松市雄踏文化センター,浜松市中央区雄踏町宇布見5427,,34.701630,137.634487,,,先着順,,,"申込必要
【申込開始】2026年09月18日(金曜日)　9時30分
【方法】電話((053)474-4848)
予約受付:平日9:30～16:00",https://www.3-kai.jp/tochikaoku/,,そうだん,中央区,2026-07-13,,,002760_00
221309,20260707024,静岡県,浜松市,登記関連「相続・境界・農地転用」相談会(予約制),トウキカンレン「ソウゾク・キョウカイ・ノウチテンヨウ」ソウダンカイ(ヨヤクセイ),,2026-10-18,,13:30,15:30,,,,,行政書士会土地家屋調査士会二会合同事務局,(053)474-4848,,静岡県行政書士会西遠支部,浜松市みをつくし文化センター,浜松市浜名区細江町気賀369,,34.806923,137.651116,,,先着順,,,"申込必要
【申込開始】2026年09月18日(金曜日)　9時30分
【方法】電話((053)474-4848)
予約受付:平日9:30～16:00",https://www.3-kai.jp/tochikaoku/,,そうだん,浜名区,2026-07-13,,,000937_00
221309,20260707025,静岡県,浜松市,登記関連「相続・境界・農地転用」相談会(予約制),トウキカンレン「ソウゾク・キョウカイ・ノウチテンヨウ」ソウダンカイ(ヨヤクセイ),,2026-10-18,,13:30,15:30,,,,,行政書士会土地家屋調査士会二会合同事務局,(053)474-4848,,静岡県行政書士会西遠支部,二俣ふれあいセンター,浜松市天竜区二俣町二俣184-32,,34.864436,137.817703,,,先着順,,,"申込必要
【申込開始】2026年09月18日(金曜日)　9時30分
【方法】電話((053)474-4848)
予約受付:平日9:30～16:00",https://www.3-kai.jp/tochikaoku/,,そうだん,天竜区,2026-07-13,,,004523_00
221309,20260707026,静岡県,浜松市,不動産無料相談会(予約制),フドウサンムリョウソウダンカイ(ヨヤクセイ),,2026-11-05,,14:00,16:30,,,,,全日本不動産協会静岡県本部,(054)285-1208,,全日本不動産協会静岡県本部,浜松市役所,浜松市中央区元城町103-2,北館101・102会議室,34.711085,137.726132,,,20人　先着順,,,"申込必要
【申込開始】2026年10月06日(火曜日)　10時00分
【方法】電話((054)285-1208)
予約受付:平日9:00～16:30(初日は10:00～)",https://shizuoka.zennichi.or.jp/,,そうだん,中央区,2026-07-13,,,002666_00
221309,20260707027,静岡県,浜松市,市営墓所の利用者募集,シエイボショノリヨウシャボシュウ,,2026-10-05,2026-10-22,,,,"【内容】返還された区画の再貸付を行います。今年度は三方原・中沢・舞阪吹上・雄踏・細江高台墓地が対象です。
【対象】現在焼骨をお持ちの浜松市民で、市営墓所を利用していない人。",,,市民生活課,(053)457-2026,,,,,,,,,,,2026-10-22,,(受付時間:午前8時30分～午後5時15分)※応募多数は抽選※募集案内などは10月1日(水)からホームページで公開および三方原墓園管理事務所などで配布。,https://www.city.hamamatsu.shizuoka.jp/simink/death/shieibosyo/saikasituke.html,,おしらせ,,2026-07-13,,,
221309,20260707028,静岡県,浜松市,パートナーシップミーティング2026～つないで広げよう協働のまちづくり～,パートナーシップミーティング2026,"Partnership Meeting 2026",2026-10-03,2026-10-03,10:00,16:00,2日間開催,"【内容】「つないで、広げる」をキーワードに多様な主体が交流し、協働相手を見つけるためのイベント
【対象】市内で市民活動をする個人、団体、事業者",,,はまこら（浜松市市民協働センター）,(053)457-2616,,はまこら(浜松市市民協働センター),ときはまスクエア,浜松市中央区新津町197,,34.723397,137.741285,遠州鉄道助信駅より徒歩4分,有,,,,申込不要,https://www.machien-hamamatsu.jp/,,イベント,中央区,2026-07-13,,×,
221309,20260707029,静岡県,浜松市,パートナーシップミーティング2026～つないで広げよう協働のまちづくり～,パートナーシップミーティング2026,"Partnership Meeting 2026",2026-10-04,,10:00,16:00,2日間開催,"【内容】「つないで、広げる」をキーワードに多様な主体が交流し、協働相手を見つけるためのイベント
【対象】市内で市民活動をする個人、団体、事業者",,,はまこら（浜松市市民協働センター）,(053)457-2616,,はまこら(浜松市市民協働センター),浜松市市民協働センター,浜松市中央区中央一丁目13-3,,34.709652,137.734603,JR浜松駅北口より徒歩12分、遠州鉄道遠州病院駅より徒歩2分,無,,,,申込不要,https://www.machien-hamamatsu.jp/,,イベント,中央区,2026-07-13,,×,004142_00
221309,20260707030,静岡県,浜松市,あいホール親と子で楽しむ秋のコンサート2026,アイホールオヤトコデタノシムアキノコンサート,,2026-11-15,,11:00,12:00,10:30開場,"【内容】クラシックを中心とした親子コンサート
【対象】親子・一般
【出演・演目など】アンサンブル・ムジーク合奏団",,"一般1席1,000円/3歳以上小学6年生まで1席800円※0～2歳の子どもは大人1名につき1名のみ膝上鑑賞可。お席が必要な場合は800円。",あいホール,(053)412-0350,,あいホール,浜松市男女共同参画・文化芸術活動推進センター（あいホール）,浜松市中央区幸三丁目3-1,,34.741648,137.726455,,1回100円,130人　先着順,,,"申込必要
【申込開始】2026年10月01日(木曜日)　10時00分
【方法】窓口／ホームページ
HP内入力フォーム",https://ai-hall.com/events/20261115/,,こそだて,中央区,2026-07-13,,○,004617_00
221309,20260707031,静岡県,浜松市,"今日はココが「あいホール」in ゆめ応援プラザ",キョウハココガアイホールインユメオウエンプラザ,,2026-09-27,,10:00,16:00,,"【内容】あいホールがゆめ応援プラザ(中央区入野)に出張し、映画やワークショップなどを通じてあいホールの男女共同参画推進事業について知ってもらうイベント。
【対象】一般市民",,,あいホール男女共同参画推進事業担当,(053)412-0351,,浜松市,ゆめ応援プラザ,浜松市中央区入野町16102-9,,34.701034,137.671491,,,,,,申込不要,https://ai-hall.com/events/kyoukoko_20260927/,,イベント,中央区,2026-07-13,,○,
221309,20260707032,静岡県,浜松市,"お父さんといっしょ 絵本で発見！「自分らしさ」って何？ In 北図書館 ～親子で学ぶ絵本ワークショップ～",オトウサントイッショエホンデハッケンジブンラシサッテナニ　オヤコデマナブエホンワークショップ,,2026-10-18,,10:00,11:30,,"【内容】パパと子どものための、性別にとらわれない「自分らしさ」と家族みんなで家事をする「共家事」を考える絵本を用いたワークショップ。
【対象】お父さんとその子ども(小学1～6年生)
【講師】池谷由美子さん(あいホール図書コンシェルジュ)",,,あいホール男女共同参画推進事業担当,(053)412-0351,,浜松市,浜松市立北図書館,浜松市中央区葵東一丁目15-1,,34.756749,137.720457,,,12人　先着順　6組(12人程度),,,"申込必要
【申込開始】2026年09月15日(火曜日)　10時00分
【方法】電話((053)412-0351)／ホームページ
電話又は申込フォーム",https://ai-hall.com/events/papa_20261018/,,講座・教室,中央区,2026-07-13,,○,002626_00
221309,20260707033,静岡県,浜松市,パートナーシップ宣誓制度の拡充に関する意見交換会,パートナーシップセンセイセイドノカクジュウニカンスルイケンコウカンカイ,,2026-09-07,,19:00,20:30,,"【内容】現行の浜松市パートナーシップ宣誓制度から、二人と共同生活をする家族も含めたファミリーシップ制度への拡充を検討するにあたり、意見交換会を開催します。
【対象】パートナーシップ宣誓制度やファミリーシップ制度に関心のある人",,,UD・男女共同参画課,(053)457-2364,2364,,浜松市役所,浜松市中央区元城町103-2,,34.711085,137.726132,,市役所の駐車券は無料処理いたします。,50人　先着順,2026-09-01,17:00,"申込必要
【締切】締切
【申込開始】2026年08月17日(月曜日)　9時00分
【方法】ホームページ",https://www.city.hamamatsu.shizuoka.jp/ud/familyshipikenkokan.html,,おしらせ,中央区,2026-07-13,,,002666_00
221309,20260707034,静岡県,浜松市,"企業向け女性活躍推進セミナー「女性が働きやすい職場づくり ～""当たり前""を、見直してみませんか～」",キギョウムケジョセイカツヤクスイシンセミナー「ジョセイガハタラキヤスイショクバヅクリ　～”アタリマエ”ヲ、ミナオシテミマセンカ～」,,2026-10-15,,13:30,15:00,,"【内容】女性が働きやすい職場環境づくりの重要性を啓発するセミナーを実施します。
【対象】浜松市内企業の経営者、管理職、管理職候補の従業員、人事労務管理担当者等
【講師】合同会社MNキャリア 代表　高橋 紀子",0円,,株式会社東海道シグマ,(0120)034-036,,浜松市,,,,,,,,,2026-10-12,17:00,"申込必要
【締切】締切
【申込開始】2026年08月01日(土曜日)　9時00分
【方法】FAX((054)252-3001)／ホームページ",https://sigma-jp.co.jp/education/event/hamamatsu-woman/,,講座・教室,オンライン,2026-07-13,,○,
221309,20260707035,静岡県,浜松市,働く私のデジタルアップデートプログラム,ハタラクワタシノデジタルアップデートプログラム,,2026-11-13,,9:00,15:30,11/25(水)9:00-16:30、12/17(水)9:00-16:00　(3連続講座),"【内容】AI・Canva・Excelなど、仕事に役立つデジタルスキルを実践的に学び、業務改善やキャリア形成につなげる全3日間のリスキリング講座です。(託児あり)
【対象】市内で勤務する就業中の女性
【講師】リスキリング講座:濱口優奈(株式会社CoACT-X),
キャリアセミナー:酒井美保(コーチングアカデミー静岡校　校長)",0円,,株式会社東海道シグマ,(054)272-0206,,浜松市,アクトシティ浜松,浜松市中央区板屋町111-1,浜松アクトタワー3F　東海道シグマ浜松支店,34.705528,137.735724,JR浜松駅北口から徒歩約5分,有(20分ごとに100円),20人　応募者多数の場合は選考のうえ決定,2026-10-16,17:00,"申込必要
【締切】締切
【申込開始】2026年09月07日(月曜日)　10時00分
【方法】電話((054)272-0206)／ホームページ／E-mail(kyoiku@sigma-jp.co.jp)
電話、メールまたは専用申込フォームからお申し込みください。応募者多数の場合は選考のうえ受講者を決定します。",https://sigma-jp.co.jp/education/event/hamamatsu-reskilling/,,講座・教室,中央区,2026-07-13,,○,000015_00
221309,20260707082,静岡県,浜松市,合唱セミナー,ガッショウセミナー,,2027-01-09,,10:00,16:35,,"【内容】小学校から一般団体まで幅広く対象としたセミナー
【講師】キハラ良尚
【出演・演目など】実践レッスン 混声四部合唱曲『そのひとがうたうとき 』、ワンポイントレッスン他",,,（公財）浜松市文化振興財団　文化事業課,(053)451-1150,,浜松市、浜松市教育委員会,アクトシティ浜松,浜松市中央区板屋町111-1,研修交流センター,34.705528,137.735724,,,80人　先着順,,,"申込必要
【申込開始】2026年10月01日(木曜日)　10時00分
【方法】ホームページ
専用申込フォームより申し込み",https://www.hacam.jp/,,講座・教室,中央区,2026-07-13,,○,000015_00
221309,20260707083,静岡県,浜松市,第72回浜松市芸術祭　人形劇公演,ダイナナジュウニカイハママツシゲイジュツサイ　ニンギョウゲキコウエン,,2026-10-11,,13:30,15:00,,"【内容】地元・浜松の劇団による人形劇と影絵の公演
【出演・演目など】音楽影絵団ステラムジカ『ブレーメンの音楽隊』、人形劇劇団はな＊ポッポ『あおいちゃんのお店やさん』、劇団トトロ＆どんぐり『くまのパンやさん』",,,（公財）浜松市文化振興財団　文化事業課,(053)451-1150,,(公財)浜松市文化振興財団,浜松市浜北文化センター,浜松市浜名区貴布祢291-1,小ホール,34.794439,137.783274,,,200人　先着順,,,申込不要,https://www.hcf.or.jp/shiminkyodo/puppetshow/,,イベント,中央区,2026-07-13,,○,002410_00
221309,20260707084,静岡県,浜松市,プロムナードコンサート,プロムナードコンサート,,2026-09-12,,16:30,18:20,※雨天中止,"【内容】浜松市内の吹奏楽団体による屋外コンサート
【出演・演目など】浜松学院興誠中学校・高等学校＆浜松城北工業高等学校、浜松北高等学校、浜松日体中・高等学校",,,（公財）浜松市文化振興財団　文化事業課,(053)451-1151,,浜松市,JR浜松駅北口広場「キタラ」,浜松市中央区旭町,,34.704388,137.734165,,,,,,申込不要,https://www.hcf.or.jp/machinaka,,おんがく,中央区,2026-07-13,,○,
221309,20260707085,静岡県,浜松市,プロムナードコンサート,プロムナードコンサート,,2026-09-19,,16:00,17:50,※雨天中止,"【内容】浜松市内の吹奏楽団体による屋外コンサート
【出演・演目など】浜松湖東高等学校、浜松西高等学校・中等部、浜松市民吹奏楽団",,,（公財）浜松市文化振興財団　文化事業課,(053)451-1151,,浜松市,JR浜松駅北口広場「キタラ」,浜松市中央区旭町,,34.704388,137.734165,,,,,,申込不要,https://www.hcf.or.jp/machinaka,,おんがく,中央区,2026-07-13,,○,
221309,20260707086,静岡県,浜松市,プロムナードコンサート,プロムナードコンサート,,2026-09-26,,15:00,17:30,※雨天中止,"【内容】浜松市内の吹奏楽団体による屋外コンサート
【出演・演目など】浜松大平台高等学校、浜松東高等学校、浜松湖南高等学校、浜松シティブラス",,,（公財）浜松市文化振興財団　文化事業課,(053)451-1151,,浜松市,JR浜松駅北口広場「キタラ」,浜松市中央区旭町,,34.704388,137.734165,,,,,,申込不要,https://www.hcf.or.jp/machinaka,,おんがく,中央区,2026-07-13,,○,
221309,20260707087,静岡県,浜松市,プロムナードコンサート,プロムナードコンサート,,2026-10-03,,15:00,16:30,※雨天中止,"【内容】浜松市内の吹奏楽団体による屋外コンサート
【出演・演目など】浜松ジュニアブラス、浜松湖北高等学校、静岡大学吹奏楽団",,,（公財）浜松市文化振興財団　文化事業課,(053)451-1151,,浜松市,JR浜松駅北口広場「キタラ」,浜松市中央区旭町,,34.704388,137.734165,,,,,,申込不要,https://www.hcf.or.jp/machinaka,,おんがく,中央区,2026-07-13,,○,
221309,20260707088,静岡県,浜松市,まちなかにぎわいコンサート,マチナカニギワイコンサート,,2026-10-04,,17:00,,※雨天中止,"【内容】市内シンガー、バンドによるライブパフォーマンス
【出演・演目など】浜松市内で活動するシンガー、バンド",,,（公財）浜松市文化振興財団　文化事業課,(053)451-1151,,浜松市,JR浜松駅北口広場「キタラ」,浜松市中央区旭町,,34.704388,137.734165,,,,,,申込不要,https://www.hcf.or.jp/machinaka,,おんがく,中央区,2026-07-13,,○,
221309,20260707089,静岡県,浜松市,浜松市民文化フェスティバル「民謡と舞踊の集い」,ハママツシミンブンカフェスティバルミンヨウとブヨウノツドイ,,2026-09-19,,13:30,,,【内容】“市民による芸術文化の祭典”と位置付け、市内の様々なジャンルの文化団体が、日頃の研鑽の成果を発表する場として開催する。,,,（公財）浜松市文化振興財団　文化事業課,(053)451-1151,,(公財)浜松市文化振興財団,アクトシティ浜松,浜松市中央区板屋町111-1,大ホール,34.705528,137.735724,,,,,,申込不要,https://www.hcf.or.jp/shiminkyodo/citizenfestival/,,おんがく,中央区,2026-07-13,,×,000015_00
221309,20260707090,静岡県,浜松市,浜松市民文化フェスティバル「浜松おどり」,ハママツシミンブンカフェスティバルハママツオドリ,,2026-10-04,,13:00,,,【内容】“市民による芸術文化の祭典”と位置付け、市内の様々なジャンルの文化団体が、日頃の研鑽の成果を発表する場として開催する。,,,（公財）浜松市文化振興財団　文化事業課,(053)451-1151,,(公財)浜松市文化振興財団,アクトシティ浜松,浜松市中央区板屋町111-1,大ホール,34.705528,137.735724,,,,,,申込不要,https://www.hcf.or.jp/shiminkyodo/citizenfestival/,,おんがく,中央区,2026-07-13,,×,000015_00
221309,20260707091,静岡県,浜松市,浜松市民文化フェスティバル「バレエ・ダンスの祭典」,ハママツシミンブンカフェスティバルバレエ・ダンスノサイテン,,2026-10-11,,15:00,,,【内容】“市民による芸術文化の祭典”と位置付け、市内の様々なジャンルの文化団体が、日頃の研鑽の成果を発表する場として開催する。,,"【全席自由・税込】
一般2,000円",（公財）浜松市文化振興財団　文化事業課,(053)451-1151,,(公財)浜松市文化振興財団,アクトシティ浜松,浜松市中央区板屋町111-1,大ホール,34.705528,137.735724,,,,,,"申込必要
【方法】窓口／ホームページ",https://www.hcf.or.jp/shiminkyodo/citizenfestival/,,おんがく,中央区,2026-07-13,,×,000015_00
221309,20260707092,静岡県,浜松市,"アクト･ニューアーティスト･シリーズ2026 No.153　宮川春菜(ギター)",ミヤガワハルナ,,2026-12-06,,14:00,16:00,,"【内容】ギター・リサイタル
【条件】未就学児不可
【出演・演目など】出演:宮川春菜(ギター)
曲目:
タレガ:ヴェニスの謝肉祭による変奏曲
ジュリアーニ:大序曲 イ短調 Op.61
ほか",,"【全席自由・税込】一般2,500円　学生1,000円(24歳以下)","公益財団法人 浜松市文化振興財団",(053)451-1114,,"公益財団法人 浜松市文化振興財団",アクトシティ浜松,浜松市中央区板屋町111-1,音楽工房ホール,34.705528,137.735724,,,,,,"申込必要
【申込開始】2026年09月20日(日曜日)　10時00分
【方法】窓口／ホームページ",https://www.hcf.or.jp/,,おんがく,中央区,2026-07-13,,×,000015_00
221309,20260707093,静岡県,浜松市,"演奏活動40周年×ベートーヴェン没後200周年 仲道郁代＆東京都交響楽団",ナカミチイクヨ,,2027-01-30,,16:00,18:00,,"【内容】仲道郁代が自身の演奏活動40周年とベートーヴェン没後200年が重なる2027年の幕開けにふさわしいアニバーサリー・コンサート！
【条件】未就学児不可
【出演・演目など】出演:
松本宗利音(指揮)
仲道郁代(ピアノ)
東京都交響楽団(管弦楽)
曲目:
ベートーヴェン:
ピアノ協奏曲 第4番 ト長調 Op.58
ピアノ協奏曲 第5番 変ホ長調 Op.73「皇帝」",,"全席指定(税込)
S席￥7,500　A席￥5,000　学生￥1,500(24歳以下)","公益財団法人 浜松市文化振興財団",(053)451-1114,,"公益財団法人 浜松市文化振興財団",アクトシティ浜松,浜松市中央区板屋町111-1,中ホール,34.705528,137.735724,,,,,,"申込必要
【申込開始】2026年09月20日(日曜日)　10時00分
【方法】窓口／ホームページ",https://www.hcf.or.jp/,,おんがく,中央区,2026-07-13,,×,000015_00
221309,20260707094,静岡県,浜松市,ジェイミーのコンサートin浜松,ジェイミーノコンサートインハママツ,,2026-12-03,,13:00,,開場は12:30,"【内容】第1部:特別講演、第2部:コンサート
【出演・演目など】小川典子ほか",1000円,全席自由,"公益財団法人 浜松市文化振興財団",(053)451-1114,,浜松市,浜松市福祉交流センター,浜松市中央区成子町140-8,ホール,34.700201,137.728214,,,先着順,,,"申込必要
【申込開始】2026年08月01日(土曜日)　
【方法】ホームページ
・HCFオンラインショップ
・アクトシティチケットセンター(店頭販売のみ／10:00～19:00)
・チケットぴあ
・中日新聞販売店",https://www.hcf.or.jp/,,おんがく,中央区,2026-07-13,,○,002342_00
221309,20260707095,静岡県,浜松市,朝市「かもえのあさいち」と食文化のワークショップ,アサイチ「カモエノアサイチ」トショクブンカのワークショップ,,2026-11-21,,9:00,13:00,ワークショップは10:00～12:00,"【内容】奇数月の第3土曜日に鴨江アートセンターの1階ロビーで開催している朝市「かもえのあさいち」。野菜やくだもの、お茶やコーヒー、焼菓子など、浜松市内・近郊から生産者・出店者を迎えて開催しています。
【対象】どなたでも",700円,※ワークショップのみ,浜松市鴨江アートセンター,(053)-458-5360,,浜松市鴨江アートセンター(指定管理者:一般社団法人浜松創造都市協議会・東海ビル管理グループ),浜松市鴨江アートセンター,浜松市中央区鴨江町1番地,,34.704995,137.724658,,,20人　先着順,2026-11-20,21:30,"申込必要
【締切】締切
【申込開始】2026年09月20日(日曜日)　9時00分
【方法】窓口／電話((053)-458-5360)／E-mail(event@kamoeartcenter.org)
※ワークショップのみ要申し込み",https://kamoeartcenter.org/,,イベント,中央区,2026-07-13,,○,004601_00
221309,20260707096,静岡県,浜松市,木下惠介記念館映画上映会『夕やけ雲』,キノシタケイスケキネンカンエイガジョウエイカイ「ユウヤケグモ」,,2026-10-18,,,,午前10時～／午後2時～(開場は上映30分前より),"【内容】木下惠介作品や木下惠介に纏わる映画作品を毎月第3日曜日に上映。
【対象】小学生以上",100円,,木下惠介記念館（浜松市旧浜松銀行協会）,(053)-457-3450,,木下惠介記念館(旧浜松銀行協会),浜松市旧浜松銀行協会（木下恵介記念館）,浜松市中央区栄町3-1,,34.704653,137.724776,,,80人　先着順,,,"申込不要
当日、直接会場へ",https://keisukemuseum.org/,,イベント,中央区,2026-07-13,,×,004327_00
221309,20260707097,静岡県,浜松市,松韻茶会,ショウインチャカイ,,2026-11-07,,10:00,15:00,,"【内容】好季節「立冬」の茶行事
【講師】皇風煎茶禮式",800円,茶席一席,茶室「松韻亭」,(053)473-4310,,浜松市茶室松韻亭,浜松市茶室（松韻亭）,浜松市中央区鹿谷町11-4,,34.715141,137.723579,,,60人,,,"申込必要
【申込開始】2026年09月15日(火曜日)　9時00分
【方法】窓口／電話((053)473-4310)／FAX((053)473-4310)／郵送(432-8014　浜松市中央区鹿谷町11-4　浜松市茶室松韻亭)／ホームページ／E-mail(info@shouintei.jp)",http://www.shouintei.jp/,,イベント,中央区,2026-07-13,,×,001852_00
221309,20260707098,静岡県,浜松市,第10回静岡国際オペラコンクール,ダイジッカイシズオカコクサイオペラコンクール,"The 10th Mt. Fuji International Opera Competition of Shizuoka",2026-11-14,2026-11-22,13:30,,【第1次予選】11月14日(土)・15日(日)・16日(月)、【第2次予選】11月18日(水)・19日(木)、【本選・表彰式】11月22日(日)、各日13:30～,【内容】静岡国際オペラコンクールは、静岡県ゆかりのプリマドンナ三浦環をたたえ、没後50年にあたる1996年から3年ごとに浜松で開催されています。世界から集まった351名の応募者の中から、予備審査を通過した優秀なオペラ歌手たちが得意なオペラアリア(オペラの中で登場人物が歌う独唱曲)を歌うほか、オペラの一役を演じその歌唱力と表現力を競い合います。,,有料(静岡国際オペラコンクール実行委員会HPを参照),静岡国際オペラコンクール実行委員会事務局,(053)457-6446,,静岡県、静岡県教育委員会、浜松市、静岡文化芸術大学、静岡国際オペラコンクール実行委員会,アクトシティ浜松,浜松市中央区板屋町111-1,大ホール,34.705528,137.735724,,無,,,,"申込必要
【申込開始】2026年08月22日(土曜日)　10時00分
【方法】窓口／ホームページ
静岡国際オペラコンクール実行委員会HPを参照",https://www.suac.ac.jp/opera/,,イベント,中央区,2026-07-13,,×,000015_00
221309,20260707099,静岡県,浜松市,ハママツ・ジャズ・ウィーク　浜松市役所議場コンサート,ハママツ・ジャズ・ウィーク　ギジョウコンサート,,2026-10-19,,12:15,13:00,,【内容】浜松市役所・本会議場を会場として開催するジャズコンサート。,0円,無料,ハママツ・ジャズ・ウィーク事務局,(053)460-3325,,浜松市、公益財団法人浜松市文化振興財団、静岡新聞社・静岡放送、ヤマハ株式会社、ヤマハ音楽振興会,浜松市役所,浜松市中央区元城町103-2,本庁舎8階,34.711085,137.726132,,,抽選,2026-09-25,,"申込必要
【締切】締切
【申込開始】2026年08月03日(月曜日)　
申込方法などの詳細はHPで確認",https://hamamatsujazzweek.com/,,おんがく,中央区,2026-07-13,,×,002666_00
221309,20260707100,静岡県,浜松市,熊倉功夫先生「茶の湯勉強会」,クマクライサオセンセイ「チャノユベンキョウカイ」,,2026-11-15,,15:00,16:30,,"【内容】熊倉先生による茶の湯勉強会
【講師】熊倉功夫",2000円,"勉強会 呈茶付",茶室「松韻亭」,(053)473-4310,,浜松市茶室松韻亭,浜松市茶室（松韻亭）,浜松市中央区鹿谷町11-4,,34.715141,137.723579,,,60人,,,"申込必要
【申込開始】2026年09月15日(火曜日)　9時00分
【方法】窓口／電話((053)473-4310)／FAX((053)473-4310)／郵送(432-8014　浜松市中央区鹿谷町11-4　浜松市茶室松韻亭)／ホームページ／E-mail(info@shouintei.jp)",https://www.shouintei.jp/,,講座・教室,中央区,2026-07-13,,×,001852_00
221309,20260707101,静岡県,浜松市,ミニコンサート「東京リャマ計画」,ミニコンサート「トウキョウリャマケイカク」,,2026-09-19,,11:00,12:00,1回目,"【内容】フォルクローレのミニコンサート
【対象】来館者
【出演・演目など】出演:東京リャマ計画",,入館料のみでご覧いただけます。,浜松市楽器博物館,(053)451-1128,,浜松市楽器博物館,浜松市楽器博物館,浜松市中央区中央三丁目9-1,"館内 天空ホール",34.706816,137.738256,,なし,,,,申込不要,https://www.gakkihaku.jp/,,おんがく,中央区,2026-07-13,,○,000017_00
221309,20260707102,静岡県,浜松市,ミニコンサート「東京リャマ計画」,ミニコンサート「トウキョウリャマケイカク」,,2026-09-19,,14:00,15:00,2回目,"【内容】フォルクローレのミニコンサート
【対象】来館者
【出演・演目など】出演:東京リャマ計画",,入館料のみでご覧いただけます。,浜松市楽器博物館,(053)451-1128,,浜松市楽器博物館,浜松市楽器博物館,浜松市中央区中央三丁目9-1,"館内 天空ホール",34.706816,137.738256,,なし,,,,申込不要,https://www.gakkihaku.jp/,,おんがく,中央区,2026-07-13,,○,000017_00
221309,20260707103,静岡県,浜松市,ミニコンサート「箏曲」,ミニコンサート「ソウキョク」,,2026-09-22,,11:00,11:30,1回目,"【内容】箏のミニコンサート
【対象】来館者
【出演・演目など】出演:市立高校筝曲部",,入館料のみでご覧いただけます。,浜松市楽器博物館,(053)451-1128,,浜松市楽器博物館,浜松市楽器博物館,浜松市中央区中央三丁目9-1,"館内 天空ホール",34.706816,137.738256,,なし,,,,申込不要,https://www.gakkihaku.jp/,,おんがく,中央区,2026-07-13,,○,000017_00
221309,20260707104,静岡県,浜松市,ミニコンサート「箏曲」,ミニコンサート「ソウキョク」,,2026-09-22,,14:00,14:30,2回目,"【内容】箏のミニコンサート
【対象】来館者
【出演・演目など】出演:市立高校筝曲部",,入館料のみでご覧いただけます。,浜松市楽器博物館,(053)451-1128,,浜松市楽器博物館,浜松市楽器博物館,浜松市中央区中央三丁目9-1,"館内 天空ホール",34.706816,137.738256,,なし,,,,申込不要,https://www.gakkihaku.jp/,,おんがく,中央区,2026-07-13,,○,000017_00
221309,20260707105,静岡県,浜松市,ミニコンサート「ジャワガムラン」,ミニコンサート「ジャワガムラン」,,2026-09-23,,11:00,11:30,1回目,"【内容】ジャワガムランのミニコンサート
【対象】来館者
【出演・演目など】出演:東京音楽大学ジャワガムランクラブ",,入館料のみでご覧いただけます。,浜松市楽器博物館,(053)451-1128,,浜松市楽器博物館,浜松市楽器博物館,浜松市中央区中央三丁目9-1,"館内 天空ホール",34.706816,137.738256,,なし,,,,申込不要,https://www.gakkihaku.jp/,,おんがく,中央区,2026-07-13,,○,000017_00
221309,20260707106,静岡県,浜松市,ミニコンサート「ジャワガムラン」,ミニコンサート「ジャワガムラン」,,2026-09-23,,14:00,14:30,2回目,"【内容】ジャワガムランのミニコンサート
【対象】来館者
【出演・演目など】出演:東京音楽大学ジャワガムランクラブ",,入館料のみでご覧いただけます。,浜松市楽器博物館,(053)451-1128,,浜松市楽器博物館,浜松市楽器博物館,浜松市中央区中央三丁目9-1,"館内 天空ホール",34.706816,137.738256,,なし,,,,申込不要,https://www.gakkihaku.jp/,,おんがく,中央区,2026-07-13,,○,000017_00
221309,20260707107,静岡県,浜松市,ミニコンサート「ライアー」,ミニコンサート「ライアー」,,2026-10-04,,14:00,14:30,1回目,"【内容】ライアーのミニコンサート
【対象】来館者
【出演・演目など】出演:齋藤まゆみ　ほか",,入館料のみでご覧いただけます。,浜松市楽器博物館,(053)451-1128,,浜松市楽器博物館,浜松市楽器博物館,浜松市中央区中央三丁目9-1,"館内 天空ホール",34.706816,137.738256,,なし,,,,申込不要,https://www.gakkihaku.jp/,,おんがく,中央区,2026-07-13,,○,000017_00
221309,20260707108,静岡県,浜松市,ミニコンサート「ライアー」,ミニコンサート「ライアー」,,2026-10-04,,15:30,16:00,2回目,"【内容】ライアーのミニコンサート
【対象】来館者
【出演・演目など】出演:齋藤まゆみ　ほか",,入館料のみでご覧いただけます。,浜松市楽器博物館,(053)451-1128,,浜松市楽器博物館,浜松市楽器博物館,浜松市中央区中央三丁目9-1,"館内 天空ホール",34.706816,137.738256,,なし,,,,申込不要,https://www.gakkihaku.jp/,,おんがく,中央区,2026-07-13,,○,000017_00
221309,20260707109,静岡県,浜松市,浜名湖マリンスポーツフェスティバル2026,ハマナコマリンスポーツフェスティバル2026,"Lake Hamana marine sports festival 2026",2026-09-27,,10:00,15:30,,"【内容】マリンスポーツ体験ができるイベントを開催します。
【出演・演目など】セーリング、ハンザヨット、SUP、ダブルハルカヌー、遊覧クルーズ、クルーザークルーズ、パドラーボート、安全講習会、マリンワークショップ等",,,マリンスポーツフェスティバル運営事務局（株）中日アド企画内,(053)489-8511,,,静岡県立三ケ日青年の家,浜松市浜名区三ヶ日町都筑523-1,,34.782340,137.578973,三ヶ日ICから車で5分,,,,,申込不要,https://adk-event.com/bmsf/,,イベント,浜名区,2026-07-13,2026-07-28,○,
221309,20260707110,静岡県,浜松市,少林寺拳法(米津),ショウリンジケンポウ(ヨネヅ),,2026-11-03,,19:00,21:00,11/3～11/26　火・木曜　全8回,"【内容】準備運動、ストレッチ、基本練習、技など
【対象】5歳以上",3000円,,浜松市スポーツ協会,(053)411-8686,,浜松市スポーツ協会,浜松可美道院,浜松市中央区米津町1715,,34.675453,137.708813,,あり,20人　先着順,,,"申込必要
【申込開始】2026年09月18日(金曜日)　9時00分
【方法】ホームページ",https://hamamatsu-sports.or.jp/,,スポーツ,中央区,2026-07-13,,○,
221309,20260707111,静岡県,浜松市,健康乗馬,ケンコウジョウバ,,2026-11-07,,8:30,10:00,初回10/3　土曜　※2回目は要相談　全2回,"【内容】馬への接し方、乗馬、下馬、発進、停止、誘導、馬の上でのバランス練習
【対象】小学生",2000円,,浜松市スポーツ協会,(053)411-8686,,浜松市スポーツ協会,HAS浜松乗馬クラブ,浜松市中央区三方原町2691,,34.789174,137.696846,,あり,20人　先着順,,,"申込必要
【申込開始】2026年09月18日(金曜日)　9時00分
【方法】ホームページ",https://hamamatsu-sports.or.jp/,,スポーツ,中央区,2026-07-13,,○,
221309,20260707112,静岡県,浜松市,ちびっこ体操,チビッコタイソウ,,2026-11-07,,18:00,19:00,11/7～11/28,"【内容】前転・後転などのマット運動、馬とび、ジャンプなど。身体を動かすことを楽しむ。
【対象】小学生以上",3000円,,浜松市スポーツ協会,(053)411-8686,,浜松市スポーツ協会,笠井柔道館,浜松市中央区中郡町72,,34.776436,137.784196,,あり,20人　先着順,,,"申込必要
【申込開始】2026年09月15日(火曜日)　9時00分
【方法】ホームページ",https://hamamatsu-sports.or.jp/,,スポーツ,中央区,2026-07-13,,○,
221309,20260707113,静岡県,浜松市,合気道,アイキドウ,,2026-11-02,,19:00,21:00,11/2～11/30　月曜　全4回,"【内容】真向法体操や護身術
【対象】小学生以上",3000円,,浜松市スポーツ協会,(053)411-8686,,浜松市スポーツ協会,浜松市引佐総合体育館,浜松市浜名区引佐町横尾500,,34.835856,137.662296,,あり,20人　先着順,,,"申込必要
【申込開始】2026年09月24日(木曜日)　9時00分
【方法】ホームページ",https://hamamatsu-sports.or.jp/,,スポーツ,浜名区,2026-07-13,,○,000251_00
221309,20260707114,静岡県,浜松市,ロゲイニング大会,ロゲイニングタイカイ,,2026-11-22,,10:00,14:30,,"【内容】ロゲイニング
【対象】2人～5人のグループまたは個人",1500円,1グループ1500円、個人1人1000円,浜松市レクリエーション協会,(053)411-8686,,浜松市スポーツ協会,三ヶ日支所,浜松市浜名区三ヶ日町三ヶ日500-1,,34.803149,137.556279,,あり,80人　先着順,,,"申込必要
【申込開始】2026年09月16日(水曜日)　9時00分
【方法】ホームページ",https://hamamatsu-sports.or.jp/,,スポーツ,浜名区,2026-07-13,,,004485_00
221309,20260707115,静岡県,浜松市,ラジオ体操,ラジオタイソウ,,2026-09-13,,15:00,16:00,当日は直接会場まで,"【内容】ラジオ体操の模範演技及び正しい説明を行います
【対象】どなたでも",0円,,浜松市レクリエーション協会,(053)411-8686,,浜松市スポーツ協会,JR浜松駅北口広場「キタラ」,浜松市中央区旭町,,34.704388,137.734165,,あり,200人　先着順,,,"申込不要
直接会場までお越しください",,,スポーツ,中央区,2026-07-13,,,
221309,20260707116,静岡県,浜松市,サイクリング,サイクリング,,2026-11-08,,9:00,16:30,当日は直接会場まで,"【内容】サイクリング・オリエンテーション・出発前の安全点検と確認・乗車指導・コーチの概要説明
【対象】小学生以上
【条件】小学生は保護者同伴にて参加できます",500円,,浜松市レクリエーション協会,(053)411-8686,,浜松市スポーツ協会,浜松市役所,浜松市中央区元城町103-2,,34.711085,137.726132,,あり,20人　先着順,,,"申込不要
直接会場までお越しください",,,スポーツ,中央区,2026-07-13,,,002666_00
221309,20260707117,静岡県,浜松市,ジョギング,ジョギング,,2026-10-11,,8:00,10:00,当日は直接会場まで,"【内容】初心者へ注意事項説明、指導者と記録走(3㎞、5㎞、10㎞)(伴走)、記録走の結果及び講評、指導者レース体験発表
【対象】小学生以上～一般",200円,年度初回のみ,浜松市レクリエーション協会,(053)411-8686,,浜松市スポーツ協会,佐鳴湖公園　ひょうたん池駐車場,浜松市中央区大平台,,34.713810,137.688393,,あり,30人　先着順,,,"申込不要
直接会場までお越しください",,,スポーツ,中央区,2026-07-13,,,
221309,20260707118,静岡県,浜松市,リズムフィットネス,リズムフィットネス,,2026-10-18,,9:30,11:30,当日は直接会場まで,"【内容】フィットネス講習
【対象】年齢問わず",200円,,浜松市レクリエーション協会,(053)411-8686,,浜松市スポーツ協会,可美公園総合センター,浜松市中央区増楽町920-1,,34.687110,137.694493,,あり,100人　先着順,,,"申込不要
直接会場までお越しください",,,スポーツ,中央区,2026-07-13,,,000380_00
221309,20260707119,静岡県,浜松市,一輪車,イチリンシャ,,2026-10-25,,9:30,12:00,当日は直接会場まで,【内容】一輪車乗法の基本、上達法,300円,,浜松市レクリエーション協会,(053)411-8686,,浜松市スポーツ協会,神久呂協働センター,浜松市中央区神原町922,,34.733836,137.669795,,あり,20人　先着順,,,"申込必要
【申込開始】2026年09月15日(火曜日)　9時00分
【方法】ホームページ",https://hamamatsu-sports.or.jp/,,スポーツ,中央区,2026-07-13,,,004506_00
221309,20260707120,静岡県,浜松市,太極拳(土曜),タイキョクケン(ドヨウ),,2026-10-24,,13:30,14:55,10/24～2/20　土曜　全6回,"【内容】太極拳の基本動作から順に、入門太極拳～初級太極拳へと進めます
【対象】中学生以上",5000円,,浜松市スポーツ協会,(053)411-8686,,浜松市スポーツ協会,浜松アリーナ,浜松市中央区和田町808-1,,34.718016,137.766559,,あり,20人　先着順,,,"申込必要
【申込開始】2026年09月19日(土曜日)　9時00分
【方法】電話((053)461-1111)",https://hamamatsu-sports.or.jp/,,スポーツ,中央区,2026-07-13,,,002326_00
221309,20260707121,静岡県,浜松市,【相談】スポーツ健康相談,【ソウダン】スポーツケンコウソウダン,,2026-10-24,,14:20,17:00,,"【内容】ドクターによるマンツーマンでの健康相談
【対象】小学校高学年以上
【講師】岡俊明先生(聖隷浜松病院)",3000円,,浜松アリーナ,(053)461-1111,,指定管理者　(公財)浜松市スポーツ協会グループ,浜松アリーナ,浜松市中央区和田町808-1,,34.718016,137.766559,,あり(1回200円),4人　先着順,,,"申込必要
【申込開始】2026年09月15日(火曜日)　9時00分
【方法】窓口",https://hamamatsu-arena.jp,,そうだん,中央区,2026-07-13,,○,002326_00
221309,20260707122,静岡県,浜松市,"親子 ワン・ツー・スリー",オヤコワンツースリー,,2026-11-10,2026-12-22,10:30,11:15,11/10～12/22　全5回,"【内容】ボールやフープ、滑り台に平均台、鉄棒等、いろいろな遊具を使った親子遊び
【対象】1歳半～3歳4ヵ月",3750円,傷害保険料含,浜松アリーナ,(053)461-1111,,指定管理者　(公財)浜松市スポーツ協会グループ,浜松アリーナ,浜松市中央区和田町808-1,,34.718016,137.766559,,あり(1回200円),20人　先着順　親子で20組,,,"申込必要
【申込開始】2026年10月14日(水曜日)　9時00分",https://hamamatsu-arena.jp,,スポーツ,中央区,2026-07-13,,○,002326_00
221309,20260707123,静岡県,浜松市,やさしいヨガ,ヤサシイヨガ,,2026-11-05,2026-12-17,10:00,11:30,11/5～12/17　全7回,"【内容】初心者向けのヨガ
【対象】20歳～",5250円,傷害保険料含,浜松アリーナ,(053)461-1111,,指定管理者　(公財)浜松市スポーツ協会グループ,浜松アリーナ,浜松市中央区和田町808-1,,34.718016,137.766559,,あり(1回200円),40人　先着順,,,"申込必要
【申込開始】2026年10月02日(金曜日)　9時00分
【方法】窓口／電話((053)461-1111)",https://hamamatsu-arena.jp,,スポーツ,中央区,2026-07-13,,,002326_00
221309,20260707124,静岡県,浜松市,はつらつ体力アップ,ハツラツタイリョクアップキョウシツ,,2026-11-10,2026-12-22,9:30,11:30,"11/10～12/22 全5回","【内容】リズム体操や自宅でできるようなストレッチや筋力トレーニング、レクリエーションなど
【対象】50歳以上",3250円,傷害保険料含,浜松アリーナ,(053)461-1111,,指定管理者　(公財)浜松市スポーツ協会グループ,浜松アリーナ,浜松市中央区和田町808-1,,34.718016,137.766559,,あり(1回200円),35人　先着順,,,"申込必要
【申込開始】2026年10月07日(水曜日)　9時00分
【方法】窓口／電話((053)461-1111)",https://hamamatsu-arena.jp,,スポーツ,中央区,2026-07-13,,,002326_00
221309,20260707125,静岡県,浜松市,男のフィットネス,オトコのフィットネス,,2026-11-28,,19:30,21:10,19:30～20:15　20:25～21:10,"【内容】筋力アップ、健康つくりを目的とした自重トレーニング
【対象】40～60歳男性",3000円,傷害保険料含,浜松アリーナ,(053)461-1111,,指定管理者　(公財)浜松市スポーツ協会グループ,浜松アリーナ,浜松市中央区和田町808-1,,34.718016,137.766559,,あり(1回200円),3人　先着順　各3人,,,"申込必要
【申込開始】2026年10月13日(火曜日)　9時00分",https://hamamatsu-arena.jp,,スポーツ,中央区,2026-07-13,,,002326_00
221309,20260707126,静岡県,浜松市,器械体操(リトル),キカイタイソウ(リトル),,2026-10-16,,15:20,16:10,10月16日～12月11日(金曜・全6回),"【内容】マット運動、跳び箱、鉄棒、徒手運動
【対象】年少児",4800円,傷害保険料含む,サーラグリーンアリーナ,(053)585-1222,,指定管理者　(公財)浜松市スポーツ協会グループ,浜松市浜北総合体育館（サーラグリーンアリーナ）,浜松市浜名区平口5042-133,,34.798113,137.758233,,あり,15人　先着順,2026-10-07,,"申込必要
【締切】締切
【申込開始】2026年09月24日(木曜日)　12時00分
【方法】ホームページ
Web申込締切後、定員に達していなければ電話申込可",https://hamamatsu-sports.or.jp/,,スポーツ,浜名区,2026-07-13,2026-08-06,○,002489_01
221309,20260707127,静岡県,浜松市,親子でハッピー(1)1歳4ヶ月～2歳,オヤコデハッピー(1),,2026-10-29,,10:00,10:50,10月29日～12月3日(木曜・全6回),"【内容】ボールやフープ、跳び箱など各種運動あそびを通しての親子スキンシップ
【対象】1歳4ヶ月～2歳の子と保護者",4800円,傷害保険料含む,サーラグリーンアリーナ,(053)585-1222,,指定管理者　(公財)浜松市スポーツ協会グループ,浜松市浜北総合体育館（サーラグリーンアリーナ）,浜松市浜名区平口5042-133,,34.798113,137.758233,,あり,15人　先着順　15組30名,,,"申込必要
【申込開始】2026年10月06日(火曜日)　10時00分
【方法】窓口／電話((053)585-1222)",https://hamamatsu-sports.or.jp/,,スポーツ,浜名区,2026-07-13,2026-08-06,○,002489_01
221309,20260707128,静岡県,浜松市,親子でハッピー(2)2歳～3歳,オヤコデハッピー(2),,2026-10-29,,11:00,11:50,10月29日～12月3日(木曜・全6回),"【内容】ボールやフープ、跳び箱など各種運動あそびを通しての親子スキンシップ
【対象】2歳～3歳の子と保護者",4800円,傷害保険料含む,サーラグリーンアリーナ,(053)585-1222,,指定管理者　(公財)浜松市スポーツ協会グループ,浜松市浜北総合体育館（サーラグリーンアリーナ）,浜松市浜名区平口5042-133,,34.798113,137.758233,,あり,15人　先着順　15組30名,,,"申込必要
【申込開始】2026年10月06日(火曜日)　10時00分
【方法】窓口／電話((053)585-1222)",https://hamamatsu-sports.or.jp/,,スポーツ,浜名区,2026-07-13,2026-08-06,○,002489_01
221309,20260707129,静岡県,浜松市,キッズ硬式テニス,キッズコウシキテニス,,2026-10-08,,17:15,18:45,10月8日～11月26日(木曜・全8回),"【内容】初心者向けの硬式テニス教室。ラケットの持ち方からストロークの練習など
【対象】小学生",7500円,傷害保険料含む,サーラグリーンアリーナ,(053)585-1222,,指定管理者　(公財)浜松市スポーツ協会グループ,明神池運動公園,浜松市浜名区宮口391-5,,34.832757,137.764381,,あり,15人　先着順,,,"申込必要
【申込開始】2026年09月16日(水曜日)　10時00分
【方法】窓口／電話((053)585-1222)",https://hamamatsu-sports.or.jp/,,スポーツ,浜名区,2026-07-13,2026-08-06,○,005196_00
221309,20260707130,静岡県,浜松市,キッズソフトテニス,キッズソフトテニス,,2026-10-08,,19:10,20:30,10月8日～11月26日(木曜・全8回),"【内容】初心者向けのソフトテニス教室。ラケットの持ち方からサーブ、ストロークの練習
【対象】小学4～6年生、中学生(初心者)",7000円,傷害保険料含む,サーラグリーンアリーナ,(053)585-1222,,指定管理者　(公財)浜松市スポーツ協会グループ,明神池運動公園,浜松市浜名区宮口391-5,,34.832757,137.764381,,あり,25人　先着順,,,"申込必要
【申込開始】2026年09月16日(水曜日)　10時00分
【方法】窓口／電話((053)585-1222)",https://hamamatsu-sports.or.jp/,,スポーツ,浜名区,2026-07-13,2026-08-06,○,005196_00
221309,20260707131,静岡県,浜松市,エアロ＆ちょいトレ,エアロアンドチョイトレ,,2026-10-07,,19:00,20:00,10月7日～12月9日(水曜・全10回),"【内容】初級者向けエアロビクスダンスとちょこっと筋トレ
【対象】一般",7500円,傷害保険料含む,浜北体育館,(053)585-1173,,指定管理者　(公財)浜松市スポーツ協会グループ,浜松市浜北体育館,浜松市浜名区西美薗29,,34.793814,137.789980,,あり,15人　先着順,,,"申込必要
【申込開始】2026年09月17日(木曜日)　10時00分
【方法】窓口／電話((053)585-1173)",https://hamamatsu-sports.or.jp/,,スポーツ,浜名区,2026-07-13,2026-08-06,,002408_00
221309,20260707132,静岡県,浜松市,リズムトレーニング(小4～6),リズムトレーニング(ショウ4～6),,2026-10-17,,14:00,15:00,10月17日～12月19日(土曜・全10回),"【内容】小学校高学年向きのリズムトレーニング運動
【対象】小学4～6年生",8500円,傷害保険料含む,浜北体育館,(053)585-1173,,指定管理者　(公財)浜松市スポーツ協会グループ,浜松市浜北体育館,浜松市浜名区西美薗29,,34.793814,137.789980,,あり,10人　先着順,,,"申込必要
【申込開始】2026年09月27日(日曜日)　10時00分
【方法】窓口／電話((053)585-1173)",https://hamamatsu-sports.or.jp/,,スポーツ,浜名区,2026-07-13,2026-08-06,○,002408_00
221309,20260707133,静岡県,浜松市,くるくるスポーツ［体育・幼児］,クルクルスポーツ［タイイク・ヨウジ］,,2026-10-19,,15:30,16:30,10月19日～12月21日(月曜・全9回),"【内容】かけっこやボール運動、マット、跳び箱などの各種運動
【対象】年少～年長",15000円,傷害保険料含む,サーラグリーンアリーナ,(053)585-1222,,指定管理者　(公財)浜松市スポーツ協会グループ,浜松市浜北総合体育館（サーラグリーンアリーナ）,浜松市浜名区平口5042-133,,34.798113,137.758233,,あり,15人　先着順,,,"申込必要
【申込開始】2026年09月18日(金曜日)　10時00分
【方法】窓口",https://hamamatsu-sports.or.jp/,,イベント,浜名区,2026-07-13,2026-08-06,○,002489_01
221309,20260707134,静岡県,浜松市,くるくるスポーツ［体育・児童］,クルクルスポーツ［タイイク・ジドウ］,,2026-10-19,,16:30,17:30,10月19日～12月21日(月曜・全9回),"【内容】かけっこやボール運動、マット、跳び箱などの各種運動
【対象】小学生",15000円,傷害保険料含む,サーラグリーンアリーナ,(053)585-1222,,指定管理者　(公財)浜松市スポーツ協会グループ,浜松市浜北総合体育館（サーラグリーンアリーナ）,浜松市浜名区平口5042-133,,34.798113,137.758233,,あり,15人　先着順,,,"申込必要
【申込開始】2026年09月18日(金曜日)　10時00分
【方法】窓口",https://hamamatsu-sports.or.jp/,,イベント,浜名区,2026-07-13,2026-08-06,○,002489_01
221309,20260707135,静岡県,浜松市,くるくるスポーツ［新体操・幼児］,クルクルスポーツ［シンタイソウ・ヨウジ］,,2026-10-19,,15:30,16:30,10月19日～12月21日(月曜・全9回),"【内容】ボールやフープ、リボンなどを使った新体操
【対象】年中・年長",15000円,傷害保険料含む,サーラグリーンアリーナ,(053)585-1222,,指定管理者　(公財)浜松市スポーツ協会グループ,浜松市浜北総合体育館（サーラグリーンアリーナ）,浜松市浜名区平口5042-133,,34.798113,137.758233,,あり,15人　先着順,,,"申込必要
【申込開始】2026年09月18日(金曜日)　10時00分
【方法】窓口",https://hamamatsu-sports.or.jp/,,イベント,浜名区,2026-07-13,2026-08-06,○,002489_01
221309,20260707136,静岡県,浜松市,くるくるスポーツ［新体操・1～2年］,クルクルスポーツ［シンタイソウ・1～2ネンセイ］,,2026-10-19,,16:30,17:30,10月19日～12月21日(月曜・全9回),"【内容】ボールやフープ、リボンなどを使った新体操
【対象】小学1～2年生",15000円,傷害保険料含む,サーラグリーンアリーナ,(053)585-1222,,指定管理者　(公財)浜松市スポーツ協会グループ,浜松市浜北総合体育館（サーラグリーンアリーナ）,浜松市浜名区平口5042-133,,34.798113,137.758233,,あり,20人　先着順,,,"申込必要
【申込開始】2026年09月18日(金曜日)　10時00分
【方法】窓口",https://hamamatsu-sports.or.jp/,,イベント,浜名区,2026-07-13,2026-08-06,○,002489_01
221309,20260707137,静岡県,浜松市,くるくるスポーツ［新体操・3～6年］,クルクルスポーツ［シンタイソウ3～6ネンセイ］,,2026-10-19,,17:30,18:30,10月19日～12月21日(月曜・全9回),"【内容】ボールやフープ、リボンなどを使った新体操
【対象】小学3～6年生",15000円,傷害保険料含む,サーラグリーンアリーナ,(053)585-1222,,指定管理者　(公財)浜松市スポーツ協会グループ,浜松市浜北総合体育館（サーラグリーンアリーナ）,浜松市浜名区平口5042-133,,34.798113,137.758233,,あり,25人　先着順,,,"申込必要
【申込開始】2026年09月18日(金曜日)　10時00分
【方法】窓口",https://hamamatsu-sports.or.jp/,,イベント,浜名区,2026-07-13,2026-08-06,○,002489_01
221309,20260707138,静岡県,浜松市,くるくるスポーツ［サッカー・前半］,クルクルスポーツ［サッカー・ゼンハン］,,2026-10-14,,15:30,16:30,10月14日～12月16日(水曜・全9回),"【内容】室内サッカー　基礎からゲームまで
【対象】年中～小学1年生",15000円,傷害保険料含む,浜北体育館,(053)585-1173,,指定管理者　(公財)浜松市スポーツ協会グループ,浜松市浜北体育館,浜松市浜名区西美薗29,,34.793814,137.789980,,あり,15人　先着順,,,"申込必要
【申込開始】2026年09月18日(金曜日)　10時00分
【方法】窓口",https://hamamatsu-sports.or.jp/,,イベント,浜名区,2026-07-13,2026-08-06,○,002408_00
221309,20260707139,静岡県,浜松市,くるくるスポーツ［サッカー・後半］,クルクルスポーツ［サッカー・コウハン］,,2026-10-14,,16:40,17:40,10月14日～12月16日(水曜・全9回),"【内容】室内サッカー　基礎からゲームまで
【対象】小学2～6年生",15000円,傷害保険料含む,浜北体育館,(053)585-1173,,指定管理者　(公財)浜松市スポーツ協会グループ,浜松市浜北体育館,浜松市浜名区西美薗29,,34.793814,137.789980,,あり,15人　先着順,,,"申込必要
【申込開始】2026年09月18日(金曜日)　10時00分
【方法】窓口",https://hamamatsu-sports.or.jp/,,イベント,浜名区,2026-07-13,2026-08-06,○,002408_00
221309,20260707140,静岡県,浜松市,くるくるスポーツ［バドミントン・前半］,クルクルスポーツ［バドミントン・ゼンハン］,,2026-10-14,,18:00,19:00,10月14日～12月16日(水曜・全9回),"【内容】バドミントン　基本技術からゲームまで(初心者向け)
【対象】小学生",15000円,傷害保険料含む,浜北体育館,(053)585-1173,,指定管理者　(公財)浜松市スポーツ協会グループ,浜松市浜北体育館,浜松市浜名区西美薗29,,34.793814,137.789980,,あり,25人　先着順,,,"申込必要
【申込開始】2026年09月18日(金曜日)　10時00分
【方法】窓口",https://hamamatsu-sports.or.jp/,,イベント,浜名区,2026-07-13,2026-08-06,○,002408_00
221309,20260707141,静岡県,浜松市,くるくるスポーツ［バドミントン・後半］,クルクルスポーツ［バドミントン・コウハン］,,2026-10-14,,19:10,20:40,10月14日～12月16日(水曜・全9回),"【内容】バドミントン　基本技術からゲームまで(経験者向け)
【対象】小学4年～中学生(小学生は経験者)",16500円,傷害保険料含む,浜北体育館,(053)585-1173,,指定管理者　(公財)浜松市スポーツ協会グループ,浜松市浜北体育館,浜松市浜名区西美薗29,,34.793814,137.789980,,あり,25人　先着順,,,"申込必要
【申込開始】2026年09月18日(金曜日)　10時00分
【方法】窓口",https://hamamatsu-sports.or.jp/,,イベント,浜名区,2026-07-13,2026-08-06,○,002408_00
221309,20260707142,静岡県,浜松市,不登校の子が自由に”ホッ”と楽しく過ごせる場【10月】【11月】【12月】,フトウコウノコガジユウニ”ホッ”トタノシクスゴセルバ,,2026-10-23,,10:00,12:00,"10/23、11/27、12/11(金曜日・月1開催 )","【内容】不登校児と保護者を対象に、体を動かしたりボードゲームしたりと、のんびり過ごす中で地域の方や異年齢交流を図りましょう
【対象】不登校の小中学生と保護者",1000円,傷害保険料含む,サーラグリーンアリーナ,(053)585-1222,,指定管理者　(公財)浜松市スポーツ協会グループ,浜松市浜北総合体育館（サーラグリーンアリーナ）,浜松市浜名区平口5042-133,,34.798113,137.758233,,あり,20人　先着順　10組20名程度,,,"申込必要
【申込開始】2026年10月01日(木曜日)　9時00分
【方法】E-mail(allformam514@gmail.com)
当日申込でも可",https://hamamatsu-sports.or.jp/,,イベント,浜名区,2026-07-13,,○,002489_01
221309,20260707143,静岡県,浜松市,ダブルステニス大会(秋),ダブルステニスタイカイ(アキ),,2026-10-25,,8:00,17:00,"雨天中止・予備日 11月15日(日)","【内容】ミックスダブルス交流大会【チーム対抗戦】
【対象】一般",10000円,"1チーム10,000円、傷害保険料含む",サーラグリーンアリーナ,(053)585-1222,,指定管理者　(公財)浜松市スポーツ協会グループ,明神池運動公園,浜松市浜名区宮口391-5,,34.832757,137.764381,,あり,24人　先着順　24チーム,2026-10-15,,"申込必要
【申込開始】2026年09月15日(火曜日)　
【方法】E-mail(myoujin-entry@gmail.com)",https://hamakita-greenarena.jp/,,イベント,浜名区,2026-07-13,,,005196_00
221309,20260707144,静岡県,浜松市,後期小学生陸上教室・短距離,コウキショウガクセイリクジョウキョウシツ・タンキョリ,,2026-11-21,2027-02-06,9:00,11:00,,"【内容】走る動作の基本など
【対象】小学生
【講師】福嶋泰治、静岡大学陸上競技部ほか",10000円,,四ツ池公園浜松球場,(053)473-3281,,指定管理者　(公財)浜松市スポーツ協会,四ツ池公園,浜松市中央区上島六丁目19-1,,34.743111,137.735778,,原則無,220人　先着順,2026-11-09,,"申込必要
【申込開始】2026年09月16日(水曜日)　9時00分
【方法】ホームページ",https://hamamatsu-sports.or.jp,,スポーツ,中央区,2026-07-13,,○,001055_00
221309,20260707145,静岡県,浜松市,後期小学生陸上教室・長距離,コウキショウガクセイリクジョウキョウシツ・チョウキョリ,,2026-11-21,2027-02-06,9:00,11:00,,"【内容】走る動作の基本など
【対象】小学生4年生～6年生
【講師】福嶋泰治、笹竹陽希ほか",10000円,,四ツ池公園浜松球場,(053)473-3281,,指定管理者　(公財)浜松市スポーツ協会,四ツ池公園,浜松市中央区上島六丁目19-1,,34.743111,137.735778,,原則無,40人　先着順,2026-11-09,,"申込必要
【申込開始】2026年09月16日(水曜日)　9時00分
【方法】ホームページ",https://hamamatsu-sports.or.jp,,スポーツ,中央区,2026-07-13,,○,001055_00
221309,20260707146,静岡県,浜松市,一般硬式テニス教室,イッパンコウシキテニスキョウシツ,,2026-11-02,,,,"11月2日(火)～(全8 回)〈午前〉毎週火・木曜日、(1)午前9時15分～10時45分、(2)午前11時～0時45分、〈ナイター〉(1)毎週土曜日、午後5時15分～6時45分、(2)毎週月・火・木・土曜日、午後7時15分～8時45分","【対象】15歳以上
【条件】先着順",,"午前(1)(2)9,200円、ナイター(1)(2)10,000円",浜松新電力テニスコート,(053)437-0605,,株式会社協栄　浜松支店,花川運動公園,浜松市中央区西丘町724,,34.773177,137.689933,,,18人　先着順　各クラス18名,2026-10-25,17:00,"申込必要
【締切】締切
【申込開始】2026年10月03日(土曜日)　10時00分
【方法】窓口／電話((053)437-0605)
電話申込後、1週間以内に窓口にて申込書の記入と受講料のお支払いが必要",http://hanakawa.lolipop.jp/,,スポーツ,中央区,2026-07-13,,,000400_00
221309,20260707147,静岡県,浜松市,中学生硬式テニス教室,チュウガクセイコウシキテニスキョウシツ,,2026-10-05,,19:15,20:45,"10月5日(月)～(全4 回)毎週月・水曜日のいずれか、午後7時15分～8時45分","【対象】中学1～3年生
【条件】先着順",4600円,,浜松新電力テニスコート,(053)437-0605,,株式会社協栄　浜松支店,花川運動公園,浜松市中央区西丘町724,,34.773177,137.689933,,,7人　先着順　各曜日7名,2026-09-25,17:00,"申込必要
【締切】締切
【申込開始】2026年09月15日(火曜日)　10時00分
【方法】窓口／電話((053)437-0605)
電話申込後、1週間以内に窓口にて申込書の記入と受講料のお支払いが必要",http://hanakawa.lolipop.jp/,,スポーツ,中央区,2026-07-13,,,000400_00
221309,20260707148,静岡県,浜松市,高校生女子硬式テニス教室,コウコウセイジョシコウシキテニスキョウシツ,,2026-10-05,,19:15,20:45,"10月5日(月)～(全4 回)毎週月・水曜日のいずれか、午後7時15分～8時45分","【対象】高校1～3年女子のみ
【条件】先着順",4600円,,浜松新電力テニスコート,(053)437-0605,,株式会社協栄　浜松支店,花川運動公園,浜松市中央区西丘町724,,34.773177,137.689933,,,7人　先着順　各曜日7名,2026-09-25,17:00,"申込必要
【締切】締切
【申込開始】2026年09月15日(火曜日)　10時00分
【方法】窓口／電話((053)437-0605)
電話申込後、1週間以内に窓口にて申込書の記入と受講料のお支払いが必要",http://hanakawa.lolipop.jp/,,スポーツ,中央区,2026-07-13,,,000400_00
221309,20260707149,静岡県,浜松市,ジュニア硬式テニス教室,ジュニアコウシキテニスキョウシツ,,2026-10-01,,17:15,18:45,"10月1日(木)～(全4 回)毎週火・水・木曜日のいずれか、午後5時15分～6時45分","【対象】小学1～6年生
【条件】先着順",4200円,,浜松新電力テニスコート,(053)437-0605,,株式会社協栄　浜松支店,花川運動公園,浜松市中央区西丘町724,,34.773177,137.689933,,,30人　先着順　各曜日30名,2026-09-25,17:00,"申込必要
【締切】締切
【申込開始】2026年09月15日(火曜日)　10時00分
【方法】窓口／電話((053)437-0605)
電話申込後、1週間以内に窓口にて申込書の記入と受講料のお支払いが必要",http://hanakawa.lolipop.jp/,,スポーツ,中央区,2026-07-13,,○,000400_00
221309,20260707150,静岡県,浜松市,中学生ソフトテニス教室,チュウガクセイソフトテニスキョウシツ,,2026-12-02,,,,"12月2日(水)～(全8 回)(1)午後5時15分～6時45分　毎週月・水曜日、(2)午後7時15分～8時45分　毎週水曜日","【対象】中学1～3年生
【条件】先着順",8000円,,浜松新電力テニスコート,(053)437-0605,,株式会社協栄　浜松支店,花川運動公園,浜松市中央区西丘町724,,34.773177,137.689933,,,20人　先着順　各コース20名,2026-11-25,17:00,"申込必要
【締切】締切
【申込開始】2026年11月01日(日曜日)　10時00分
【方法】電話((053)437-0605)
電話申込後、1週間以内に窓口にて申込書の記入と受講料のお支払いが必要",http://hanakawa.lolipop.jp/,,スポーツ,中央区,2026-07-13,,,000400_00
221309,20260707151,静岡県,浜松市,ジュニアソフトテニス教室,ジュニアソフトテニスキョウシツ,,2026-10-01,,17:15,18:45,"10月1日(木)～(全4 回)毎週水・木曜日のいずれか、午後5時15分～6時45分","【対象】小学3～6年生
【条件】先着順",3600円,,浜松新電力テニスコート,(053)437-0605,,株式会社協栄　浜松支店,花川運動公園,浜松市中央区西丘町724,,34.773177,137.689933,,,7人　先着順　各曜日7名,2026-09-25,17:00,"申込必要
【締切】締切
【申込開始】2026年09月15日(火曜日)　10時00分
【方法】窓口／電話((053)437-0605)
電話申込後、1週間以内に窓口にて申込書の記入と受講料のお支払いが必要",http://hanakawa.lolipop.jp/,,スポーツ,中央区,2026-07-13,,○,000400_00
221309,20260707152,静岡県,浜松市,第23回浜松シティマラソン出場者募集,ダイニジュウサンカイハママツシティマラソンシュツジョウシャボシュウ,,2027-02-14,,,,,"【内容】出場者募集(ハーフ、5km、1.5km)
【対象】小学生以上",,,浜松シティマラソン実行委員会事務局,(090)-3839-9096,,浜松シティマラソン実行委員会,浜松市役所、四ツ池公園陸上競技場,-,,,,,,先着順　定員になり次第締め切ります,2026-11-15,,"申込必要
【締切】締切
【申込開始】2026年09月01日(火曜日)　
【方法】ホームページ",https://www.hamamatsu-city-marathon.com,,イベント,中央区,2026-07-13,,,
221309,20260707153,静岡県,浜松市,第23回浜松シティマラソンボランティア募集,ダイニジュウサンカイハママツシティマラソンボランティアボシュウ,,2027-02-14,,,,,"【内容】ボランティア募集
【対象】中学生以上",,,浜松シティマラソン実行委員会事務局,(090)-3839-9096,,浜松シティマラソン実行委員会,浜松市役所、四ツ池公園陸上競技場,-,,,,,,,2026-11-15,,"申込必要
【締切】締切
【申込開始】2026年09月01日(火曜日)　
【方法】ホームページ",https://www.hamamatsu-city-marathon.com,,おしらせ,中央区,2026-07-13,,,
221309,20260707154,静岡県,浜松市,令和8年度特別展　賀茂真淵が女流門人たちに奨めたもの,レイワハチネンドトクベツテン　カモノマブチガジョリュウモンジンタチニススメタモノ,,2026-10-01,2026-12-25,9:30,17:00,"月曜日(ただし国民の祝日・振替休日の場合は開館、翌火曜日休館)
※11月3日(火)文化の日は無料開放日",【内容】国学者として偉大な足跡を残した賀茂真淵には、百名を越える女性門人がいました。県門の四天王や県門の三才女の作品とともに、女性の能力を認め、広く門人として受け入れていた賀茂真淵の女流門人たちへの指導の様子が分かる資料や女流門人たちの作品を展示します。また、本居宣長の女性への返し歌や当時活躍した女性たちの作品も併せて紹介します。,300円,"大人300円　高校生150円　
小中学生、70歳以上の方、障がい者の方は無料",賀茂真淵記念館,(053)456-8050,,賀茂真淵記念館,浜松市立賀茂真淵記念館,浜松市中央区東伊場一丁目22-2,,34.700942,137.715897,バス:鴨江佐鳴台線(3番ポール)鴨江坂上下車南へ徒歩7～8分。*道は、平坦です。志都呂宇布見線(5番ポール)商工会議所下車北へ徒歩5分。*急坂道です。車:雄踏街道、商工会議所西信号を北へ坂上がる。(国道257号線森田町信号を北進),第一駐車場10台、第二駐車場15台,,,,申込不要,https://www.mabuchi-kinenkan.jp,,イベント,中央区,2026-07-13,2026-07-28,,000410_00
221309,20260707155,静岡県,浜松市,令和8年度　賀茂真淵記念館カレッジ講座　カ1講座　国学者と古代日本語　～草鹿砥宣隆著作の仮名字体～　(全1回),コクガクシャトコダイニホンゴ　クサカドノブタカチョサクノカナジタイ,,2026-11-08,,13:30,15:30,,"【内容】古代日本語に関する研究で知られる国学者・草鹿砥宣隆の著作を取り上げ、そこに使用される仮名字体の特色についてお話しします。
【講師】内田宗一-東京家政学院大学教授",500円,受講料は各講座の初回に集金します。,賀茂真淵記念館,(053)456-8050,,賀茂真淵記念館,浜松市立賀茂真淵記念館,浜松市中央区東伊場一丁目22-2,,34.700942,137.715897,バス:鴨江佐鳴台線(3番ポール)鴨江坂上下車南へ徒歩7～8分。*道は、平坦です。志都呂宇布見線(5番ポール)商工会議所下車北へ徒歩5分。*急坂道です。車:雄踏街道、商工会議所西信号を北へ坂上がる。(国道257号線森田町信号を北進),第一駐車場10台、第二駐車場15台,40人　申込多数の場合抽選　※申込締切後も、空きがある講座は受講を受け付けます。随時、記念館までお問合せ願います。,2026-09-28,17:00,"申込必要
【締切】締切
【申込開始】2026年09月01日(火曜日)　9時30分
【方法】FAX((053)569-4068)／郵送(432-8036　浜松市中央区東伊場一丁目22番2号　賀茂真淵記念館)／ホームページ／E-mail(kamonomabuchikinenkan@na.commufa.jp)
(1)ホームページの申し込み欄、(2)Eメール、(3)FAX 、 (4)1講座1通の往復ハガキのいずれかの方法で、参加希望講座名(例:「カ1国学者と古代日本語・・」)、氏名、ふりがな、住所、電話番号、メールアドレス(お持ちの方)、その他(連絡事項がある場合)を記入してお申し込みください。　※往復ハガキ以外は1回の申し込みで複数の講座の申し込みが可能です。
　応募締切:9月28日(月)　(ハガキの場合必着)",https://www.mabuchi-kinenkan.jp,※自然災害等により、講座が延期・中止となることがありますのでご承知おきください。,講座・教室,中央区,2026-07-13,,,000410_00
221309,20260707156,静岡県,浜松市,令和8年度　賀茂真淵記念館カレッジ講座　カ2講座　江戸時代の湯治から見る人々の暮らし　―下部温泉から―　(全1回),エドジダイノトウジカラミルヒトビトノクラシ　シモベオンセンカラ,,2026-11-14,,13:30,15:30,,"【内容】下部温泉(山梨県南巨摩郡身延町)の宿に残る湯銭帳から、江戸時代の人々の湯治の様子を紹介します。
【講師】西田かほる-静岡文化芸術大学教授",500円,受講料は各講座の初回に集金します。,賀茂真淵記念館,(053)456-8050,,賀茂真淵記念館,浜松市立賀茂真淵記念館,浜松市中央区東伊場一丁目22-2,,34.700942,137.715897,バス:鴨江佐鳴台線(3番ポール)鴨江坂上下車南へ徒歩7～8分。*道は、平坦です。志都呂宇布見線(5番ポール)商工会議所下車北へ徒歩5分。*急坂道です。車:雄踏街道、商工会議所西信号を北へ坂上がる。(国道257号線森田町信号を北進),第一駐車場10台、第二駐車場15台,40人　申込多数の場合抽選　※申込締切後も、空きがある講座は受講を受け付けます。随時、記念館までお問合せ願います。,2026-09-28,17:00,"申込必要
【締切】締切
【申込開始】2026年09月01日(火曜日)　9時30分
【方法】FAX((053)569-4068)／郵送(432-8036　浜松市中央区東伊場一丁目22番2号　賀茂真淵記念館)／ホームページ／E-mail(kamonomabuchikinenkan@na.commufa.jp)
(1)ホームページの申し込み欄、(2)Eメール、(3)FAX 、 (4)1講座1通の往復ハガキのいずれかの方法で、参加希望講座名(例:「カ1国学者と古代日本語・・」)、氏名、ふりがな、住所、電話番号、メールアドレス(お持ちの方)、その他(連絡事項がある場合)を記入してお申し込みください。　※往復ハガキ以外は1回の申し込みで複数の講座の申し込みが可能です。
　応募締切:9月28日(月)　(ハガキの場合必着)",https://www.mabuchi-kinenkan.jp,※自然災害等により、講座が延期・中止となることがありますのでご承知おきください。,講座・教室,中央区,2026-07-13,,,000410_00
221309,20260707157,静岡県,浜松市,令和8年度　賀茂真淵記念館カレッジ講座　カ3講座　あらためて、遠州国学の歴史をたどる　(全1回),アラタメテ、エンシュウコクガクノレキシヲタドル,,2026-11-22,,13:30,15:30,,"【内容】遠州国学の歴史を通観し、遠州において国学がどのように発展したのか、そもそもなぜ遠州の地で国学が盛んになったのかを考えます。
【講師】鈴木健多郎-國學院大學研究開発推進機構研究員",500円,受講料は各講座の初回に集金します。,賀茂真淵記念館,(053)456-8050,,賀茂真淵記念館,浜松市立賀茂真淵記念館,浜松市中央区東伊場一丁目22-2,,34.700942,137.715897,バス:鴨江佐鳴台線(3番ポール)鴨江坂上下車南へ徒歩7～8分。*道は、平坦です。志都呂宇布見線(5番ポール)商工会議所下車北へ徒歩5分。*急坂道です。車:雄踏街道、商工会議所西信号を北へ坂上がる。(国道257号線森田町信号を北進),第一駐車場10台、第二駐車場15台,40人　申込多数の場合抽選　※申込締切後も、空きがある講座は受講を受け付けます。随時、記念館までお問合せ願います。,2026-09-28,17:00,"申込必要
【締切】締切
【申込開始】2026年09月01日(火曜日)　9時30分
【方法】FAX((053)569-4068)／郵送(432-8036　浜松市中央区東伊場一丁目22番2号　賀茂真淵記念館)／ホームページ／E-mail(kamonomabuchikinenkan@na.commufa.jp)
(1)ホームページの申し込み欄、(2)Eメール、(3)FAX 、 (4)1講座1通の往復ハガキのいずれかの方法で、参加希望講座名(例:「カ1国学者と古代日本語・・」)、氏名、ふりがな、住所、電話番号、メールアドレス(お持ちの方)、その他(連絡事項がある場合)を記入してお申し込みください。　※往復ハガキ以外は1回の申し込みで複数の講座の申し込みが可能です。
　応募締切:9月28日(月)　(ハガキの場合必着)",https://www.mabuchi-kinenkan.jp,※自然災害等により、講座が延期・中止となることがありますのでご承知おきください。,講座・教室,中央区,2026-07-13,,,000410_00
221309,20260707158,静岡県,浜松市,令和8年度　賀茂真淵記念館カレッジ講座　カ4講座　横須賀造船所長　赤松則良　～回想　幕臣・小栗上野介忠順と横須賀製鉄所～　～　(全3回),ヨコスカゾウセンショチョウ　アカマツノリヨシ　カイソウ　バクシン・オグリコウズケノスケタダマサトヨコスカセイテツジョ,,2026-11-28,2027-01-09,13:30,15:30,"(1)11月28日(土)
(2)12月12日(土)
(3)1月9日(土)","【内容】2027年大河ドラマ「逆賊の幕臣」の主人公・小栗上野介忠順と旧幕臣・赤松則良との関係は!?万永元年遣米使節団や製鉄所を中心にその接点を探ります。
【講師】木村弘之-浜松史蹟調査顕彰会専門委員 (前磐田市歴史文書館長)",1500円,受講料は各講座の初回に集金します。,賀茂真淵記念館,(053)456-8050,,賀茂真淵記念館,浜松市立賀茂真淵記念館,浜松市中央区東伊場一丁目22-2,,34.700942,137.715897,バス:鴨江佐鳴台線(3番ポール)鴨江坂上下車南へ徒歩7～8分。*道は、平坦です。志都呂宇布見線(5番ポール)商工会議所下車北へ徒歩5分。*急坂道です。車:雄踏街道、商工会議所西信号を北へ坂上がる。(国道257号線森田町信号を北進),第一駐車場10台、第二駐車場15台,40人　申込多数の場合抽選　※申込締切後も、空きがある講座は受講を受け付けます。随時、記念館までお問合せ願います。,2026-09-28,17:00,"(1)ホームページの申し込み欄、(2)Eメール、(3)FAX 、 (4)1講座1通の往復ハガキのいずれかの方法で、参加希望講座名(例:「カ1国学者と古代日本語・・」)、氏名、ふりがな、住所、電話番号、メールアドレス(お持ちの方)、その他(連絡事項がある場合)を記入してお申し込みください。　※往復ハガキ以外は1回の申し込みで複数の講座の申し込みが可能です。
　応募締切:9月28日(月)　(ハガキの場合必着)",https://www.mabuchi-kinenkan.jp,※自然災害等により、講座が延期・中止となることがありますのでご承知おきください。,講座・教室,中央区,2026-07-13,2026-08-06,,000410_00
221309,20260707159,静岡県,浜松市,令和8年度　賀茂真淵記念館カレッジ講座　カ5講座　国学者の見た『万葉集』　(全1回),コクガクシャノミタマンヨウシュウ,,2027-01-23,,13:30,15:30,,"【内容】国学者たちの手許には、どのような『万葉集』が置かれていたのか。契沖の代匠記を取り上げ、最新の伝本研究の成果から再考します。
【講師】甲斐温子-静岡大学教育学部講師",500円,受講料は各講座の初回に集金します。,賀茂真淵記念館,(053)456-8050,,賀茂真淵記念館,浜松市立賀茂真淵記念館,浜松市中央区東伊場一丁目22-2,,34.700942,137.715897,バス:鴨江佐鳴台線(3番ポール)鴨江坂上下車南へ徒歩7～8分。*道は、平坦です。志都呂宇布見線(5番ポール)商工会議所下車北へ徒歩5分。*急坂道です。車:雄踏街道、商工会議所西信号を北へ坂上がる。(国道257号線森田町信号を北進),第一駐車場10台、第二駐車場15台,40人　申込多数の場合抽選　※申込締切後も、空きがある講座は受講を受け付けます。随時、記念館までお問合せ願います。,2026-09-28,17:00,"申込必要
【締切】締切
【申込開始】2026年09月01日(火曜日)　9時30分
【方法】FAX((053)569-4068)／郵送(432-8036　浜松市中央区東伊場一丁目22番2号　賀茂真淵記念館)／ホームページ／E-mail(kamonomabuchikinenkan@na.commufa.jp)
(1)ホームページの申し込み欄、(2)Eメール、(3)FAX 、 (4)1講座1通の往復ハガキのいずれかの方法で、参加希望講座名(例:「カ1国学者と古代日本語・・」)、氏名、ふりがな、住所、電話番号、メールアドレス(お持ちの方)、その他(連絡事項がある場合)を記入してお申し込みください。　※往復ハガキ以外は1回の申し込みで複数の講座の申し込みが可能です。
　応募締切:9月28日(月)　(ハガキの場合必着)",https://www.mabuchi-kinenkan.jp,※自然災害等により、講座が延期・中止となることがありますのでご承知おきください。,講座・教室,中央区,2026-07-13,,,000410_00
221309,20260707160,静岡県,浜松市,"所蔵品展　慈愛の心Ⅲ ～ 喜 ～",ショゾウヒンテン　ジアイノココロ　サン　キ,,2026-09-01,2026-09-30,9:30,17:00,入館は16:30まで,【対象】全員,,観覧料:大人310円、高校生150円、小・中学生および70歳以上無料,浜松市秋野不矩美術館,(053)922-0315,,浜松市,浜松市秋野不矩美術館,浜松市天竜区二俣町二俣130,,34.864797,137.819398,,無料駐車場あり,,,,申込不要,https://akinofuku-museum.jp,,イベント,天竜区,2026-07-13,,,001172_00
221309,20260707161,静岡県,浜松市,"歴史体感ウォーキング 絵はがきを持ってまちを歩こう",レキシタイカンウォーキング「エハガキヲモッテマチヲアルコウ」,,2026-10-10,,13:30,15:00,,【内容】浜松市博物館が所蔵する絵はがきをもとに実際に浜松のまちなかを歩き、まちなかのうつりかわりを探る。,,無料,浜松市博物館,(053)456-2208,,浜松市博物館,連尺交差点北西角,,,,,JR浜松駅北口バスターミナル2番から遠鉄バス「蜆塚・佐鳴台」行→「ゆりの木通り」下車徒歩3分,,15人　抽選,2026-09-29,,"申込必要
【締切】必着
【申込開始】2026年09月01日(火曜日)　
【方法】郵送(　浜松市中央区蜆塚四丁目22-1　浜松市博物館)／ホームページ",https://www.city.hamamatsu.shizuoka.jp/hamahaku/,,イベント,中央区,2026-07-13,,○,
221309,20260707162,静岡県,浜松市,イの字100周年記念展示「私たちのテレビ史　ー笑って泣いて怒って喜んでー」,イノジヒャクシュウネンキネンテンジ「ワタシタチノテレビシ　ーワラッテナイテオコッテヨロコンデー」,,2026-10-06,2026-11-03,9:00,17:00,,【内容】1926年に浜松高等工業学校の高柳健次郎が電子式テレビジョンによる「イ」の字の受像実験に成功してから100年の節目を迎えたことを記念する展示。「イ」の字受贈から現代までのテレビ文化を浜松との関わりの中で紹介する。静岡大学との協働事業,,観覧料　大人310円、高校生150円、中学生以下・70歳以上・各種障がい者手帳(ミライムID含む)をお持ちの方は無料,浜松市博物館,(053)456-2208,,浜松市博物館,浜松市博物館,浜松市中央区蜆塚四丁目22-1,,34.712637,137.703580,JR浜松駅北口バスターミナル2番から遠鉄バス「蜆塚・佐鳴台」行→「博物館」下車徒歩1分,45,,,,申込不要,https://www.city.hamamatsu.shizuoka.jp/hamahaku/,,イベント,中央区,2026-07-13,,,002340_00
221309,20260707163,静岡県,浜松市,講演会「テレビは誰のものか　ー女性制作者の歩んできた道なき道ー」,コウエンカイ「テレビハダレノモノカ　ージョセイセイサクシャノアユンデキタミチー」,,2026-10-10,,10:00,12:00,,"【内容】イの字100周年記念事業として開催。テレビ制作の業界において働く女性が直面してきた苦闘の歴史について紹介。
【講師】丸山友美(静岡大学准教授)",,観覧料　大人310円、高校生150円、中学生以下・70歳以上・各種障がい者手帳(ミライムID含む)をお持ちの方は無料,浜松市博物館,(053)456-2208,,浜松市博物館,浜松市博物館,浜松市中央区蜆塚四丁目22-1,,34.712637,137.703580,JR浜松駅北口バスターミナル2番から遠鉄バス「蜆塚・佐鳴台」行→「博物館」下車徒歩1分,45,60人　抽選,2026-09-25,,"申込必要
【締切】締切
【申込開始】2026年09月05日(土曜日)　
【方法】ホームページ",https://www.city.hamamatsu.shizuoka.jp/hamahaku/,,講座・教室,中央区,2026-07-13,,,002340_00
221309,20260707164,静岡県,浜松市,ギャラリートーク(イの字100周年記念展示「私たちのテレビ史　ー笑って泣いて怒って喜んでー」),ギャラリートーク(イノジヒャクシュウネンキネンテンジ「ワタシタチノテレビシ　ーワラッテナイテオコッテヨロコンデー」),,2026-11-03,,10:00,10:40,,"【内容】参加者との対話形式で展示の解説を行います。
【講師】村野正景(静岡大学准教授)、丸山友美(静岡大学准教授)",,観覧料　大人310円、高校生150円、中学生以下・70歳以上・各種障がい者手帳(ミライムID含む)をお持ちの方は無料,浜松市博物館,(053)456-2208,,浜松市博物館,浜松市博物館,浜松市中央区蜆塚四丁目22-1,,34.712637,137.703580,JR浜松駅北口バスターミナル2番から遠鉄バス「蜆塚・佐鳴台」行→「博物館」下車徒歩1分,45,,,,申込不要,https://www.city.hamamatsu.shizuoka.jp/hamahaku/,,講座・教室,中央区,2026-07-13,,,002340_00
221309,20260707165,静岡県,浜松市,古文書解読会(持参の古文書を解読・解説),コモンジョカイドクカイ,,2026-10-10,,10:00,16:30,,"【内容】ご自宅に伝わる古文書(現物)をご持参ください。専門家が解読し、内容を解説します。(1人3点以内で30分程度)
【対象】どなたでも
【その他】講座・学習会ではありません。真贋や評価額の鑑定等はいたしません。",,,中央図書館,(053)457-2618,,中央図書館,浜松市立中央図書館,浜松市中央区松城町214番地の21,,34.709665,137.725399,,,5人　先着順,,,"申込必要
【申込開始】2026年09月18日(金曜日)　9時00分
【方法】電話((053)457-2618)
定員に達し次第受付終了",https://www.lib-city-hamamatsu.jp/access/chuo/event/komonjokaidoku_2026.html,,イベント,中央区,2026-07-13,,,001861_00
221309,20260707166,静岡県,浜松市,ブックスタート,ブックスタート,Bookstart,2026-10-01,,10:00,,各開催月の前月18日から申し込み受付開始,"【内容】読み聞かせやわらべうたの体験とアドバイス、おすすめの絵本1冊プレゼント
【対象】6ヵ月から満1歳(お誕生日当月まで)の赤ちゃんとその保護者
【条件】対象期間内に1回受講可",,,中央図書館,(053)456-0234,,,浜松市立可新図書館,浜松市中央区小沢渡町1142-1,,34.684340,137.682252,,有,先着順　各会場に応じて,,,"申込必要
【申込開始】2026年09月18日(金曜日)　
【方法】窓口／電話((053)449-1001)
各開催月の前月18日から申し込み受付開始",https://www.lib-city-hamamatsu.jp/service/jidou/bookstart/bookstart_202610-12.html,,こそだて,中央区,2026-07-13,,○,000377_00
221309,20260707167,静岡県,浜松市,ブックスタート,ブックスタート,Bookstart,2026-10-01,,10:00,,各開催月の前月18日から申し込み受付開始,"【内容】読み聞かせやわらべうたの体験とアドバイス、おすすめの絵本1冊プレゼント
【対象】6ヵ月から満1歳(お誕生日当月まで)の赤ちゃんとその保護者
【条件】対象期間内に1回受講可",,,中央図書館,(053)456-0234,,,浜松市立はまゆう図書館,浜松市中央区大人見町1750-394,,34.737857,137.657554,,有,先着順　各会場に応じて,,,"申込必要
【申込開始】2026年09月18日(金曜日)　
【方法】窓口／電話((053)482-1127)
各開催月の前月18日から申し込み受付開始",https://www.lib-city-hamamatsu.jp/service/jidou/bookstart/bookstart_202610-12.html,,こそだて,中央区,2026-07-13,,○,000110_00
221309,20260707168,静岡県,浜松市,ブックスタート,ブックスタート,Bookstart,2026-10-02,,10:00,,各開催月の前月18日から申し込み受付開始,"【内容】読み聞かせやわらべうたの体験とアドバイス、おすすめの絵本1冊プレゼント
【対象】6ヵ月から満1歳(お誕生日当月まで)の赤ちゃんとその保護者
【条件】対象期間内に1回受講可",,,中央図書館,(053)456-0234,,,東部保健福祉センター,浜松市中央区青屋町300,いきいきプラザ天竜川,34.715732,137.782995,,有,先着順　各会場に応じて,,,"申込必要
【申込開始】2026年09月18日(金曜日)　
【方法】窓口／電話((053)456-0234)
各開催月の前月18日から申し込み受付開始",https://www.lib-city-hamamatsu.jp/service/jidou/bookstart/bookstart_202610-12.html,,こそだて,中央区,2026-07-13,,○,000029_00
221309,20260707169,静岡県,浜松市,ブックスタート,ブックスタート,Bookstart,2026-10-03,,13:30,,各開催月の前月18日から申し込み受付開始,"【内容】読み聞かせやわらべうたの体験とアドバイス、おすすめの絵本1冊プレゼント
【対象】6ヵ月から満1歳(お誕生日当月まで)の赤ちゃんとその保護者
【条件】対象期間内に1回受講可",,,中央図書館,(053)456-0234,,,プレ葉ウォーク浜北,浜松市浜名区貴布祢1200,,34.797492,137.779388,,有,先着順　各会場に応じて,,,"申込必要
【申込開始】2026年09月18日(金曜日)　
【方法】窓口／電話((053)456-0234)
各開催月の前月18日から申し込み受付開始",https://www.lib-city-hamamatsu.jp/service/jidou/bookstart/bookstart_202610-12.html,,こそだて,浜名区,2026-07-13,,○,
221309,20260707170,静岡県,浜松市,ブックスタート,ブックスタート,Bookstart,2026-10-05,,13:30,,各開催月の前月18日から申し込み受付開始,"【内容】読み聞かせやわらべうたの体験とアドバイス、おすすめの絵本1冊プレゼント
【対象】6ヵ月から満1歳(お誕生日当月まで)の赤ちゃんとその保護者
【条件】対象期間内に1回受講可",,,中央図書館,(053)456-0234,,,浜松市立城北図書館,浜松市中央区和地山二丁目37-2,,34.730199,137.719025,,有,先着順　各会場に応じて,,,"申込必要
【申込開始】2026年09月18日(金曜日)　
【方法】窓口／電話((053)474-1725)
各開催月の前月18日から申し込み受付開始",https://www.lib-city-hamamatsu.jp/service/jidou/bookstart/bookstart_202610-12.html,,こそだて,中央区,2026-07-13,,○,001413_00
221309,20260707171,静岡県,浜松市,ブックスタート,ブックスタート,Bookstart,2026-10-05,,10:00,,各開催月の前月18日から申し込み受付開始,"【内容】読み聞かせやわらべうたの体験とアドバイス、おすすめの絵本1冊プレゼント
【対象】6ヵ月から満1歳(お誕生日当月まで)の赤ちゃんとその保護者
【条件】対象期間内に1回受講可",,,中央図書館,(053)456-0234,,,浜松市立積志図書館,浜松市中央区積志町1819,,34.769767,137.761581,,有,先着順　各会場に応じて,,,"申込必要
【申込開始】2026年09月18日(金曜日)　
【方法】窓口／電話((053)435-0744)
各開催月の前月18日から申し込み受付開始",https://www.lib-city-hamamatsu.jp/service/jidou/bookstart/bookstart_202610-12.html,,こそだて,中央区,2026-07-13,,○,001639_00
221309,20260707172,静岡県,浜松市,ブックスタート,ブックスタート,Bookstart,2026-10-06,,10:00,,各開催月の前月18日から申し込み受付開始,"【内容】読み聞かせやわらべうたの体験とアドバイス、おすすめの絵本1冊プレゼント
【対象】6ヵ月から満1歳(お誕生日当月まで)の赤ちゃんとその保護者
【条件】対象期間内に1回受講可",,,中央図書館,(053)456-0234,,,浜松市立中央図書館,浜松市中央区松城町214番地の21,,34.709665,137.725399,,有,先着順　各会場に応じて,,,"申込必要
【申込開始】2026年09月18日(金曜日)　
【方法】窓口／電話((053)456-0234)
各開催月の前月18日から申し込み受付開始",https://www.lib-city-hamamatsu.jp/service/jidou/bookstart/bookstart_202610-12.html,,こそだて,中央区,2026-07-13,,○,001861_00
221309,20260707173,静岡県,浜松市,ブックスタート,ブックスタート,Bookstart,2026-10-07,,10:00,,各開催月の前月18日から申し込み受付開始,"【内容】読み聞かせやわらべうたの体験とアドバイス、おすすめの絵本1冊プレゼント
【対象】6ヵ月から満1歳(お誕生日当月まで)の赤ちゃんとその保護者
【条件】対象期間内に1回受講可",,,中央図書館,(053)456-0234,,,浜松市立雄踏図書館,浜松市中央区雄踏町宇布見8287,,34.699443,137.631848,,有,先着順　各会場に応じて,,,"申込必要
【申込開始】2026年09月18日(金曜日)　
【方法】窓口／電話((053)596-5522)
各開催月の前月18日から申し込み受付開始",https://www.lib-city-hamamatsu.jp/service/jidou/bookstart/bookstart_202610-12.html,,こそだて,中央区,2026-07-13,,○,002751_00
221309,20260707174,静岡県,浜松市,ブックスタート,ブックスタート,Bookstart,2026-10-08,,10:00,,各開催月の前月18日から申し込み受付開始,"【内容】読み聞かせやわらべうたの体験とアドバイス、おすすめの絵本1冊プレゼント
【対象】6ヵ月から満1歳(お誕生日当月まで)の赤ちゃんとその保護者
【条件】対象期間内に1回受講可",,,中央図書館,(053)456-0234,,,浜松市立南図書館,浜松市中央区海老塚二丁目25-17,,34.696814,137.733514,,有,先着順　各会場に応じて,,,"申込必要
【申込開始】2026年09月18日(金曜日)　
【方法】窓口／電話((053)452-1655)
各開催月の前月18日から申し込み受付開始",https://www.lib-city-hamamatsu.jp/service/jidou/bookstart/bookstart_202610-12.html,,こそだて,中央区,2026-07-13,,○,002136_00
221309,20260707175,静岡県,浜松市,ブックスタート,ブックスタート,Bookstart,2026-10-08,,10:30,,各開催月の前月18日から申し込み受付開始,"【内容】読み聞かせやわらべうたの体験とアドバイス、おすすめの絵本1冊プレゼント
【対象】6ヵ月から満1歳(お誕生日当月まで)の赤ちゃんとその保護者
【条件】対象期間内に1回受講可",,,中央図書館,(053)456-0234,,,浜松市立引佐図書館,浜松市浜名区引佐町井伊谷610-2,,34.834554,137.671480,,有,先着順　各会場に応じて,,,"申込必要
【申込開始】2026年09月18日(金曜日)　
【方法】窓口／電話((053)542-2118)
各開催月の前月18日から申し込み受付開始",https://www.lib-city-hamamatsu.jp/service/jidou/bookstart/bookstart_202610-12.html,,こそだて,浜名区,2026-07-13,,○,000247_00
221309,20260707176,静岡県,浜松市,ブックスタート,ブックスタート,Bookstart,2026-10-09,,10:00,,各開催月の前月18日から申し込み受付開始,"【内容】読み聞かせやわらべうたの体験とアドバイス、おすすめの絵本1冊プレゼント
【対象】6ヵ月から満1歳(お誕生日当月まで)の赤ちゃんとその保護者
【条件】対象期間内に1回受講可",,,中央図書館,(053)456-0234,,,東部保健福祉センター,浜松市中央区青屋町300,いきいきプラザ天竜川,34.715732,137.782995,,有,先着順　各会場に応じて,,,"申込必要
【申込開始】2026年09月18日(金曜日)　
【方法】窓口／電話((053)456-0234)
各開催月の前月18日から申し込み受付開始",https://www.lib-city-hamamatsu.jp/service/jidou/bookstart/bookstart_202610-12.html,,こそだて,中央区,2026-07-13,,○,000029_00
221309,20260707177,静岡県,浜松市,ブックスタート,ブックスタート,Bookstart,2026-10-12,,10:00,,各開催月の前月18日から申し込み受付開始,"【内容】読み聞かせやわらべうたの体験とアドバイス、おすすめの絵本1冊プレゼント
【対象】6ヵ月から満1歳(お誕生日当月まで)の赤ちゃんとその保護者
【条件】対象期間内に1回受講可",,,中央図書館,(053)456-0234,,,浜松市立中央図書館,浜松市中央区松城町214番地の21,,34.709665,137.725399,,有,先着順　各会場に応じて,,,"申込必要
【申込開始】2026年09月18日(金曜日)　
【方法】窓口／電話((053)456-0234)
各開催月の前月18日から申し込み受付開始",https://www.lib-city-hamamatsu.jp/service/jidou/bookstart/bookstart_202610-12.html,,こそだて,中央区,2026-07-13,,○,001861_00
221309,20260707178,静岡県,浜松市,ブックスタート,ブックスタート,Bookstart,2026-10-13,,10:30,,各開催月の前月18日から申し込み受付開始,"【内容】読み聞かせやわらべうたの体験とアドバイス、おすすめの絵本1冊プレゼント
【対象】6ヵ月から満1歳(お誕生日当月まで)の赤ちゃんとその保護者
【条件】対象期間内に1回受講可",,,中央図書館,(053)456-0234,,,浜松市立都田図書館,浜松市浜名区都田町8751-2,,34.813018,137.737874,,有,先着順　各会場に応じて,,,"申込必要
【申込開始】2026年09月18日(金曜日)　
【方法】窓口／電話((053)428-0011)
各開催月の前月18日から申し込み受付開始",https://www.lib-city-hamamatsu.jp/service/jidou/bookstart/bookstart_202610-12.html,,こそだて,浜名区,2026-07-13,,○,004712_00
221309,20260707179,静岡県,浜松市,ブックスタート,ブックスタート,Bookstart,2026-10-14,,10:00,,各開催月の前月18日から申し込み受付開始,"【内容】読み聞かせやわらべうたの体験とアドバイス、おすすめの絵本1冊プレゼント
【対象】6ヵ月から満1歳(お誕生日当月まで)の赤ちゃんとその保護者
【条件】対象期間内に1回受講可",,,中央図書館,(053)456-0234,,,浜松市立西図書館,浜松市中央区西伊場町52-17,,34.697643,137.702293,,有,先着順　各会場に応じて,,,"申込必要
【申込開始】2026年09月18日(金曜日)　
【方法】窓口／電話((053)456-3379)
各開催月の前月18日から申し込み受付開始",https://www.lib-city-hamamatsu.jp/service/jidou/bookstart/bookstart_202610-12.html,,こそだて,中央区,2026-07-13,,○,001583_00
221309,20260707180,静岡県,浜松市,ブックスタート,ブックスタート,Bookstart,2026-10-14,,10:00,,各開催月の前月18日から申し込み受付開始,"【内容】読み聞かせやわらべうたの体験とアドバイス、おすすめの絵本1冊プレゼント
【対象】6ヵ月から満1歳(お誕生日当月まで)の赤ちゃんとその保護者
【条件】対象期間内に1回受講可",,,中央図書館,(053)456-0234,,,浜松市立浜北図書館,浜松市浜名区貴布祢3000,,34.791673,137.783232,,有,先着順　各会場に応じて,,,"申込必要
【申込開始】2026年09月18日(金曜日)　
【方法】窓口／電話((053)586-8200)
各開催月の前月18日から申し込み受付開始",https://www.lib-city-hamamatsu.jp/service/jidou/bookstart/bookstart_202610-12.html,,こそだて,浜名区,2026-07-13,,○,000106_01
221309,20260707181,静岡県,浜松市,ブックスタート,ブックスタート,Bookstart,2026-10-15,,10:00,,各開催月の前月18日から申し込み受付開始,"【内容】読み聞かせやわらべうたの体験とアドバイス、おすすめの絵本1冊プレゼント
【対象】6ヵ月から満1歳(お誕生日当月まで)の赤ちゃんとその保護者
【条件】対象期間内に1回受講可",,,中央図書館,(053)456-0234,,,浜松市立三ヶ日図書館,浜松市浜名区三ヶ日町宇志799-1,,34.806730,137.557937,,有,先着順　各会場に応じて,,,"申込必要
【申込開始】2026年09月18日(金曜日)　
【方法】窓口／電話((053)528-0151)
各開催月の前月18日から申し込み受付開始",https://www.lib-city-hamamatsu.jp/service/jidou/bookstart/bookstart_202610-12.html,,こそだて,浜名区,2026-07-13,,○,000971_00
221309,20260707182,静岡県,浜松市,ブックスタート,ブックスタート,Bookstart,2026-10-15,,10:00,,各開催月の前月18日から申し込み受付開始,"【内容】読み聞かせやわらべうたの体験とアドバイス、おすすめの絵本1冊プレゼント
【対象】6ヵ月から満1歳(お誕生日当月まで)の赤ちゃんとその保護者
【条件】対象期間内に1回受講可",,,中央図書館,(053)456-0234,,,浜松市立はまゆう図書館,浜松市中央区大人見町1750-394,,34.737857,137.657554,,有,先着順　各会場に応じて,,,"申込必要
【申込開始】2026年09月18日(金曜日)　
【方法】窓口／電話((053)482-1127)
各開催月の前月18日から申し込み受付開始",https://www.lib-city-hamamatsu.jp/service/jidou/bookstart/bookstart_202610-12.html,,こそだて,中央区,2026-07-13,,○,000110_00
221309,20260707183,静岡県,浜松市,ブックスタート,ブックスタート,Bookstart,2026-10-15,,10:00,,各開催月の前月18日から申し込み受付開始,"【内容】読み聞かせやわらべうたの体験とアドバイス、おすすめの絵本1冊プレゼント
【対象】6ヵ月から満1歳(お誕生日当月まで)の赤ちゃんとその保護者
【条件】対象期間内に1回受講可",,,中央図書館,(053)456-0234,,,浜松市立可新図書館,浜松市中央区小沢渡町1142-1,,34.684340,137.682252,,有,先着順　各会場に応じて,,,"申込必要
【申込開始】2026年09月18日(金曜日)　
【方法】窓口／電話((053)449-1001)
各開催月の前月18日から申し込み受付開始",https://www.lib-city-hamamatsu.jp/service/jidou/bookstart/bookstart_202610-12.html,,こそだて,中央区,2026-07-13,,○,000377_00
221309,20260707184,静岡県,浜松市,ブックスタート,ブックスタート,Bookstart,2026-10-16,,10:00,,各開催月の前月18日から申し込み受付開始,"【内容】読み聞かせやわらべうたの体験とアドバイス、おすすめの絵本1冊プレゼント
【対象】6ヵ月から満1歳(お誕生日当月まで)の赤ちゃんとその保護者
【条件】対象期間内に1回受講可",,,中央図書館,(053)456-0234,,,浜松市立流通元町図書館,浜松市中央区流通元町20-2,産業展示館北館1階,34.741198,137.790484,,有,先着順　各会場に応じて,,,"申込必要
【申込開始】2026年09月18日(金曜日)　
【方法】窓口／電話((053)422-0202)
各開催月の前月18日から申し込み受付開始",https://www.lib-city-hamamatsu.jp/service/jidou/bookstart/bookstart_202610-12.html,,こそだて,中央区,2026-07-13,,○,001719_01
221309,20260707185,静岡県,浜松市,ブックスタート,ブックスタート,Bookstart,2026-10-16,,10:30,,各開催月の前月18日から申し込み受付開始,"【内容】読み聞かせやわらべうたの体験とアドバイス、おすすめの絵本1冊プレゼント
【対象】6ヵ月から満1歳(お誕生日当月まで)の赤ちゃんとその保護者
【条件】対象期間内に1回受講可",,,中央図書館,(053)456-0234,,,浜松市立佐久間図書館,浜松市天竜区佐久間町佐久間2431-3,,35.092172,137.810075,,有,先着順　各会場に応じて,,,"申込必要
【申込開始】2026年09月18日(金曜日)　
【方法】窓口／電話((053)965-1682)
各開催月の前月18日から申し込み受付開始",https://www.lib-city-hamamatsu.jp/service/jidou/bookstart/bookstart_202610-12.html,,こそだて,天竜区,2026-07-13,,○,000883_00
221309,20260707186,静岡県,浜松市,ブックスタート,ブックスタート,Bookstart,2026-10-19,,10:00,,各開催月の前月18日から申し込み受付開始,"【内容】読み聞かせやわらべうたの体験とアドバイス、おすすめの絵本1冊プレゼント
【対象】6ヵ月から満1歳(お誕生日当月まで)の赤ちゃんとその保護者
【条件】対象期間内に1回受講可",,,中央図書館,(053)456-0234,,,浜松市立城北図書館,浜松市中央区和地山二丁目37-2,,34.730199,137.719025,,有,先着順　各会場に応じて,,,"申込必要
【申込開始】2026年09月18日(金曜日)　
【方法】窓口／電話((053)474-1725)
各開催月の前月18日から申し込み受付開始",https://www.lib-city-hamamatsu.jp/service/jidou/bookstart/bookstart_202610-12.html,,こそだて,中央区,2026-07-13,,○,001413_00
221309,20260707187,静岡県,浜松市,ブックスタート,ブックスタート,Bookstart,2026-10-19,,10:00,,各開催月の前月18日から申し込み受付開始,"【内容】読み聞かせやわらべうたの体験とアドバイス、おすすめの絵本1冊プレゼント
【対象】6ヵ月から満1歳(お誕生日当月まで)の赤ちゃんとその保護者
【条件】対象期間内に1回受講可",,,中央図書館,(053)456-0234,,,浜松市立積志図書館,浜松市中央区積志町1819,,34.769767,137.761581,,有,先着順　各会場に応じて,,,"申込必要
【申込開始】2026年09月18日(金曜日)　
【方法】窓口／電話((053)435-0744)
各開催月の前月18日から申し込み受付開始",https://www.lib-city-hamamatsu.jp/service/jidou/bookstart/bookstart_202610-12.html,,こそだて,中央区,2026-07-13,,○,001639_00
221309,20260707188,静岡県,浜松市,ブックスタート,ブックスタート,Bookstart,2026-10-20,,10:00,,各開催月の前月18日から申し込み受付開始,"【内容】読み聞かせやわらべうたの体験とアドバイス、おすすめの絵本1冊プレゼント
【対象】6ヵ月から満1歳(お誕生日当月まで)の赤ちゃんとその保護者
【条件】対象期間内に1回受講可",,,中央図書館,(053)456-0234,,,浜松市立中央図書館,浜松市中央区松城町214番地の21,,34.709665,137.725399,,有,先着順　各会場に応じて,,,"申込必要
【申込開始】2026年09月18日(金曜日)　
【方法】窓口／電話((053)456-0234)
各開催月の前月18日から申し込み受付開始",https://www.lib-city-hamamatsu.jp/service/jidou/bookstart/bookstart_202610-12.html,,こそだて,中央区,2026-07-13,,○,001861_00
221309,20260707189,静岡県,浜松市,ブックスタート,ブックスタート,Bookstart,2026-10-20,,10:00,,各開催月の前月18日から申し込み受付開始,"【内容】読み聞かせやわらべうたの体験とアドバイス、おすすめの絵本1冊プレゼント
【対象】6ヵ月から満1歳(お誕生日当月まで)の赤ちゃんとその保護者
【条件】対象期間内に1回受講可",,,中央図書館,(053)456-0234,,,浜松市立東図書館,浜松市中央区子安町309-1,,34.713193,137.761613,,有,先着順　各会場に応じて,,,"申込必要
【申込開始】2026年09月18日(金曜日)　
【方法】窓口／電話((053)464-2081)
各開催月の前月18日から申し込み受付開始",https://www.lib-city-hamamatsu.jp/service/jidou/bookstart/bookstart_202610-12.html,,こそだて,中央区,2026-07-13,,○,002071_00
221309,20260707190,静岡県,浜松市,ブックスタート,ブックスタート,Bookstart,2026-10-20,,10:00,,各開催月の前月18日から申し込み受付開始,"【内容】読み聞かせやわらべうたの体験とアドバイス、おすすめの絵本1冊プレゼント
【対象】6ヵ月から満1歳(お誕生日当月まで)の赤ちゃんとその保護者
【条件】対象期間内に1回受講可",,,中央図書館,(053)456-0234,,,浜松市立舞阪図書館,浜松市中央区舞阪町舞阪2668-56,,34.679240,137.613319,,有,先着順　各会場に応じて,,,"申込必要
【申込開始】2026年09月18日(金曜日)　
【方法】窓口／電話((053)592-7000)
各開催月の前月18日から申し込み受付開始",https://www.lib-city-hamamatsu.jp/service/jidou/bookstart/bookstart_202610-12.html,,こそだて,中央区,2026-07-13,,○,002459_00
221309,20260707191,静岡県,浜松市,ブックスタート,ブックスタート,Bookstart,2026-10-21,,10:00,,各開催月の前月18日から申し込み受付開始,"【内容】読み聞かせやわらべうたの体験とアドバイス、おすすめの絵本1冊プレゼント
【対象】6ヵ月から満1歳(お誕生日当月まで)の赤ちゃんとその保護者
【条件】対象期間内に1回受講可",,,中央図書館,(053)456-0234,,,浜松市立北図書館,浜松市中央区葵東一丁目15-1,,34.756749,137.720457,,有,先着順　各会場に応じて,,,"申込必要
【申込開始】2026年09月18日(金曜日)　
【方法】窓口／電話((053)436-6646)
各開催月の前月18日から申し込み受付開始",https://www.lib-city-hamamatsu.jp/service/jidou/bookstart/bookstart_202610-12.html,,こそだて,中央区,2026-07-13,,○,002626_00
221309,20260707192,静岡県,浜松市,ブックスタート,ブックスタート,Bookstart,2026-10-21,,10:00,,各開催月の前月18日から申し込み受付開始,"【内容】読み聞かせやわらべうたの体験とアドバイス、おすすめの絵本1冊プレゼント
【対象】6ヵ月から満1歳(お誕生日当月まで)の赤ちゃんとその保護者
【条件】対象期間内に1回受講可",,,中央図書館,(053)456-0234,,,浜松市立雄踏図書館,浜松市中央区雄踏町宇布見8287,,34.699443,137.631848,,有,先着順　各会場に応じて,,,"申込必要
【申込開始】2026年09月18日(金曜日)　
【方法】窓口／電話((053)596-5522)
各開催月の前月18日から申し込み受付開始",https://www.lib-city-hamamatsu.jp/service/jidou/bookstart/bookstart_202610-12.html,,こそだて,中央区,2026-07-13,,○,002751_00
221309,20260707193,静岡県,浜松市,ブックスタート,ブックスタート,Bookstart,2026-10-21,,10:30,,各開催月の前月18日から申し込み受付開始,"【内容】読み聞かせやわらべうたの体験とアドバイス、おすすめの絵本1冊プレゼント
【対象】6ヵ月から満1歳(お誕生日当月まで)の赤ちゃんとその保護者
【条件】対象期間内に1回受講可",,,中央図書館,(053)456-0234,,,浜松市立天竜図書館,浜松市天竜区二俣町二俣184-32,,34.864322,137.817746,,有,先着順　各会場に応じて,,,"申込必要
【申込開始】2026年09月18日(金曜日)　
【方法】窓口／電話((053)926-1245)
各開催月の前月18日から申し込み受付開始",https://www.lib-city-hamamatsu.jp/service/jidou/bookstart/bookstart_202610-12.html,,こそだて,天竜区,2026-07-13,,○,004523_01
221309,20260707194,静岡県,浜松市,ブックスタート,ブックスタート,Bookstart,2026-10-22,,10:30,,各開催月の前月18日から申し込み受付開始,"【内容】読み聞かせやわらべうたの体験とアドバイス、おすすめの絵本1冊プレゼント
【対象】6ヵ月から満1歳(お誕生日当月まで)の赤ちゃんとその保護者
【条件】対象期間内に1回受講可",,,中央図書館,(053)456-0234,,,浜松市立細江図書館,浜松市浜名区細江町気賀4579-1,,34.806791,137.649121,,有,先着順　各会場に応じて,,,"申込必要
【申込開始】2026年09月18日(金曜日)　
【方法】窓口／電話((053)527-0185)
各開催月の前月18日から申し込み受付開始",https://www.lib-city-hamamatsu.jp/service/jidou/bookstart/bookstart_202610-12.html,,こそだて,浜名区,2026-07-13,,○,000933_00
221309,20260707195,静岡県,浜松市,ブックスタート,ブックスタート,Bookstart,2026-10-23,,13:30,,各開催月の前月18日から申し込み受付開始,"【内容】読み聞かせやわらべうたの体験とアドバイス、おすすめの絵本1冊プレゼント
【対象】6ヵ月から満1歳(お誕生日当月まで)の赤ちゃんとその保護者
【条件】対象期間内に1回受講可",,,中央図書館,(053)456-0234,,,プレ葉ウォーク浜北,浜松市浜名区貴布祢1200,,34.797492,137.779388,,有,先着順　各会場に応じて,,,"申込必要
【申込開始】2026年09月18日(金曜日)　
【方法】窓口／電話((053)456-0234)
各開催月の前月18日から申し込み受付開始",https://www.lib-city-hamamatsu.jp/service/jidou/bookstart/bookstart_202610-12.html,,こそだて,浜名区,2026-07-13,,○,
221309,20260707196,静岡県,浜松市,ブックスタート,ブックスタート,Bookstart,2026-10-23,,10:00,,各開催月の前月18日から申し込み受付開始,"【内容】読み聞かせやわらべうたの体験とアドバイス、おすすめの絵本1冊プレゼント
【対象】6ヵ月から満1歳(お誕生日当月まで)の赤ちゃんとその保護者
【条件】対象期間内に1回受講可",,,中央図書館,(053)456-0234,,,浜松市立龍山図書館,浜松市天竜区龍山町瀬尻982-2,,35.023319,137.840062,,有,先着順　各会場に応じて,,,"申込必要
【申込開始】2026年09月18日(金曜日)　
【方法】窓口／電話((053)968-0331)
各開催月の前月18日から申し込み受付開始",https://www.lib-city-hamamatsu.jp/service/jidou/bookstart/bookstart_202610-12.html,,こそだて,天竜区,2026-07-13,,○,002802_01
221309,20260707197,静岡県,浜松市,ブックスタート,ブックスタート,Bookstart,2026-10-25,,10:00,,各開催月の前月18日から申し込み受付開始,"【内容】読み聞かせやわらべうたの体験とアドバイス、おすすめの絵本1冊プレゼント
【対象】6ヵ月から満1歳(お誕生日当月まで)の赤ちゃんとその保護者
【条件】対象期間内に1回受講可",,,中央図書館,(053)456-0234,,,浜松市立中央図書館,浜松市中央区松城町214番地の21,,34.709665,137.725399,,有,先着順　各会場に応じて,,,"申込必要
【申込開始】2026年09月18日(金曜日)　
【方法】窓口／電話((053)456-0234)
各開催月の前月18日から申し込み受付開始",https://www.lib-city-hamamatsu.jp/service/jidou/bookstart/bookstart_202610-12.html,申込状況によりポルトガル語の通訳が同席,こそだて,中央区,2026-07-13,2026-09-07,○,001861_00
221309,20260707198,静岡県,浜松市,ブックスタート,ブックスタート,Bookstart,2026-10-28,,10:00,,各開催月の前月18日から申し込み受付開始,"【内容】読み聞かせやわらべうたの体験とアドバイス、おすすめの絵本1冊プレゼント
【対象】6ヵ月から満1歳(お誕生日当月まで)の赤ちゃんとその保護者
【条件】対象期間内に1回受講可",,,中央図書館,(053)456-0234,,,浜松市立浜北図書館,浜松市浜名区貴布祢3000,,34.791673,137.783232,,有,先着順　各会場に応じて,,,"申込必要
【申込開始】2026年09月18日(金曜日)　
【方法】窓口／電話((053)586-8200)
各開催月の前月18日から申し込み受付開始",https://www.lib-city-hamamatsu.jp/service/jidou/bookstart/bookstart_202610-12.html,,こそだて,浜名区,2026-07-13,,○,000106_01
221309,20260707199,静岡県,浜松市,ブックスタート,ブックスタート,Bookstart,2026-11-02,,10:00,,各開催月の前月18日から申し込み受付開始,"【内容】読み聞かせやわらべうたの体験とアドバイス、おすすめの絵本1冊プレゼント
【対象】6ヵ月から満1歳(お誕生日当月まで)の赤ちゃんとその保護者
【条件】対象期間内に1回受講可",,,中央図書館,(053)456-0234,,,浜松市立中央図書館,浜松市中央区松城町214番地の21,,34.709665,137.725399,,有,先着順　各会場に応じて,,,"申込必要
【申込開始】2026年10月18日(日曜日)　
【方法】窓口／電話((053)456-0234)
各開催月の前月18日から申し込み受付開始",https://www.lib-city-hamamatsu.jp/service/jidou/bookstart/bookstart_202610-12.html,,こそだて,中央区,2026-07-13,,○,001861_00
221309,20260707200,静岡県,浜松市,ブックスタート,ブックスタート,Bookstart,2026-11-02,,10:00,,各開催月の前月18日から申し込み受付開始,"【内容】読み聞かせやわらべうたの体験とアドバイス、おすすめの絵本1冊プレゼント
【対象】6ヵ月から満1歳(お誕生日当月まで)の赤ちゃんとその保護者
【条件】対象期間内に1回受講可",,,中央図書館,(053)456-0234,,,浜松市立城北図書館,浜松市中央区和地山二丁目37-2,,34.730199,137.719025,,有,先着順　各会場に応じて,,,"申込必要
【申込開始】2026年10月18日(日曜日)　
【方法】窓口／電話((053)474-1725)
各開催月の前月18日から申し込み受付開始",https://www.lib-city-hamamatsu.jp/service/jidou/bookstart/bookstart_202610-12.html,,こそだて,中央区,2026-07-13,,○,001413_00
221309,20260707201,静岡県,浜松市,ブックスタート,ブックスタート,Bookstart,2026-11-02,,10:00,,各開催月の前月18日から申し込み受付開始,"【内容】読み聞かせやわらべうたの体験とアドバイス、おすすめの絵本1冊プレゼント
【対象】6ヵ月から満1歳(お誕生日当月まで)の赤ちゃんとその保護者
【条件】対象期間内に1回受講可",,,中央図書館,(053)456-0234,,,浜松市立積志図書館,浜松市中央区積志町1819,,34.769767,137.761581,,有,先着順　各会場に応じて,,,"申込必要
【申込開始】2026年10月18日(日曜日)　
【方法】窓口／電話((053)435-0744)
各開催月の前月18日から申し込み受付開始",https://www.lib-city-hamamatsu.jp/service/jidou/bookstart/bookstart_202610-12.html,,こそだて,中央区,2026-07-13,,○,001639_00
221309,20260707202,静岡県,浜松市,ブックスタート,ブックスタート,Bookstart,2026-11-04,,10:00,,各開催月の前月18日から申し込み受付開始,"【内容】読み聞かせやわらべうたの体験とアドバイス、おすすめの絵本1冊プレゼント
【対象】6ヵ月から満1歳(お誕生日当月まで)の赤ちゃんとその保護者
【条件】対象期間内に1回受講可",,,中央図書館,(053)456-0234,,,浜松市立雄踏図書館,浜松市中央区雄踏町宇布見8287,,34.699443,137.631848,,有,先着順　各会場に応じて,,,"申込必要
【申込開始】2026年10月18日(日曜日)　
【方法】窓口／電話((053)596-5522)
各開催月の前月18日から申し込み受付開始",https://www.lib-city-hamamatsu.jp/service/jidou/bookstart/bookstart_202610-12.html,,こそだて,中央区,2026-07-13,,○,002751_00
221309,20260707203,静岡県,浜松市,ブックスタート,ブックスタート,Bookstart,2026-11-05,,10:00,,各開催月の前月18日から申し込み受付開始,"【内容】読み聞かせやわらべうたの体験とアドバイス、おすすめの絵本1冊プレゼント
【対象】6ヵ月から満1歳(お誕生日当月まで)の赤ちゃんとその保護者
【条件】対象期間内に1回受講可",,,中央図書館,(053)456-0234,,,浜松市立はまゆう図書館,浜松市中央区大人見町1750-394,,34.737857,137.657554,,有,先着順　各会場に応じて,,,"申込必要
【申込開始】2026年10月18日(日曜日)　
【方法】窓口／電話((053)482-1127)
各開催月の前月18日から申し込み受付開始",https://www.lib-city-hamamatsu.jp/service/jidou/bookstart/bookstart_202610-12.html,,こそだて,中央区,2026-07-13,,○,000110_00
221309,20260707204,静岡県,浜松市,ブックスタート,ブックスタート,Bookstart,2026-11-05,,10:00,,各開催月の前月18日から申し込み受付開始,"【内容】読み聞かせやわらべうたの体験とアドバイス、おすすめの絵本1冊プレゼント
【対象】6ヵ月から満1歳(お誕生日当月まで)の赤ちゃんとその保護者
【条件】対象期間内に1回受講可",,,中央図書館,(053)456-0234,,,浜松市立可新図書館,浜松市中央区小沢渡町1142-1,,34.684340,137.682252,,有,先着順　各会場に応じて,,,"申込必要
【申込開始】2026年10月18日(日曜日)　
【方法】窓口／電話((053)449-1001)
各開催月の前月18日から申し込み受付開始",https://www.lib-city-hamamatsu.jp/service/jidou/bookstart/bookstart_202610-12.html,,こそだて,中央区,2026-07-13,,○,000377_00
221309,20260707205,静岡県,浜松市,ブックスタート,ブックスタート,Bookstart,2026-11-06,,10:00,,各開催月の前月18日から申し込み受付開始,"【内容】読み聞かせやわらべうたの体験とアドバイス、おすすめの絵本1冊プレゼント
【対象】6ヵ月から満1歳(お誕生日当月まで)の赤ちゃんとその保護者
【条件】対象期間内に1回受講可",,,中央図書館,(053)456-0234,,,東部保健福祉センター,浜松市中央区青屋町300,いきいきプラザ天竜川,34.715732,137.782995,,有,先着順　各会場に応じて,,,"申込必要
【申込開始】2026年10月18日(日曜日)　
【方法】窓口／電話((053)456-0234)
各開催月の前月18日から申し込み受付開始",https://www.lib-city-hamamatsu.jp/service/jidou/bookstart/bookstart_202610-12.html,,こそだて,中央区,2026-07-13,,○,000029_00
221309,20260707206,静岡県,浜松市,ブックスタート,ブックスタート,Bookstart,2026-11-07,,13:30,,各開催月の前月18日から申し込み受付開始,"【内容】読み聞かせやわらべうたの体験とアドバイス、おすすめの絵本1冊プレゼント
【対象】6ヵ月から満1歳(お誕生日当月まで)の赤ちゃんとその保護者
【条件】対象期間内に1回受講可",,,中央図書館,(053)456-0234,,,プレ葉ウォーク浜北,浜松市浜名区貴布祢1200,,34.797492,137.779388,,有,先着順　各会場に応じて,,,"申込必要
【申込開始】2026年10月18日(日曜日)　
【方法】窓口／電話((053)456-0234)
各開催月の前月18日から申し込み受付開始",https://www.lib-city-hamamatsu.jp/service/jidou/bookstart/bookstart_202610-12.html,,こそだて,浜名区,2026-07-13,,○,
221309,20260707207,静岡県,浜松市,ブックスタート,ブックスタート,Bookstart,2026-11-09,,10:00,,各開催月の前月18日から申し込み受付開始,"【内容】読み聞かせやわらべうたの体験とアドバイス、おすすめの絵本1冊プレゼント
【対象】6ヵ月から満1歳(お誕生日当月まで)の赤ちゃんとその保護者
【条件】対象期間内に1回受講可",,,中央図書館,(053)456-0234,,,浜松市立中央図書館,浜松市中央区松城町214番地の21,,34.709665,137.725399,,有,先着順　各会場に応じて,,,"申込必要
【申込開始】2026年10月18日(日曜日)　
【方法】窓口／電話((053)456-0234)
各開催月の前月18日から申し込み受付開始",https://www.lib-city-hamamatsu.jp/service/jidou/bookstart/bookstart_202610-12.html,,こそだて,中央区,2026-07-13,,○,001861_00
221309,20260707208,静岡県,浜松市,ブックスタート,ブックスタート,Bookstart,2026-11-10,,10:00,,各開催月の前月18日から申し込み受付開始,"【内容】読み聞かせやわらべうたの体験とアドバイス、おすすめの絵本1冊プレゼント
【対象】6ヵ月から満1歳(お誕生日当月まで)の赤ちゃんとその保護者
【条件】対象期間内に1回受講可",,,中央図書館,(053)456-0234,,,浜松市立都田図書館,浜松市浜名区都田町8751-2,,34.813018,137.737874,,有,先着順　各会場に応じて,,,"申込必要
【申込開始】2026年10月18日(日曜日)　
【方法】窓口／電話((053)428-0011)
各開催月の前月18日から申し込み受付開始",https://www.lib-city-hamamatsu.jp/service/jidou/bookstart/bookstart_202610-12.html,,こそだて,浜名区,2026-07-13,,○,004712_00
221309,20260707209,静岡県,浜松市,ブックスタート,ブックスタート,Bookstart,2026-11-11,,10:30,,各開催月の前月18日から申し込み受付開始,"【内容】読み聞かせやわらべうたの体験とアドバイス、おすすめの絵本1冊プレゼント
【対象】6ヵ月から満1歳(お誕生日当月まで)の赤ちゃんとその保護者
【条件】対象期間内に1回受講可",,,中央図書館,(053)456-0234,,,浜松市立西図書館,浜松市中央区西伊場町52-17,,34.697643,137.702293,,有,先着順　各会場に応じて,,,"申込必要
【申込開始】2026年10月18日(日曜日)　
【方法】窓口／電話((053)456-3379)
各開催月の前月18日から申し込み受付開始",https://www.lib-city-hamamatsu.jp/service/jidou/bookstart/bookstart_202610-12.html,,こそだて,中央区,2026-07-13,,○,001583_00
221309,20260707210,静岡県,浜松市,ブックスタート,ブックスタート,Bookstart,2026-11-11,,10:00,,各開催月の前月18日から申し込み受付開始,"【内容】読み聞かせやわらべうたの体験とアドバイス、おすすめの絵本1冊プレゼント
【対象】6ヵ月から満1歳(お誕生日当月まで)の赤ちゃんとその保護者
【条件】対象期間内に1回受講可",,,中央図書館,(053)456-0234,,,浜松市立浜北図書館,浜松市浜名区貴布祢3000,,34.791673,137.783232,,有,先着順　各会場に応じて,,,"申込必要
【申込開始】2026年10月18日(日曜日)　
【方法】窓口／電話((053)586-8200)
各開催月の前月18日から申し込み受付開始",https://www.lib-city-hamamatsu.jp/service/jidou/bookstart/bookstart_202610-12.html,,こそだて,浜名区,2026-07-13,,○,000106_01
221309,20260707211,静岡県,浜松市,ブックスタート,ブックスタート,Bookstart,2026-11-12,,10:00,,各開催月の前月18日から申し込み受付開始,"【内容】読み聞かせやわらべうたの体験とアドバイス、おすすめの絵本1冊プレゼント
【対象】6ヵ月から満1歳(お誕生日当月まで)の赤ちゃんとその保護者
【条件】対象期間内に1回受講可",,,中央図書館,(053)456-0234,,,浜松市立南図書館,浜松市中央区海老塚二丁目25-17,,34.696814,137.733514,,有,先着順　各会場に応じて,,,"申込必要
【申込開始】2026年10月18日(日曜日)　
【方法】窓口／電話((053)452-1655)
各開催月の前月18日から申し込み受付開始",https://www.lib-city-hamamatsu.jp/service/jidou/bookstart/bookstart_202610-12.html,,こそだて,中央区,2026-07-13,,○,002136_00
221309,20260707212,静岡県,浜松市,ブックスタート,ブックスタート,Bookstart,2026-11-12,,10:30,,各開催月の前月18日から申し込み受付開始,"【内容】読み聞かせやわらべうたの体験とアドバイス、おすすめの絵本1冊プレゼント
【対象】6ヵ月から満1歳(お誕生日当月まで)の赤ちゃんとその保護者
【条件】対象期間内に1回受講可",,,中央図書館,(053)456-0234,,,浜松市立引佐図書館,浜松市浜名区引佐町井伊谷610-2,,34.834554,137.671480,,有,先着順　各会場に応じて,,,"申込必要
【申込開始】2026年10月18日(日曜日)　
【方法】窓口／電話((053)542-2118)
各開催月の前月18日から申し込み受付開始",https://www.lib-city-hamamatsu.jp/service/jidou/bookstart/bookstart_202610-12.html,,こそだて,浜名区,2026-07-13,,○,000247_00
221309,20260707213,静岡県,浜松市,ブックスタート,ブックスタート,Bookstart,2026-11-13,,13:30,,各開催月の前月18日から申し込み受付開始,"【内容】読み聞かせやわらべうたの体験とアドバイス、おすすめの絵本1冊プレゼント
【対象】6ヵ月から満1歳(お誕生日当月まで)の赤ちゃんとその保護者
【条件】対象期間内に1回受講可",,,中央図書館,(053)456-0234,,,プレ葉ウォーク浜北,浜松市浜名区貴布祢1200,,34.797492,137.779388,,有,先着順　各会場に応じて,,,"申込必要
【申込開始】2026年10月18日(日曜日)　
【方法】窓口／電話((053)456-0234)
各開催月の前月18日から申し込み受付開始",https://www.lib-city-hamamatsu.jp/service/jidou/bookstart/bookstart_202610-12.html,,こそだて,浜名区,2026-07-13,,○,
221309,20260707214,静岡県,浜松市,ブックスタート,ブックスタート,Bookstart,2026-11-16,,10:00,,各開催月の前月18日から申し込み受付開始,"【内容】読み聞かせやわらべうたの体験とアドバイス、おすすめの絵本1冊プレゼント
【対象】6ヵ月から満1歳(お誕生日当月まで)の赤ちゃんとその保護者
【条件】対象期間内に1回受講可",,,中央図書館,(053)456-0234,,,浜松市立城北図書館,浜松市中央区和地山二丁目37-2,,34.730199,137.719025,,有,先着順　各会場に応じて,,,"申込必要
【申込開始】2026年10月18日(日曜日)　
【方法】窓口／電話((053)474-1725)
各開催月の前月18日から申し込み受付開始",https://www.lib-city-hamamatsu.jp/service/jidou/bookstart/bookstart_202610-12.html,,こそだて,中央区,2026-07-13,,○,001413_00
221309,20260707215,静岡県,浜松市,ブックスタート,ブックスタート,Bookstart,2026-11-16,,10:00,,各開催月の前月18日から申し込み受付開始,"【内容】読み聞かせやわらべうたの体験とアドバイス、おすすめの絵本1冊プレゼント
【対象】6ヵ月から満1歳(お誕生日当月まで)の赤ちゃんとその保護者
【条件】対象期間内に1回受講可",,,中央図書館,(053)456-0234,,,浜松市立積志図書館,浜松市中央区積志町1819,,34.769767,137.761581,,有,先着順　各会場に応じて,,,"申込必要
【申込開始】2026年10月18日(日曜日)　
【方法】窓口／電話((053)435-0744)
各開催月の前月18日から申し込み受付開始",https://www.lib-city-hamamatsu.jp/service/jidou/bookstart/bookstart_202610-12.html,,こそだて,中央区,2026-07-13,,○,001639_00
221309,20260707216,静岡県,浜松市,ブックスタート,ブックスタート,Bookstart,2026-11-17,,10:00,,各開催月の前月18日から申し込み受付開始,"【内容】読み聞かせやわらべうたの体験とアドバイス、おすすめの絵本1冊プレゼント
【対象】6ヵ月から満1歳(お誕生日当月まで)の赤ちゃんとその保護者
【条件】対象期間内に1回受講可",,,中央図書館,(053)456-0234,,,浜松市立中央図書館,浜松市中央区松城町214番地の21,,34.709665,137.725399,,有,先着順　各会場に応じて,,,"申込必要
【申込開始】2026年10月18日(日曜日)　
【方法】窓口／電話((053)456-0234)
各開催月の前月18日から申し込み受付開始",https://www.lib-city-hamamatsu.jp/service/jidou/bookstart/bookstart_202610-12.html,,こそだて,中央区,2026-07-13,,○,001861_00
221309,20260707217,静岡県,浜松市,ブックスタート,ブックスタート,Bookstart,2026-11-17,,10:00,,各開催月の前月18日から申し込み受付開始,"【内容】読み聞かせやわらべうたの体験とアドバイス、おすすめの絵本1冊プレゼント
【対象】6ヵ月から満1歳(お誕生日当月まで)の赤ちゃんとその保護者
【条件】対象期間内に1回受講可",,,中央図書館,(053)456-0234,,,浜松市立東図書館,浜松市中央区子安町309-1,,34.713193,137.761613,,有,先着順　各会場に応じて,,,"申込必要
【申込開始】2026年10月18日(日曜日)　
【方法】窓口／電話((053)464-2081)
各開催月の前月18日から申し込み受付開始",https://www.lib-city-hamamatsu.jp/service/jidou/bookstart/bookstart_202610-12.html,,こそだて,中央区,2026-07-13,,○,002071_00
221309,20260707218,静岡県,浜松市,ブックスタート,ブックスタート,Bookstart,2026-11-17,,10:00,,各開催月の前月18日から申し込み受付開始,"【内容】読み聞かせやわらべうたの体験とアドバイス、おすすめの絵本1冊プレゼント
【対象】6ヵ月から満1歳(お誕生日当月まで)の赤ちゃんとその保護者
【条件】対象期間内に1回受講可",,,中央図書館,(053)456-0234,,,浜松市立舞阪図書館,浜松市中央区舞阪町舞阪2668-56,,34.679240,137.613319,,有,先着順　各会場に応じて,,,"申込必要
【申込開始】2026年10月18日(日曜日)　
【方法】窓口／電話((053)592-7000)
各開催月の前月18日から申し込み受付開始",https://www.lib-city-hamamatsu.jp/service/jidou/bookstart/bookstart_202610-12.html,,こそだて,中央区,2026-07-13,,○,002459_00
221309,20260707219,静岡県,浜松市,ブックスタート,ブックスタート,Bookstart,2026-11-17,,11:20,,各開催月の前月18日から申し込み受付開始,"【内容】読み聞かせやわらべうたの体験とアドバイス、おすすめの絵本1冊プレゼント
【対象】6ヵ月から満1歳(お誕生日当月まで)の赤ちゃんとその保護者
【条件】対象期間内に1回受講可",,,中央図書館,(053)456-0234,,,浜松市春野福祉センター,浜松市天竜区春野町宮川1330,,34.979531,137.896839,,有,先着順　各会場に応じて,,,"申込必要
【申込開始】2026年10月18日(日曜日)　
【方法】窓口／電話((053)989-1119)
各開催月の前月18日から申し込み受付開始",https://www.lib-city-hamamatsu.jp/service/jidou/bookstart/bookstart_202610-12.html,,こそだて,天竜区,2026-07-13,,○,001219_00
221309,20260707220,静岡県,浜松市,ブックスタート,ブックスタート,Bookstart,2026-11-18,,10:00,,各開催月の前月18日から申し込み受付開始,"【内容】読み聞かせやわらべうたの体験とアドバイス、おすすめの絵本1冊プレゼント
【対象】6ヵ月から満1歳(お誕生日当月まで)の赤ちゃんとその保護者
【条件】対象期間内に1回受講可",,,中央図書館,(053)456-0234,,,浜松市立北図書館,浜松市中央区葵東一丁目15-1,,34.756749,137.720457,,有,先着順　各会場に応じて,,,"申込必要
【申込開始】2026年10月18日(日曜日)　
【方法】窓口／電話((053)436-6646)
各開催月の前月18日から申し込み受付開始",https://www.lib-city-hamamatsu.jp/service/jidou/bookstart/bookstart_202610-12.html,,こそだて,中央区,2026-07-13,,○,002626_00
221309,20260707221,静岡県,浜松市,ブックスタート,ブックスタート,Bookstart,2026-11-18,,10:00,,各開催月の前月18日から申し込み受付開始,"【内容】読み聞かせやわらべうたの体験とアドバイス、おすすめの絵本1冊プレゼント
【対象】6ヵ月から満1歳(お誕生日当月まで)の赤ちゃんとその保護者
【条件】対象期間内に1回受講可",,,中央図書館,(053)456-0234,,,浜松市立雄踏図書館,浜松市中央区雄踏町宇布見8287,,34.699443,137.631848,,有,先着順　各会場に応じて,,,"申込必要
【申込開始】2026年10月18日(日曜日)　
【方法】窓口／電話((053)596-5522)
各開催月の前月18日から申し込み受付開始",https://www.lib-city-hamamatsu.jp/service/jidou/bookstart/bookstart_202610-12.html,,こそだて,中央区,2026-07-13,,○,002751_00
221309,20260707222,静岡県,浜松市,ブックスタート,ブックスタート,Bookstart,2026-11-18,,10:00,,各開催月の前月18日から申し込み受付開始,"【内容】読み聞かせやわらべうたの体験とアドバイス、おすすめの絵本1冊プレゼント
【対象】6ヵ月から満1歳(お誕生日当月まで)の赤ちゃんとその保護者
【条件】対象期間内に1回受講可",,,中央図書館,(053)456-0234,,,浜松市立天竜図書館,浜松市天竜区二俣町二俣184-32,,34.864322,137.817746,,有,先着順　各会場に応じて,,,"申込必要
【申込開始】2026年10月18日(日曜日)　
【方法】窓口／電話((053)926-1245)
各開催月の前月18日から申し込み受付開始",https://www.lib-city-hamamatsu.jp/service/jidou/bookstart/bookstart_202610-12.html,,こそだて,天竜区,2026-07-13,,○,004523_01
221309,20260707223,静岡県,浜松市,ブックスタート,ブックスタート,Bookstart,2026-11-19,,10:30,,各開催月の前月18日から申し込み受付開始,"【内容】読み聞かせやわらべうたの体験とアドバイス、おすすめの絵本1冊プレゼント
【対象】6ヵ月から満1歳(お誕生日当月まで)の赤ちゃんとその保護者
【条件】対象期間内に1回受講可",,,中央図書館,(053)456-0234,,,浜松市立はまゆう図書館,浜松市中央区大人見町1750-394,,34.737857,137.657554,,有,先着順　各会場に応じて,,,"申込必要
【申込開始】2026年10月18日(日曜日)　
【方法】窓口／電話((053)482-1127)
各開催月の前月18日から申し込み受付開始",https://www.lib-city-hamamatsu.jp/service/jidou/bookstart/bookstart_202610-12.html,,こそだて,中央区,2026-07-13,,○,000110_00
221309,20260707224,静岡県,浜松市,ブックスタート,ブックスタート,Bookstart,2026-11-19,,13:30,,各開催月の前月18日から申し込み受付開始,"【内容】読み聞かせやわらべうたの体験とアドバイス、おすすめの絵本1冊プレゼント
【対象】6ヵ月から満1歳(お誕生日当月まで)の赤ちゃんとその保護者
【条件】対象期間内に1回受講可",,,中央図書館,(053)456-0234,,,浜松市立可新図書館,浜松市中央区小沢渡町1142-1,,34.684340,137.682252,,有,先着順　各会場に応じて,,,"申込必要
【申込開始】2026年10月18日(日曜日)　
【方法】窓口／電話((053)449-1001)
各開催月の前月18日から申し込み受付開始",https://www.lib-city-hamamatsu.jp/service/jidou/bookstart/bookstart_202610-12.html,,こそだて,中央区,2026-07-13,,○,000377_00
221309,20260707225,静岡県,浜松市,ブックスタート,ブックスタート,Bookstart,2026-11-19,,13:30,,各開催月の前月18日から申し込み受付開始,"【内容】読み聞かせやわらべうたの体験とアドバイス、おすすめの絵本1冊プレゼント
【対象】6ヵ月から満1歳(お誕生日当月まで)の赤ちゃんとその保護者
【条件】対象期間内に1回受講可",,,中央図書館,(053)456-0234,,,浜松市立三ヶ日図書館,浜松市浜名区三ヶ日町宇志799-1,,34.806730,137.557937,,有,先着順　各会場に応じて,,,"申込必要
【申込開始】2026年10月18日(日曜日)　
【方法】窓口／電話((053)528-0151)
各開催月の前月18日から申し込み受付開始",https://www.lib-city-hamamatsu.jp/service/jidou/bookstart/bookstart_202610-12.html,,こそだて,浜名区,2026-07-13,,○,000971_00
221309,20260707226,静岡県,浜松市,ブックスタート,ブックスタート,Bookstart,2026-11-20,,10:00,,各開催月の前月18日から申し込み受付開始,"【内容】読み聞かせやわらべうたの体験とアドバイス、おすすめの絵本1冊プレゼント
【対象】6ヵ月から満1歳(お誕生日当月まで)の赤ちゃんとその保護者
【条件】対象期間内に1回受講可",,,中央図書館,(053)456-0234,,,浜松市立流通元町図書館,浜松市中央区流通元町20-2,産業展示館北館1階,34.741198,137.790484,,有,先着順　各会場に応じて,,,"申込必要
【申込開始】2026年10月18日(日曜日)　
【方法】窓口／電話((053)422-0202)
各開催月の前月18日から申し込み受付開始",https://www.lib-city-hamamatsu.jp/service/jidou/bookstart/bookstart_202610-12.html,,こそだて,中央区,2026-07-13,,○,001719_01
221309,20260707227,静岡県,浜松市,ブックスタート,ブックスタート,Bookstart,2026-11-22,,13:30,,各開催月の前月18日から申し込み受付開始,"【内容】読み聞かせやわらべうたの体験とアドバイス、おすすめの絵本1冊プレゼント
【対象】6ヵ月から満1歳(お誕生日当月まで)の赤ちゃんとその保護者
【条件】対象期間内に1回受講可",,,中央図書館,(053)456-0234,,,浜松市立中央図書館,浜松市中央区松城町214番地の21,,34.709665,137.725399,,有,先着順　各会場に応じて,,,"申込必要
【申込開始】2026年10月18日(日曜日)　
【方法】窓口／電話((053)456-0234)
各開催月の前月18日から申し込み受付開始",https://www.lib-city-hamamatsu.jp/service/jidou/bookstart/bookstart_202610-12.html,申込状況により英語の通訳が同席,こそだて,中央区,2026-07-13,,○,001861_00
221309,20260707228,静岡県,浜松市,ブックスタート,ブックスタート,Bookstart,2026-11-25,,10:00,,各開催月の前月18日から申し込み受付開始,"【内容】読み聞かせやわらべうたの体験とアドバイス、おすすめの絵本1冊プレゼント
【対象】6ヵ月から満1歳(お誕生日当月まで)の赤ちゃんとその保護者
【条件】対象期間内に1回受講可",,,中央図書館,(053)456-0234,,,浜松市立浜北図書館,浜松市浜名区貴布祢3000,,34.791673,137.783232,,有,先着順　各会場に応じて,,,"申込必要
【申込開始】2026年10月18日(日曜日)　
【方法】窓口／電話((053)586-8200)
各開催月の前月18日から申し込み受付開始",https://www.lib-city-hamamatsu.jp/service/jidou/bookstart/bookstart_202610-12.html,,こそだて,浜名区,2026-07-13,,○,000106_01
221309,20260707229,静岡県,浜松市,ブックスタート,ブックスタート,Bookstart,2026-11-26,,10:30,,各開催月の前月18日から申し込み受付開始,"【内容】読み聞かせやわらべうたの体験とアドバイス、おすすめの絵本1冊プレゼント
【対象】6ヵ月から満1歳(お誕生日当月まで)の赤ちゃんとその保護者
【条件】対象期間内に1回受講可",,,中央図書館,(053)456-0234,,,浜松市立細江図書館,浜松市浜名区細江町気賀4579-1,,34.806791,137.649121,,有,先着順　各会場に応じて,,,"申込必要
【申込開始】2026年11月18日(水曜日)　
【方法】窓口／電話((053)527-0185)
各開催月の前月18日から申し込み受付開始",https://www.lib-city-hamamatsu.jp/service/jidou/bookstart/bookstart_202610-12.html,,こそだて,浜名区,2026-07-13,,○,000933_00
221309,20260707230,静岡県,浜松市,ブックスタート,ブックスタート,Bookstart,2026-11-27,,10:00,,各開催月の前月18日から申し込み受付開始,"【内容】読み聞かせやわらべうたの体験とアドバイス、おすすめの絵本1冊プレゼント
【対象】6ヵ月から満1歳(お誕生日当月まで)の赤ちゃんとその保護者
【条件】対象期間内に1回受講可",,,中央図書館,(053)456-0234,,,東部保健福祉センター,浜松市中央区青屋町300,いきいきプラザ天竜川,34.715732,137.782995,,有,先着順　各会場に応じて,,,"申込必要
【申込開始】2026年11月18日(水曜日)　
【方法】窓口／電話((053)456-0234)
各開催月の前月18日から申し込み受付開始",https://www.lib-city-hamamatsu.jp/service/jidou/bookstart/bookstart_202610-12.html,,こそだて,中央区,2026-07-13,,○,000029_00
221309,20260707231,静岡県,浜松市,ブックスタート,ブックスタート,Bookstart,2026-12-01,,10:00,,各開催月の前月18日から申し込み受付開始,"【内容】読み聞かせやわらべうたの体験とアドバイス、おすすめの絵本1冊プレゼント
【対象】6ヵ月から満1歳(お誕生日当月まで)の赤ちゃんとその保護者
【条件】対象期間内に1回受講可",,,中央図書館,(053)456-0234,,,浜松市立中央図書館,浜松市中央区松城町214番地の21,,34.709665,137.725399,,有,先着順　各会場に応じて,,,"申込必要
【申込開始】2026年11月18日(水曜日)　
【方法】窓口／電話((053)456-0234)
各開催月の前月18日から申し込み受付開始",https://www.lib-city-hamamatsu.jp/service/jidou/bookstart/bookstart_202610-12.html,,こそだて,中央区,2026-07-13,,○,001861_00
221309,20260707232,静岡県,浜松市,ブックスタート,ブックスタート,Bookstart,2026-12-02,,10:00,,各開催月の前月18日から申し込み受付開始,"【内容】読み聞かせやわらべうたの体験とアドバイス、おすすめの絵本1冊プレゼント
【対象】6ヵ月から満1歳(お誕生日当月まで)の赤ちゃんとその保護者
【条件】対象期間内に1回受講可",,,中央図書館,(053)456-0234,,,浜松市立雄踏図書館,浜松市中央区雄踏町宇布見8287,,34.699443,137.631848,,有,先着順　各会場に応じて,,,"申込必要
【申込開始】2026年11月18日(水曜日)　
【方法】窓口／電話((053)596-5522)
各開催月の前月18日から申し込み受付開始",https://www.lib-city-hamamatsu.jp/service/jidou/bookstart/bookstart_202610-12.html,,こそだて,中央区,2026-07-13,,○,002751_00
221309,20260707233,静岡県,浜松市,ブックスタート,ブックスタート,Bookstart,2026-12-03,,10:00,,各開催月の前月18日から申し込み受付開始,"【内容】読み聞かせやわらべうたの体験とアドバイス、おすすめの絵本1冊プレゼント
【対象】6ヵ月から満1歳(お誕生日当月まで)の赤ちゃんとその保護者
【条件】対象期間内に1回受講可",,,中央図書館,(053)456-0234,,,浜松市立可新図書館,浜松市中央区小沢渡町1142-1,,34.684340,137.682252,,有,先着順　各会場に応じて,,,"申込必要
【申込開始】2026年11月18日(水曜日)　
【方法】窓口／電話((053)449-1001)
各開催月の前月18日から申し込み受付開始",https://www.lib-city-hamamatsu.jp/service/jidou/bookstart/bookstart_202610-12.html,,こそだて,中央区,2026-07-13,,○,000377_00
221309,20260707234,静岡県,浜松市,ブックスタート,ブックスタート,Bookstart,2026-12-03,,13:30,,各開催月の前月18日から申し込み受付開始,"【内容】読み聞かせやわらべうたの体験とアドバイス、おすすめの絵本1冊プレゼント
【対象】6ヵ月から満1歳(お誕生日当月まで)の赤ちゃんとその保護者
【条件】対象期間内に1回受講可",,,中央図書館,(053)456-0234,,,浜松市立はまゆう図書館,浜松市中央区大人見町1750-394,,34.737857,137.657554,,有,先着順　各会場に応じて,,,"申込必要
【申込開始】2026年11月18日(水曜日)　
【方法】窓口／電話((053)482-1127)
各開催月の前月18日から申し込み受付開始",https://www.lib-city-hamamatsu.jp/service/jidou/bookstart/bookstart_202610-12.html,,こそだて,中央区,2026-07-13,2026-09-07,○,000110_00
221309,20260707235,静岡県,浜松市,ブックスタート,ブックスタート,Bookstart,2026-12-04,,10:00,,各開催月の前月18日から申し込み受付開始,"【内容】読み聞かせやわらべうたの体験とアドバイス、おすすめの絵本1冊プレゼント
【対象】6ヵ月から満1歳(お誕生日当月まで)の赤ちゃんとその保護者
【条件】対象期間内に1回受講可",,,中央図書館,(053)456-0234,,,東部保健福祉センター,浜松市中央区青屋町300,いきいきプラザ天竜川,34.715732,137.782995,,有,先着順　各会場に応じて,,,"申込必要
【申込開始】2026年11月18日(水曜日)　
【方法】窓口／電話((053)456-0234)
各開催月の前月18日から申し込み受付開始",https://www.lib-city-hamamatsu.jp/service/jidou/bookstart/bookstart_202610-12.html,,こそだて,中央区,2026-07-13,,○,000029_00
221309,20260707236,静岡県,浜松市,ブックスタート,ブックスタート,Bookstart,2026-12-05,,13:30,,各開催月の前月18日から申し込み受付開始,"【内容】読み聞かせやわらべうたの体験とアドバイス、おすすめの絵本1冊プレゼント
【対象】6ヵ月から満1歳(お誕生日当月まで)の赤ちゃんとその保護者
【条件】対象期間内に1回受講可",,,中央図書館,(053)456-0234,,,プレ葉ウォーク浜北,浜松市浜名区貴布祢1200,,34.797492,137.779388,,有,先着順　各会場に応じて,,,"申込必要
【申込開始】2026年11月18日(水曜日)　
【方法】窓口／電話((053)474-1725)
各開催月の前月18日から申し込み受付開始",https://www.lib-city-hamamatsu.jp/service/jidou/bookstart/bookstart_202610-12.html,,こそだて,浜名区,2026-07-13,,○,
221309,20260707237,静岡県,浜松市,ブックスタート,ブックスタート,Bookstart,2026-12-07,,10:00,,各開催月の前月18日から申し込み受付開始,"【内容】読み聞かせやわらべうたの体験とアドバイス、おすすめの絵本1冊プレゼント
【対象】6ヵ月から満1歳(お誕生日当月まで)の赤ちゃんとその保護者
【条件】対象期間内に1回受講可",,,中央図書館,(053)456-0234,,,浜松市立中央図書館,浜松市中央区松城町214番地の21,,34.709665,137.725399,,有,先着順　各会場に応じて,,,"申込必要
【申込開始】2026年11月18日(水曜日)　
【方法】窓口／電話((053)456-0234)
各開催月の前月18日から申し込み受付開始",https://www.lib-city-hamamatsu.jp/service/jidou/bookstart/bookstart_202610-12.html,,こそだて,中央区,2026-07-13,,○,001861_00
221309,20260707238,静岡県,浜松市,ブックスタート,ブックスタート,Bookstart,2026-12-07,,10:00,,各開催月の前月18日から申し込み受付開始,"【内容】読み聞かせやわらべうたの体験とアドバイス、おすすめの絵本1冊プレゼント
【対象】6ヵ月から満1歳(お誕生日当月まで)の赤ちゃんとその保護者
【条件】対象期間内に1回受講可",,,中央図書館,(053)456-0234,,,浜松市立城北図書館,浜松市中央区和地山二丁目37-2,,34.730199,137.719025,,有,先着順　各会場に応じて,,,"申込必要
【申込開始】2026年11月18日(水曜日)　
【方法】窓口／電話((053)474-1725)
各開催月の前月18日から申し込み受付開始",https://www.lib-city-hamamatsu.jp/service/jidou/bookstart/bookstart_202610-12.html,,こそだて,中央区,2026-07-13,,○,001413_00
221309,20260707239,静岡県,浜松市,ブックスタート,ブックスタート,Bookstart,2026-12-07,,10:00,,各開催月の前月18日から申し込み受付開始,"【内容】読み聞かせやわらべうたの体験とアドバイス、おすすめの絵本1冊プレゼント
【対象】6ヵ月から満1歳(お誕生日当月まで)の赤ちゃんとその保護者
【条件】対象期間内に1回受講可",,,中央図書館,(053)456-0234,,,浜松市立積志図書館,浜松市中央区積志町1819,,34.769767,137.761581,,有,先着順　各会場に応じて,,,"申込必要
【申込開始】2026年11月18日(水曜日)　
【方法】窓口／電話((053)435-0744)
各開催月の前月18日から申し込み受付開始",https://www.lib-city-hamamatsu.jp/service/jidou/bookstart/bookstart_202610-12.html,,こそだて,中央区,2026-07-13,,○,001639_00
221309,20260707240,静岡県,浜松市,ブックスタート,ブックスタート,Bookstart,2026-12-08,,10:00,,各開催月の前月18日から申し込み受付開始,"【内容】読み聞かせやわらべうたの体験とアドバイス、おすすめの絵本1冊プレゼント
【対象】6ヵ月から満1歳(お誕生日当月まで)の赤ちゃんとその保護者
【条件】対象期間内に1回受講可",,,中央図書館,(053)456-0234,,,浜松市立都田図書館,浜松市浜名区都田町8751-2,,34.813018,137.737874,,有,先着順　各会場に応じて,,,"申込必要
【申込開始】2026年11月18日(水曜日)　
【方法】窓口／電話((053)586-8200)
各開催月の前月18日から申し込み受付開始",https://www.lib-city-hamamatsu.jp/service/jidou/bookstart/bookstart_202610-12.html,,こそだて,浜名区,2026-07-13,,○,004712_00
221309,20260707241,静岡県,浜松市,ブックスタート,ブックスタート,Bookstart,2026-12-09,,10:00,,各開催月の前月18日から申し込み受付開始,"【内容】読み聞かせやわらべうたの体験とアドバイス、おすすめの絵本1冊プレゼント
【対象】6ヵ月から満1歳(お誕生日当月まで)の赤ちゃんとその保護者
【条件】対象期間内に1回受講可",,,中央図書館,(053)456-0234,,,浜松市立西図書館,浜松市中央区西伊場町52-17,,34.697643,137.702293,,有,先着順　各会場に応じて,,,"申込必要
【申込開始】2026年11月18日(水曜日)　
【方法】窓口／電話((053)452-1655)
各開催月の前月18日から申し込み受付開始",https://www.lib-city-hamamatsu.jp/service/jidou/bookstart/bookstart_202610-12.html,,こそだて,中央区,2026-07-13,,○,001583_00
221309,20260707242,静岡県,浜松市,ブックスタート,ブックスタート,Bookstart,2026-12-09,,10:30,,各開催月の前月18日から申し込み受付開始,"【内容】読み聞かせやわらべうたの体験とアドバイス、おすすめの絵本1冊プレゼント
【対象】6ヵ月から満1歳(お誕生日当月まで)の赤ちゃんとその保護者
【条件】対象期間内に1回受講可",,,中央図書館,(053)456-0234,,,浜松市立浜北図書館,浜松市浜名区貴布祢3000,,34.791673,137.783232,,有,先着順　各会場に応じて,,,"申込必要
【申込開始】2026年11月18日(水曜日)　
【方法】窓口／電話((053)542-2118)
各開催月の前月18日から申し込み受付開始",https://www.lib-city-hamamatsu.jp/service/jidou/bookstart/bookstart_202610-12.html,,こそだて,浜名区,2026-07-13,2026-09-07,○,000106_01
221309,20260707243,静岡県,浜松市,ブックスタート,ブックスタート,Bookstart,2026-12-10,,10:00,,各開催月の前月18日から申し込み受付開始,"【内容】読み聞かせやわらべうたの体験とアドバイス、おすすめの絵本1冊プレゼント
【対象】6ヵ月から満1歳(お誕生日当月まで)の赤ちゃんとその保護者
【条件】対象期間内に1回受講可",,,中央図書館,(053)456-0234,,,浜松市立南図書館,浜松市中央区海老塚二丁目25-17,,34.696814,137.733514,,有,先着順　各会場に応じて,,,"申込必要
【申込開始】2026年11月18日(水曜日)　
【方法】窓口／電話((053)456-0234)
各開催月の前月18日から申し込み受付開始",https://www.lib-city-hamamatsu.jp/service/jidou/bookstart/bookstart_202610-12.html,,こそだて,中央区,2026-07-13,,○,002136_00
221309,20260707244,静岡県,浜松市,ブックスタート,ブックスタート,Bookstart,2026-12-10,,10:30,,各開催月の前月18日から申し込み受付開始,"【内容】読み聞かせやわらべうたの体験とアドバイス、おすすめの絵本1冊プレゼント
【対象】6ヵ月から満1歳(お誕生日当月まで)の赤ちゃんとその保護者
【条件】対象期間内に1回受講可",,,中央図書館,(053)456-0234,,,浜松市立引佐図書館,浜松市浜名区引佐町井伊谷610-2,,34.834554,137.671480,,有,先着順　各会場に応じて,,,"申込必要
【申込開始】2026年11月18日(水曜日)　
【方法】窓口／電話((053)456-0234)
各開催月の前月18日から申し込み受付開始",https://www.lib-city-hamamatsu.jp/service/jidou/bookstart/bookstart_202610-12.html,,こそだて,浜名区,2026-07-13,,○,000247_00
221309,20260707245,静岡県,浜松市,ブックスタート,ブックスタート,Bookstart,2026-12-15,,10:00,,各開催月の前月18日から申し込み受付開始,"【内容】読み聞かせやわらべうたの体験とアドバイス、おすすめの絵本1冊プレゼント
【対象】6ヵ月から満1歳(お誕生日当月まで)の赤ちゃんとその保護者
【条件】対象期間内に1回受講可",,,中央図書館,(053)456-0234,,,浜松市立東図書館,浜松市中央区子安町309-1,,34.713193,137.761613,,有,先着順　各会場に応じて,,,"申込必要
【申込開始】2026年11月18日(水曜日)　
【方法】窓口／電話((053)592-7000)
各開催月の前月18日から申し込み受付開始",https://www.lib-city-hamamatsu.jp/service/jidou/bookstart/bookstart_202610-12.html,,こそだて,中央区,2026-07-13,,○,002071_00
221309,20260707246,静岡県,浜松市,ブックスタート,ブックスタート,Bookstart,2026-12-15,,11:20,,各開催月の前月18日から申し込み受付開始,"【内容】読み聞かせやわらべうたの体験とアドバイス、おすすめの絵本1冊プレゼント
【対象】6ヵ月から満1歳(お誕生日当月まで)の赤ちゃんとその保護者
【条件】対象期間内に1回受講可",,,中央図書館,(053)456-0234,,,浜松市立舞阪図書館,浜松市中央区舞阪町舞阪2668-56,,34.679240,137.613319,,有,先着順　各会場に応じて,,,"申込必要
【申込開始】2026年11月18日(水曜日)　
【方法】窓口／電話((053)989-1119)
各開催月の前月18日から申し込み受付開始",https://www.lib-city-hamamatsu.jp/service/jidou/bookstart/bookstart_202610-12.html,,こそだて,中央区,2026-07-13,,○,002459_00
221309,20260707247,静岡県,浜松市,ブックスタート,ブックスタート,Bookstart,2026-12-16,,10:00,,各開催月の前月18日から申し込み受付開始,"【内容】読み聞かせやわらべうたの体験とアドバイス、おすすめの絵本1冊プレゼント
【対象】6ヵ月から満1歳(お誕生日当月まで)の赤ちゃんとその保護者
【条件】対象期間内に1回受講可",,,中央図書館,(053)456-0234,,,浜松市立雄踏図書館,浜松市中央区雄踏町宇布見8287,,34.699443,137.631848,,有,先着順　各会場に応じて,,,"申込必要
【申込開始】2026年11月18日(水曜日)　
【方法】窓口／電話((053)436-6646)
各開催月の前月18日から申し込み受付開始",https://www.lib-city-hamamatsu.jp/service/jidou/bookstart/bookstart_202610-12.html,,こそだて,中央区,2026-07-13,,○,002751_00
221309,20260707248,静岡県,浜松市,ブックスタート,ブックスタート,Bookstart,2026-12-16,,10:00,,各開催月の前月18日から申し込み受付開始,"【内容】読み聞かせやわらべうたの体験とアドバイス、おすすめの絵本1冊プレゼント
【対象】6ヵ月から満1歳(お誕生日当月まで)の赤ちゃんとその保護者
【条件】対象期間内に1回受講可",,,中央図書館,(053)456-0234,,,浜松市立北図書館,浜松市中央区葵東一丁目15-1,,34.756749,137.720457,,有,先着順　各会場に応じて,,,"申込必要
【申込開始】2026年11月18日(水曜日)　
【方法】窓口／電話((053)596-5522)
各開催月の前月18日から申し込み受付開始",https://www.lib-city-hamamatsu.jp/service/jidou/bookstart/bookstart_202610-12.html,,こそだて,中央区,2026-07-13,,○,002626_00
221309,20260707249,静岡県,浜松市,ブックスタート,ブックスタート,Bookstart,2026-12-16,,10:00,,各開催月の前月18日から申し込み受付開始,"【内容】読み聞かせやわらべうたの体験とアドバイス、おすすめの絵本1冊プレゼント
【対象】6ヵ月から満1歳(お誕生日当月まで)の赤ちゃんとその保護者
【条件】対象期間内に1回受講可",,,中央図書館,(053)456-0234,,,浜松市立天竜図書館,浜松市天竜区二俣町二俣184-32,,34.864322,137.817746,,有,先着順　各会場に応じて,,,"申込必要
【申込開始】2026年11月18日(水曜日)　
【方法】窓口／電話((053)926-1245)
各開催月の前月18日から申し込み受付開始",https://www.lib-city-hamamatsu.jp/service/jidou/bookstart/bookstart_202610-12.html,,こそだて,天竜区,2026-07-13,,○,004523_01
221309,20260707250,静岡県,浜松市,ブックスタート,ブックスタート,Bookstart,2026-12-17,,10:00,,各開催月の前月18日から申し込み受付開始,"【内容】読み聞かせやわらべうたの体験とアドバイス、おすすめの絵本1冊プレゼント
【対象】6ヵ月から満1歳(お誕生日当月まで)の赤ちゃんとその保護者
【条件】対象期間内に1回受講可",,,中央図書館,(053)456-0234,,,浜松市立はまゆう図書館,浜松市中央区大人見町1750-394,,34.737857,137.657554,,有,先着順　各会場に応じて,,,"申込必要
【申込開始】2026年11月18日(水曜日)　
【方法】窓口／電話((053)482-1127)
各開催月の前月18日から申し込み受付開始",https://www.lib-city-hamamatsu.jp/service/jidou/bookstart/bookstart_202610-12.html,,こそだて,中央区,2026-07-13,,○,000110_00
221309,20260707251,静岡県,浜松市,ブックスタート,ブックスタート,Bookstart,2026-12-17,,10:00,,各開催月の前月18日から申し込み受付開始,"【内容】読み聞かせやわらべうたの体験とアドバイス、おすすめの絵本1冊プレゼント
【対象】6ヵ月から満1歳(お誕生日当月まで)の赤ちゃんとその保護者
【条件】対象期間内に1回受講可",,,中央図書館,(053)456-0234,,,浜松市立可新図書館,浜松市中央区小沢渡町1142-1,,34.684340,137.682252,,有,先着順　各会場に応じて,,,"申込必要
【申込開始】2026年11月18日(水曜日)　
【方法】窓口／電話((053)449-1001)
各開催月の前月18日から申し込み受付開始",https://www.lib-city-hamamatsu.jp/service/jidou/bookstart/bookstart_202610-12.html,,こそだて,中央区,2026-07-13,,○,000377_00
221309,20260707252,静岡県,浜松市,ブックスタート,ブックスタート,Bookstart,2026-12-17,,10:00,,各開催月の前月18日から申し込み受付開始,"【内容】読み聞かせやわらべうたの体験とアドバイス、おすすめの絵本1冊プレゼント
【対象】6ヵ月から満1歳(お誕生日当月まで)の赤ちゃんとその保護者
【条件】対象期間内に1回受講可",,,中央図書館,(053)456-0234,,,浜松市立三ヶ日図書館,浜松市浜名区三ヶ日町宇志799-1,,34.806730,137.557937,,有,先着順　各会場に応じて,,,"申込必要
【申込開始】2026年11月18日(水曜日)　
【方法】窓口／電話((053)528-0151)
各開催月の前月18日から申し込み受付開始",https://www.lib-city-hamamatsu.jp/service/jidou/bookstart/bookstart_202610-12.html,,こそだて,浜名区,2026-07-13,,○,000971_00
221309,20260707253,静岡県,浜松市,ブックスタート,ブックスタート,Bookstart,2026-12-18,,10:00,,各開催月の前月18日から申し込み受付開始,"【内容】読み聞かせやわらべうたの体験とアドバイス、おすすめの絵本1冊プレゼント
【対象】6ヵ月から満1歳(お誕生日当月まで)の赤ちゃんとその保護者
【条件】対象期間内に1回受講可",,,中央図書館,(053)456-0234,,,浜松市立流通元町図書館,浜松市中央区流通元町20-2,産業展示館北館1階,34.741198,137.790484,,有,先着順　各会場に応じて,,,"申込必要
【申込開始】2026年11月18日(水曜日)　
【方法】窓口／電話((053)422-0202)
各開催月の前月18日から申し込み受付開始",https://www.lib-city-hamamatsu.jp/service/jidou/bookstart/bookstart_202610-12.html,,こそだて,中央区,2026-07-13,,○,001719_01
221309,20260707254,静岡県,浜松市,ブックスタート,ブックスタート,Bookstart,2026-12-18,,10:00,,各開催月の前月18日から申し込み受付開始,"【内容】読み聞かせやわらべうたの体験とアドバイス、おすすめの絵本1冊プレゼント
【対象】6ヵ月から満1歳(お誕生日当月まで)の赤ちゃんとその保護者
【条件】対象期間内に1回受講可",,,中央図書館,(053)456-0234,,,浜松市立佐久間図書館,浜松市天竜区佐久間町佐久間2431-3,,35.092172,137.810075,,有,先着順　各会場に応じて,,,"申込必要
【申込開始】2026年11月18日(水曜日)　
【方法】窓口／電話((053)965-1682)
各開催月の前月18日から申し込み受付開始",https://www.lib-city-hamamatsu.jp/service/jidou/bookstart/bookstart_202610-12.html,,こそだて,天竜区,2026-07-13,2026-09-07,○,000883_00
221309,20260707255,静岡県,浜松市,ブックスタート,ブックスタート,Bookstart,2026-12-21,,10:00,,各開催月の前月18日から申し込み受付開始,"【内容】読み聞かせやわらべうたの体験とアドバイス、おすすめの絵本1冊プレゼント
【対象】6ヵ月から満1歳(お誕生日当月まで)の赤ちゃんとその保護者
【条件】対象期間内に1回受講可",,,中央図書館,(053)456-0234,,,浜松市立城北図書館,浜松市中央区和地山二丁目37-2,,34.730199,137.719025,,有,先着順　各会場に応じて,,,"申込必要
【申込開始】2026年11月18日(水曜日)　
【方法】窓口／電話((053)474-1725)
各開催月の前月18日から申し込み受付開始",https://www.lib-city-hamamatsu.jp/service/jidou/bookstart/bookstart_202610-12.html,,こそだて,中央区,2026-07-13,,○,001413_00
221309,20260707256,静岡県,浜松市,ブックスタート,ブックスタート,Bookstart,2026-12-21,,10:00,,各開催月の前月18日から申し込み受付開始,"【内容】読み聞かせやわらべうたの体験とアドバイス、おすすめの絵本1冊プレゼント
【対象】6ヵ月から満1歳(お誕生日当月まで)の赤ちゃんとその保護者
【条件】対象期間内に1回受講可",,,中央図書館,(053)456-0234,,,浜松市立積志図書館,浜松市中央区積志町1819,,34.769767,137.761581,,有,先着順　各会場に応じて,,,"申込必要
【申込開始】2026年11月18日(水曜日)　
【方法】窓口／電話((053)435-0744)
各開催月の前月18日から申し込み受付開始",https://www.lib-city-hamamatsu.jp/service/jidou/bookstart/bookstart_202610-12.html,,こそだて,中央区,2026-07-13,,○,001639_00
221309,20260707257,静岡県,浜松市,ブックスタート,ブックスタート,Bookstart,2026-12-22,,10:30,,各開催月の前月18日から申し込み受付開始,"【内容】読み聞かせやわらべうたの体験とアドバイス、おすすめの絵本1冊プレゼント
【対象】6ヵ月から満1歳(お誕生日当月まで)の赤ちゃんとその保護者
【条件】対象期間内に1回受講可",,,中央図書館,(053)456-0234,,,浜松市立中央図書館,浜松市中央区松城町214番地の21,,34.709665,137.725399,,有,先着順　各会場に応じて,,,"申込必要
【申込開始】2026年11月18日(水曜日)　
【方法】窓口／電話((053)456-0234)
各開催月の前月18日から申し込み受付開始",https://www.lib-city-hamamatsu.jp/service/jidou/bookstart/bookstart_202610-12.html,,こそだて,中央区,2026-07-13,,○,001861_00
221309,20260707258,静岡県,浜松市,ブックスタート,ブックスタート,Bookstart,2026-12-23,,13:30,,各開催月の前月18日から申し込み受付開始,"【内容】読み聞かせやわらべうたの体験とアドバイス、おすすめの絵本1冊プレゼント
【対象】6ヵ月から満1歳(お誕生日当月まで)の赤ちゃんとその保護者
【条件】対象期間内に1回受講可",,,中央図書館,(053)456-0234,,,浜松市立浜北図書館,浜松市浜名区貴布祢3000,,34.791673,137.783232,,有,先着順　各会場に応じて,,,"申込必要
【申込開始】2026年11月18日(水曜日)　
【方法】窓口／電話((053)456-0234)
各開催月の前月18日から申し込み受付開始",https://www.lib-city-hamamatsu.jp/service/jidou/bookstart/bookstart_202610-12.html,,こそだて,浜名区,2026-07-13,,○,000106_01
221309,20260707259,静岡県,浜松市,ブックスタート,ブックスタート,Bookstart,2026-12-24,,10:30,,各開催月の前月18日から申し込み受付開始,"【内容】読み聞かせやわらべうたの体験とアドバイス、おすすめの絵本1冊プレゼント
【対象】6ヵ月から満1歳(お誕生日当月まで)の赤ちゃんとその保護者
【条件】対象期間内に1回受講可",,,中央図書館,(053)456-0234,,,浜松市立細江図書館,浜松市浜名区細江町気賀4579-1,,34.806791,137.649121,,有,先着順　各会場に応じて,,,"申込必要
【申込開始】2026年11月18日(水曜日)　
【方法】窓口／電話((053)527-0185)
各開催月の前月18日から申し込み受付開始",https://www.lib-city-hamamatsu.jp/service/jidou/bookstart/bookstart_202610-12.html,,こそだて,浜名区,2026-07-13,,○,000933_00
221309,20260707260,静岡県,浜松市,ブックスタート,ブックスタート,Bookstart,2026-12-25,,13:30,,各開催月の前月18日から申し込み受付開始,"【内容】読み聞かせやわらべうたの体験とアドバイス、おすすめの絵本1冊プレゼント
【対象】6ヵ月から満1歳(お誕生日当月まで)の赤ちゃんとその保護者
【条件】対象期間内に1回受講可",,,中央図書館,(053)456-0234,,,プレ葉ウォーク浜北,浜松市浜名区貴布祢1200,,34.797492,137.779388,,有,先着順　各会場に応じて,,,"申込必要
【申込開始】2026年11月18日(水曜日)　
【方法】窓口／電話((053)456-0234)
各開催月の前月18日から申し込み受付開始",https://www.lib-city-hamamatsu.jp/service/jidou/bookstart/bookstart_202610-12.html,,こそだて,浜名区,2026-07-13,,○,
221309,20260707261,静岡県,浜松市,ブックスタート,ブックスタート,Bookstart,2026-12-27,,13:30,,各開催月の前月18日から申し込み受付開始,"【内容】読み聞かせやわらべうたの体験とアドバイス、おすすめの絵本1冊プレゼント
【対象】6ヵ月から満1歳(お誕生日当月まで)の赤ちゃんとその保護者
【条件】対象期間内に1回受講可",,,中央図書館,(053)456-0234,,,浜松市立中央図書館,浜松市中央区松城町214番地の21,,34.709665,137.725399,,有,先着順　各会場に応じて,,,"申込必要
【申込開始】2026年11月18日(水曜日)　
【方法】窓口／電話((053)456-0234)
各開催月の前月18日から申し込み受付開始",https://www.lib-city-hamamatsu.jp/service/jidou/bookstart/bookstart_202610-12.html,申込状況により中国語の通訳が同席,こそだて,中央区,2026-07-13,,○,001861_00
221309,20260707262,静岡県,浜松市,会計年度任用職員(図書館司書等)募集,カイケイネンドニンヨウショクイン(トショカンシショトウ)ボシュウ,,2026-09-07,,,,,"【内容】内容:図書館サービス業務全般
定員:若干名(勤務地:中央図書館、天竜図書館)
試験:令和8年11月12日(木)
任用:令和9年4月1日以降(予定)
【対象】・司書資格を有する人
・図書館における職務経験が5年以上ある人",,,浜松市立中央図書館,(053)456-0234,,,,,,,,,,,2026-10-09,17:15,"申込必要
【締切】消印有効
【申込開始】2026年09月07日(月曜日)　8時30分
【方法】窓口／郵送(　)",https://www.city.hamamatsu.shizuoka.jp/shise/shokuinsaiyo/hi_oshirase.html,,おしらせ,,2026-07-13,,×,
221309,20260707263,静岡県,浜松市,ふくしの職場相談会,フクシノショクバソウダンカイ,,2026-10-15,,9:45,11:45,,"【内容】福祉事業所との個別相談(職務内容や雇用条件等)、冊子の配布
【対象】福祉職に興味のある方
【その他】※参加事業所1か所以上と相談した雇用保険受給中の方は、求職活動の一貫となります。",,,浜松市福祉人材バンク,(053)458-9205,,,浜松市福祉交流センター,浜松市中央区成子町140-8,,34.700201,137.728214,,,,,,申込不要,http://www.hamamatsu-syakyou.jp/person/,,そうだん,中央区,2026-07-13,,,002342_00
221309,20260707264,静岡県,浜松市,就職ガイダンス,シュウショクガイダンス,,2026-10-15,,9:15,9:45,,"【内容】福祉職につくにあたっての心がまえや求人事業者との面接時に役立つ情報等の提供
【対象】福祉職に興味のある方",,,浜松市福祉人材バンク,(053)458-9205,,,浜松市福祉交流センター,浜松市中央区成子町140-8,,34.700201,137.728214,,,20人,2026-10-14,17:00,"申込必要
【方法】窓口／電話((053)458-9205)／FAX((053)453-0716)／E-mail(hamajinzai@aroma.ocn.ne.jp)",http://www.hamamatsu-syakyou.jp/person/,,そうだん,中央区,2026-07-13,,,002342_00
221309,20260707265,静岡県,浜松市,介護のDVD視聴会,カイゴノデーブイデーシチョウカイ,,2026-10-15,,10:00,12:00,,"【内容】介護のDVD視聴会
【対象】福祉職に興味のある方",,,浜松市福祉人材バンク,(053)458-9205,,,浜松市福祉交流センター,浜松市中央区成子町140-8,,34.700201,137.728214,,,,,,申込不要,http://www.hamamatsu-syakyou.jp/person/,,そうだん,中央区,2026-07-13,,,002342_00
221309,20260707266,静岡県,浜松市,第184回オルガン定期演奏会(無料),ダイヒャクハチジュウヨンカイオルガンテイキエンソウカイ(ムリョウ),,2026-10-07,,19:00,20:30,18:30開場予定,"【内容】福祉交流センターにて無料で開催するオルガン定期演奏会です。
【出演・演目など】出演:長田真実(ながたまみ) 曲目:前奏曲 ホ長調　ほか",,,福祉総務課,(053)457-2326,2326,浜松市福祉総務課,浜松市福祉交流センター,浜松市中央区成子町140-8,,34.700201,137.728214,,,,,,申込不要,https://www.city.hamamatsu.shizuoka.jp/fukushisomu/event/fukusikouryu/organ.html,,おんがく,中央区,2026-07-13,,,002342_00
221309,20260707267,静岡県,浜松市,成年後見制度無料相談会,,,2026-10-08,,13:00,17:00,,"【内容】弁護士・司法書士・社会福祉士などによる成年後見制度に関する相談
【対象】市内在住の人で成年後見制度の利用に関する相談を希望する本人および家族、関係機関職員など",,,（福）浜松市社会福祉協議会権利擁護支援センター,(053)450-7151,,,浜松市福祉交流センター,浜松市中央区成子町140-8,,34.700201,137.728214,,,4人　先着順,,,"申込必要
【申込開始】2026年09月15日(火曜日)　9時00分
【方法】電話((053)450-7151)",https://www.city.hamamatsu.shizuoka.jp/fukushisomu/welfare/seinennkoukenn/seinennkoukenn.html,,おしらせ,中央区,2026-07-13,,,002342_00
221309,20260707268,静岡県,浜松市,成年後見制度無料相談会,,,2026-11-12,,13:00,17:00,,"【内容】弁護士・司法書士・社会福祉士などによる成年後見制度に関する相談
【対象】市内在住の人で成年後見制度の利用に関する相談を希望する本人および家族、関係機関職員など",,,（福）浜松市社会福祉協議会権利擁護支援センター,(053)450-7151,,,浜松市みをつくし文化センター,浜松市浜名区細江町気賀369,(細江協働センター),34.806923,137.651116,,,4人　先着順,,,"申込必要
【申込開始】2026年09月15日(火曜日)　9時00分
【方法】電話((053)450-7151)",https://www.city.hamamatsu.shizuoka.jp/fukushisomu/welfare/seinennkoukenn/seinennkoukenn.html,,おしらせ,浜名区,2026-07-13,,,000937_00
221309,20260707269,静岡県,浜松市,成年後見制度無料相談会,,,2026-12-10,,13:00,17:00,,"【内容】弁護士・司法書士・社会福祉士などによる成年後見制度に関する相談
【対象】市内在住の人で成年後見制度の利用に関する相談を希望する本人および家族、関係機関職員など",,,（福）浜松市社会福祉協議会権利擁護支援センター,(053)450-7151,,,浜松市福祉交流センター,浜松市中央区成子町140-8,,34.700201,137.728214,,,4人　先着順,,,"申込必要
【申込開始】2026年09月15日(火曜日)　9時00分
【方法】電話((053)450-7151)",https://www.city.hamamatsu.shizuoka.jp/fukushisomu/welfare/seinennkoukenn/seinennkoukenn.html,,おしらせ,中央区,2026-07-13,,,002342_00
221309,20260707270,静岡県,浜松市,高齢者・障がい者権利擁護サポート人材養成講座(応用講座・全3回),,,2026-10-20,,9:30,16:30,,"【内容】権利擁護の知識を身に付け地域で幅広く活動していただける方を養成
【対象】市内在住の方で権利擁護の知識を身に付け地域で幅広く活動する意欲のある方",,,（福）浜松市社会福祉協議会権利擁護支援センター,(053)450-7151,,,浜松市福祉交流センター,浜松市中央区成子町140-8,,34.700201,137.728214,,,20人,2026-10-09,,"申込必要
【申込開始】2026年09月15日(火曜日)　9時00分
【方法】電話",https://www.city.hamamatsu.shizuoka.jp/fukushisomu/welfare/seinennkoukenn/seinennkoukenn.html,,講座・教室,中央区,2026-07-13,,,002342_00
221309,20260707271,静岡県,浜松市,高齢者・障がい者権利擁護サポート人材養成講座(応用講座・全3回),,,2026-11-17,,9:30,16:30,,"【内容】権利擁護の知識を身に付け地域で幅広く活動していただける方を養成
【対象】市内在住の方で権利擁護の知識を身に付け地域で幅広く活動する意欲のある方",,,（福）浜松市社会福祉協議会権利擁護支援センター,(053)450-7151,,,浜松市福祉交流センター,浜松市中央区成子町140-8,,34.700201,137.728214,,,20人,2026-10-09,,"申込必要
【申込開始】2026年09月15日(火曜日)　9時00分
【方法】電話",https://www.city.hamamatsu.shizuoka.jp/fukushisomu/welfare/seinennkoukenn/seinennkoukenn.html,,講座・教室,中央区,2026-07-13,,,002342_00
221309,20260707272,静岡県,浜松市,高齢者・障がい者権利擁護サポート人材養成講座(応用講座・全3回),,,2026-12-15,,9:30,16:30,,"【内容】権利擁護の知識を身に付け地域で幅広く活動していただける方を養成
【対象】市内在住の方で権利擁護の知識を身に付け地域で幅広く活動する意欲のある方",,,（福）浜松市社会福祉協議会権利擁護支援センター,(053)450-7151,,,浜松市福祉交流センター,浜松市中央区成子町140-8,,34.700201,137.728214,,,20人,2026-10-09,,"申込必要
【申込開始】2026年09月15日(火曜日)　9時00分
【方法】電話",https://www.city.hamamatsu.shizuoka.jp/fukushisomu/welfare/seinennkoukenn/seinennkoukenn.html,,講座・教室,中央区,2026-07-13,,,002342_00
221309,20260707273,静岡県,浜松市,偏見や差別、ハラスメントなど様々な人権問題に関する人権擁護委員による特設相談(予約制),,,2026-10-01,,13:00,16:00,※人権啓発センターに電話予約(053)457-2031,【内容】人権擁護委員による人権相談,,,静岡地方法務局浜松支局,(053)454-1396,,,中央区役所,浜松市中央区元城町103-2,,34.711085,137.726132,,,,2026-09-17,17:00,"申込必要
【方法】電話",https://www.city.hamamatsu.shizuoka.jp/jinken/hrights/human/index.html,,そうだん,中央区,2026-07-13,,,002666_01
221309,20260707274,静岡県,浜松市,偏見や差別、ハラスメントなど様々な人権問題に関する人権擁護委員による特設相談(予約制),,,2026-11-05,,13:00,16:00,※人権啓発センターに電話予約(053)457-2031,【内容】人権擁護委員による人権相談,,,静岡地方法務局浜松支局,(053)454-1396,,,中央区役所,浜松市中央区元城町103-2,,34.711085,137.726132,,,,2026-10-24,17:00,"申込必要
【方法】電話",https://www.city.hamamatsu.shizuoka.jp/jinken/hrights/human/index.html,,そうだん,中央区,2026-07-13,,,002666_01
221309,20260707275,静岡県,浜松市,偏見や差別、ハラスメントなど様々な人権問題に関する人権擁護委員による特設相談(予約制),,,2026-10-01,,13:00,16:00,※人権啓発センターに電話予約(053)457-2031,【内容】人権擁護委員による人権相談,,,静岡地方法務局浜松支局,(053)454-1396,,,東行政センター,浜松市中央区流通元町20-3,,34.741515,137.791771,,,,2026-09-17,17:00,"申込必要
【方法】電話",https://www.city.hamamatsu.shizuoka.jp/jinken/hrights/human/index.html,,そうだん,中央区,2026-07-13,,,002063_00
221309,20260707276,静岡県,浜松市,偏見や差別、ハラスメントなど様々な人権問題に関する人権擁護委員による特設相談(予約制),,,2026-10-01,,13:00,16:00,※人権啓発センターに電話予約(053)457-2031,【内容】人権擁護委員による人権相談,,,静岡地方法務局浜松支局,(053)454-1396,,,西行政センター,浜松市中央区雄踏一丁目31番1号,,34.692738,137.645291,,,,2026-09-17,17:00,"申込必要
【方法】電話",https://www.city.hamamatsu.shizuoka.jp/jinken/hrights/human/index.html,,そうだん,中央区,2026-07-13,,,001568_00
221309,20260707277,静岡県,浜松市,偏見や差別、ハラスメントなど様々な人権問題に関する人権擁護委員による特設相談(予約制),,,2026-10-01,,13:00,16:00,※人権啓発センターに電話予約(053)457-2031,【内容】人権擁護委員による人権相談,,,静岡地方法務局浜松支局,(053)454-1396,,,南行政センター,浜松市中央区江之島町600-1,,34.667355,137.752214,,,,2026-09-17,17:00,"申込必要
【方法】電話",https://www.city.hamamatsu.shizuoka.jp/jinken/hrights/human/index.html,,そうだん,中央区,2026-07-13,,,002131_00
221309,20260707278,静岡県,浜松市,偏見や差別、ハラスメントなど様々な人権問題に関する人権擁護委員による特設相談(予約制),,,2026-10-08,,10:00,12:00,※人権啓発センターに電話予約(053)457-2031,【内容】人権擁護委員による人権相談,,,静岡地方法務局浜松支局,(053)454-1396,,,浜松市ふれあい交流センター浜北,浜松市浜名区小林1272-1,,34.806958,137.793509,,,,2026-09-17,17:00,"申込必要
【方法】電話",https://www.city.hamamatsu.shizuoka.jp/jinken/hrights/human/index.html,,そうだん,浜名区,2026-07-13,,,005437_00
221309,20260707279,静岡県,浜松市,偏見や差別、ハラスメントなど様々な人権問題に関する人権擁護委員による特設相談(予約制),,,2026-10-01,,10:00,12:00,※人権啓発センターに電話予約(053)457-2031,【内容】人権擁護委員による人権相談,,,静岡地方法務局浜松支局,(053)454-1396,,,天竜区役所,浜松市天竜区二俣町二俣481,,34.872645,137.816250,,,,2026-09-17,17:00,"申込必要
【方法】電話",https://www.city.hamamatsu.shizuoka.jp/jinken/hrights/human/index.html,,そうだん,天竜区,2026-07-13,,,001994_00
221309,20260707280,静岡県,浜松市,偏見や差別、ハラスメントなど様々な人権問題に関する人権擁護委員による特設相談,,,2026-10-08,,9:00,11:00,※人権啓発センターに電話予約(053)457-2031、当日受付終了は10:30,【内容】人権擁護委員による人権相談,,,静岡地方法務局浜松支局,(053)454-1396,,,春野支所,浜松市天竜区春野町宮川1467-2,,34.982164,137.896383,,,,2026-09-17,17:00,"申込必要
【方法】電話",https://www.city.hamamatsu.shizuoka.jp/jinken/hrights/human/index.html,,そうだん,天竜区,2026-07-13,,,004486_00
221309,20260707281,静岡県,浜松市,偏見や差別、ハラスメントなど様々な人権問題に関する人権擁護委員による特設相談,,,2026-10-07,,13:00,15:00,※人権啓発センターに電話予約(053)457-2031、当日受付終了は14:30,【内容】人権擁護委員による人権相談,,,静岡地方法務局浜松支局,(053)454-1396,,,佐久間支所,浜松市天竜区佐久間町中部18-11,,35.082559,137.800108,,,,2026-09-17,17:00,"申込必要
【方法】電話",https://www.city.hamamatsu.shizuoka.jp/jinken/hrights/human/index.html,,そうだん,天竜区,2026-07-13,,,005137_00
221309,20260707282,静岡県,浜松市,偏見や差別、ハラスメントなど様々な人権問題に関する人権擁護委員による特設相談,,,2026-10-05,,13:00,15:00,※人権啓発センターに電話予約(053)457-2031、当日受付終了は14:30,【内容】人権擁護委員による人権相談,,,静岡地方法務局浜松支局,(053)454-1396,,,水窪支所,浜松市天竜区水窪町奥領家2980-1,,35.165959,137.869545,,,,2026-09-17,17:00,"申込必要
【方法】電話",https://www.city.hamamatsu.shizuoka.jp/jinken/hrights/human/index.html,,そうだん,天竜区,2026-07-13,,,004487_00
221309,20260707283,静岡県,浜松市,はじめてのピラティス(全3回),ハジメテノピラティス(ゼン3カイ),,2026-10-08,,13:30,15:00,10月8日・22日・29日(全3回　木曜日),"【内容】インナーマッスルを鍛えるピラティスで全身のバランスを整えましょう
【対象】市内にお住まいの60歳以上の人
【講師】横田典子
【その他】持物:ヨガマット(バスタオル)、フェイスタオル、水分補給用の飲み物、動きやすい服装",,,ふれあい交流センターいたや,(053)413-5570,,,浜松市ふれあい交流センターいたや,浜松市中央区板屋町596,いきいきプラザ中央1階,34.707486,137.736947,,なし(公共交通機関をご利用ください。),20人　抽選　応募者多数の場合は抽選。受講決定者のみに電話で連絡します。,2026-09-24,16:30,"申込必要
【締切】締切
【申込開始】2026年09月10日(木曜日)　9時00分
【方法】窓口／電話((053)413-5570)／E-mail(csw-itaya@major.ocn.ne.jp)",https://www.hamamatsu-syakyou.jp/,8/25社協ホームページ参加者募集,講座・教室,中央区,2026-07-13,,×,005426_00
221309,20260707284,静岡県,浜松市,親子リトミック(全3回),オヤコリトミック(ゼン3カイ),,2026-10-09,,10:30,11:15,10月9日・11月13日・12月11日(全3回　金曜日),"【内容】親子で音楽を楽しもう！
【対象】市内在住の未就園児(2歳以上)とその保護者
【講師】野田奈津代、原田悦子
【その他】持物:筆記用具・水分補給用の飲み物",,,ふれあい交流センターいたや,(053)413-5570,,,浜松市ふれあい交流センターいたや,浜松市中央区板屋町596,いきいきプラザ中央1階,34.707486,137.736947,,なし(公共交通機関をご利用ください。),10人　抽選　応募者多数の場合は抽選。受講決定者のみに電話で連絡します。10組(未就園児とその保護者で1組)。,2026-09-25,16:30,"申込必要
【締切】締切
【申込開始】2026年09月04日(金曜日)　9時00分
【方法】窓口／電話((053)413-5570)／E-mail(csw-itaya@major.ocn.ne.jp)",https://www.hamamatsu-syakyou.jp/,8/25社協ホームページ参加者募集,講座・教室,中央区,2026-07-13,,○,005426_00
221309,20260707285,静岡県,浜松市,ふくろうずの親子うたあそびライブ＆新聞あそび,フクロウズノオヤコウタアソビライブアンドシンブンアソビ,,2026-10-18,,10:00,11:00,,"【内容】親子で歌あそび・新聞遊びを楽しみましょう。
【対象】市内にお住まいの0歳～小学校低学年とその保護者
【講師】だんぼ楽会ふくろうず",,,ふれあい交流センターいたや,(053)413-5570,,,浜松市ふれあい交流センターいたや,浜松市中央区板屋町596,いきいきプラザ中央1階,34.707486,137.736947,,なし(公共交通機関をご利用ください。),25人　先着順　親1人に対し複数の子供参加可能、25組、定員になり次第締め切りとさせていただきます。,2026-10-18,16:30,"申込必要
【締切】締切
【申込開始】2026年09月20日(日曜日)　9時00分
【方法】窓口／電話((053)413-5570)／E-mail(csw-itaya@major.ocn.ne.jp)",https://www.hamamatsu-syakyou.jp/,8/25社協ホームぺージ参加者募集,講座・教室,中央区,2026-07-13,,○,005426_00
221309,20260707286,静岡県,浜松市,コアフェイス(顔ヨガ)講座　(全3回),コアフェイス(カオヨガ)コウザ　(ゼン3カイ),,2026-10-06,,10:00,11:30,10月6日・13日・27日(火)全3回,"【内容】誰もおしえてくれなかった「顔とカラダのつながり」頭がい骨と骨盤の連動を深掘りしながら楽しく学びましょう
【対象】市内にお住まいの60歳以上の方
【講師】イイジマクニエ先生(コアフェイストレーニングインストラクター)
【その他】持ち物:水分補給用の飲み物、ヨガマット(またはバスタオル), フェイスタオル、筆記用具、手鏡、携帯電話(変化の確認用)",,,ふれあい交流センター萩原,(053)439-4178,,,浜松市ふれあい交流センター萩原,浜松市中央区初生町1,,34.754588,137.733052,,普通車92台軽自動車14台,20人　抽選,2026-09-22,16:30,"申込必要
【締切】締切
【申込開始】2026年09月01日(火曜日)　9時00分
【方法】窓口／電話((053)439-4178)／FAX((053)439-4178)／ホームページ",https://www.hamamatsu-syakyou.jp/,8月25日掲載予定,講座・教室,中央区,2026-07-13,,×,005436_00
221309,20260707287,静岡県,浜松市,己書筆ペン講座　(全3回),オノレショフデペンコウザ　(ゼン3カイ),,2026-10-08,,10:00,12:00,"10月8日・15日・29日(木) 全3回","【内容】筆ペンで絵を描くように文字を描く、そんな味のある字を描いてみましょう
【対象】市内にお住まいの60歳以上の方
【講師】山口美江先生(一般社団法人日本己書道場　美江わくわく道場師範)
【その他】持ち物:毛質タイプの筆ペン(太筆・薄墨),新聞紙、ボールペン、テッシュペーパー、落款(ある方のみ),朱肉",1700円,3回分の教材代,ふれあい交流センター萩原,(053)439-4178,,,浜松市ふれあい交流センター萩原,浜松市中央区初生町1,,34.754588,137.733052,,普通車92台軽自動車14台,10人　抽選,2026-09-22,16:30,"申込必要
【締切】締切
【申込開始】2026年09月01日(火曜日)　9時00分
【方法】窓口／電話((053)439-4178)／FAX((053)439-4178)／ホームページ",https://www.hamamatsu-syakyou.jp/,8月25日掲載予定,講座・教室,中央区,2026-07-13,,×,005436_00
221309,20260707288,静岡県,浜松市,親子であそぼう「ははは広場」,オヤコデアソボウハハハヒロバ,,2026-09-20,,10:00,11:00,,"【内容】お月見ごっこ
【対象】浜松市内在住の1歳から3歳までのこどもとその保護者",,,ふれあい交流センター竜西,(053)433-9045,,,浜松市ふれあい交流センター竜西,浜松市中央区中郡町684-1,,34.775442,137.775131,,,30人　先着順,,,"申込不要
当日、直接会場へ",https://fureaikouryu-center.jp,,こそだて,中央区,2026-07-13,,○,005427_00
221309,20260707289,静岡県,浜松市,読み聞かせ・パネルシアター,ヨミキカセ・パネルシアター,,2026-09-27,,10:30,11:30,,"【内容】読み聞かせ・パネルシアター
【対象】浜松市内在住の3歳から小学6年生以下のこどもと保護者",,,ふれあい交流センター竜西,(053)433-9045,,,浜松市ふれあい交流センター竜西,浜松市中央区中郡町684-1,,34.775442,137.775131,,,20人　先着順,,,"申込不要
当日、直接会場へ",https://fureaikouryu-center.jp,,こそだて,中央区,2026-07-13,,○,005427_00
221309,20260707290,静岡県,浜松市,第14回竜西まつり　出演者募集,ダイ14カイリュウセイマツリ　シュツエンシャボシュウ,,2026-11-15,,9:30,15:00,,"【内容】歌と踊りの祭典
【対象】浜松市内在住の中学生以下のこどもと保護者及び高齢者",,,ふれあい交流センター竜西,(053)433-9045,,,浜松市ふれあい交流センター竜西,浜松市中央区中郡町684-1,,34.775442,137.775131,,,70人　先着順,2026-11-01,16:30,"申込必要
【締切】締切
【申込開始】2026年10月11日(日曜日)　9時00分
【方法】窓口
定員になり次第終了",https://fureaikouryu-center.jp,,イベント,中央区,2026-07-13,,○,005427_00
221309,20260707291,静岡県,浜松市,親子であそぼう「ははは広場」,オヤコデアソボウハハハヒロバ,,2026-10-04,,10:00,11:00,,"【内容】絵本の読み聞かせ、手遊び、簡単な体操など
【対象】浜松市内の1～3歳と、その保護者
【講師】佐野　ふみ子",,無料,ふれあい交流センター浜北,(053)587-4830,,,浜松市ふれあい交流センター浜北,浜松市浜名区小林1272-1,,34.806958,137.793509,,,10人　先着順　親子10組,,,"申込不要
当日、直接会場へ",https://fureaikouryu-center.jp,,講座・教室,浜名区,2026-07-13,,○,005437_00
221309,20260707292,静岡県,浜松市,こどものための読み聞かせ,コドモノタメノヨミキカセ,,2026-10-18,,10:00,10:30,,"【内容】絵本の読み聞かせや紙芝居
【対象】浜松市内の2歳～小学3年生と、その保護者
【講師】元小学校校長など読み聞かせボランティアの皆さん",,無料,ふれあい交流センター浜北,(053)587-4830,,,浜松市ふれあい交流センター浜北,浜松市浜名区小林1272-1,,34.806958,137.793509,,,18人　先着順,,,"申込不要
当日、直接会場へ",https://fureaikouryu-center.jp,,講座・教室,浜名区,2026-07-13,,○,005437_00
221309,20260707293,静岡県,浜松市,障がいのある人のための講座,,,2026-10-08,,13:00,14:45,全6回,"【内容】アイパッド
【対象】18歳以上の障がいのある人",,,"浜松市発達医療総合福祉センター はままつ友愛のさと",(053)586-8800,,,浜松市発達医療総合福祉センター,浜松市浜名区高薗775-1,,34.777945,137.815343,,,10人　抽選,2026-10-01,,"申込必要
【締切】締切
【方法】窓口／電話((053)586-8800)",https://www.h-hattatsu.com/center/fukushi/,※応募者多数の場合、抽選となります。,講座・教室,浜名区,2026-07-13,,,002270_00
221309,20260707294,静岡県,浜松市,障がいのある人のための講座,,,2026-10-15,,13:00,15:00,全7回,"【内容】書道★初心者向け
【対象】18歳以上の障がいのある人",,,"浜松市発達医療総合福祉センター はままつ友愛のさと",(053)586-8800,,,浜松市発達医療総合福祉センター,浜松市浜名区高薗775-1,,34.777945,137.815343,,,10人　抽選,2026-10-01,,"申込必要
【締切】締切
【方法】窓口／電話((053)586-8800)",https://www.h-hattatsu.com/center/fukushi/,※応募者多数の場合、抽選となります。,講座・教室,浜名区,2026-07-13,,,002270_00
221309,20260707295,静岡県,浜松市,第32回はままつ友愛のさとまつり,,,2026-10-31,,10:00,15:00,,【内容】地域の方も参加できるイベントです。ステージ、模擬店、発達セミナーなど。,,,"浜松市発達医療総合福祉センター はままつ友愛のさと",(053)586-8800,,,浜松市発達医療総合福祉センター,浜松市浜名区高薗775-1,,34.777945,137.815343,,,,,,,https://www.h-hattatsu.com,詳細についてはHPに記載,イベント,浜名区,2026-07-13,,,002270_00
221309,20260707296,静岡県,浜松市,令和8年度介護予防講演会『今の私にちょうどいい、明日につなぐ食事の気づき』,レイワハチネンドカイゴヨボウコウエンカイ,,2026-11-12,,14:00,15:30,※会場13:30予定,"【内容】「食事」の視点から介護予防について考えます。
【対象】市内在住
【講師】浜内　千波氏",,,株式会社中日アド企画,,,浜松市,えんてつホール,浜松市中央区旭町12-1,(遠鉄百貨店新館8階),34.704608,137.733338,,ホール専用の駐車場はありません。公共交通機関または周辺の有料駐車場でご来場ください。,200人　先着順,,,"申込必要
【締切】締切
【申込開始】2026年09月15日(火曜日)　
【方法】ホームページ
【申込方法】詳細はチラシまたはホームページで確認。",https://www.city.hamamatsu.shizuoka.jp/kourei/welfare/elderly/ippan/kouenkai2026.html,,けんこう,中央区,2026-07-13,2026-07-28,,
221309,20260707297,静岡県,浜松市,認知症サポーター養成講座,ニンチショウサポーターヨウセイコウザ,,2026-10-21,,13:30,15:30,,"【内容】認知症を正しく理解し、認知症の人や家族に対して温かい目で接することができる応援者「認知症サポーター」を養成
【対象】原則、過去に受講歴のない人
【講師】キャラバン・メイト",,,天竜福祉事業所・長寿保険課,(053)922-0130,,,天竜区役所,浜松市天竜区二俣町二俣481,21会議室・22会議室,34.872645,137.816250,,,50人　先着順,,,"申込必要
【申込開始】2026年09月15日(火曜日)　
【方法】電話((053)922-0130)
受付時間:8:30～17:00(平日のみ)",http://www.city.hamamatsu.shizuoka.jp/kourei/welfare/elderly/nintisyou/kouza.html,,けんこう,天竜区,2026-07-13,,,001994_00
221309,20260707298,静岡県,浜松市,認知症当事者交流会「本人ミーティング」,ニンチショウトウジシャコウリュウカイ「ホンニンミーティング」,,2026-11-07,,10:00,11:30,,"【内容】認知症本人が気軽に話し合う場
【対象】浜松市民",,,,,2105,浜松市,浜松市立舞阪図書館,浜松市中央区舞阪町舞阪2668-56,,34.679240,137.613319,,,,,,"申込必要
【方法】電話((053)457-2105)／FAX／ホームページ／E-mail
※ホームページの申請フォームから申込",,,けんこう,中央区,2026-07-13,,,002459_00
221309,20260707299,静岡県,浜松市,認知症家族介護者教室,ニンチショウカゾクカイゴシャキョウシツ,,2026-11-14,,10:00,12:00,(1)11月14日(土)、(2)11月21日(土)、(3)11月28日(土)、(4)12月5日(土)、(5)12月12日(土)の全5回,"【内容】認知症に関連するお悩みや心配事のあるご家族に向けた家族介護者教室(全5回)を開催します。
【対象】認知症に関連するお悩みや心配事のあるご家族
【条件】原則として5回全ての参加ができる方",0円,,聖隷三方原病院　心理室（病院代表番号053-436-1251から心理室へ）,(053)436-1251,,聖隷三方原病院,聖隷三方原病院　地域障がい者総合リハビリテーションセンター,浜松市中央区三方原町3453,(※11/21のみ別会場),34.792297,137.690894,,,17人　先着順　1家族3名まで,,,"申込必要
【申込開始】2026年10月01日(木曜日)　
【方法】電話((053)-436-1251)
病院代表番号053-436-1251から心理室へ",https://www.city.hamamatsu.shizuoka.jp/kourei/welfare/elderly/nintisyou/supporter.html,,けんこう,中央区,2026-07-13,,,
221309,20260826950,静岡県,浜松市,はままつかいご探検隊2026～介護施設探検バスツアー～,ハママツカイゴタンケンタイ2026～カイゴシセツタンケンバスツアー～,,2026-11-14,2026-11-14,9:30,17:00,,"【内容】小・中学生及びその保護者、一般参加者が、介護施設に訪問し、様々な体験を通じて介護の仕事を身近に感じてもらう。
【対象】小学生・中学生とその保護者、一般参加者",,無料,（株）東海道シグマ,(054)255-4259,,,アクトシティ南バス乗り場,浜松市中央区砂山町,,-,-,,,20人　抽選,2026-10-31,0:00,"申込必要
【締切】締切
【申込開始】2026年09月14日(月曜日)　0時00分
【方法】ホームページ",https://www.city.hamamatsu.shizuoka.jp/kaigo/event/20250819.html,,イベント,中央区,2026-08-26,2026-08-26,○,
221309,20260707300,静岡県,浜松市,「がんサロン拡大ひなたぼっこ」-参加型・体験型イベント,「ガンサロンカクダイヒナタボッコ」サンカガタ・タイケンガタイベント,,2026-10-03,,13:00,16:00,12:45受付開始,"【内容】がん治療に関する講演や相談・体験を通じて、がんと共に生きる知識を得られるイベントです。 無料で気軽に参加できます。
【対象】がん患者とその家族および一般市民(一部がん患者とその家族のみ参加できるブースあり)
【講師】腫瘍内科・呼吸器内科医師　小澤雄一ほか
【出演・演目など】〇がん相談支援センターってなぁに？～あなたの「困った！」に寄り添います～
〇あの時、あの病気を経験して
〇これだけは！抗癌剤/がん薬物療法の基本と2026年最新情報
講演の他、体験相談ブース、患者交流会あり。
【その他】事前申し込みあり(当日参加・途中参加も可)",0円,,浜松医療センター　がん相談支援センター,(053)451-2715,,公益財団法人　浜松市医療公社,浜松医療センター,浜松市中央区富塚町328,,34.716341,137.701756,,病院の有料駐車場有。(参加者割引あり),,2026-10-03,12:00,"申込必要
【方法】ホームページ
専用申込サイトをご利用いただけます。
・当日参加も可。会場準備のため事前申込みいただけると幸いです。",https://www.hmedc.or.jp/news/20260520/,,けんこう,中央区,2026-07-13,2026-07-28,○,020001_00
221309,20260707301,静岡県,浜松市,"成人健康相談 10月",,,2026-10-05,,9:00,11:00,,"【内容】保健師・栄養士による健康相談
【対象】市民で生活習慣病や禁煙など、健康に関する相談がある人",,無料,中央健康づくりセンター,(053)413-5577,,,中央保健福祉センター,浜松市中央区板屋町596,,34.707462,137.737033,,,,,,申込不要,https://www.city.hamamatsu.shizuoka.jp/kenkozoshin/health/soudan/seijin.html,※禁煙に関する相談は1週間前までに要予約,けんこう,中央区,2026-07-13,,,000025_00
221309,20260707302,静岡県,浜松市,"成人健康相談 10月",,,2026-10-19,,9:00,11:00,,"【内容】保健師・栄養士による健康相談
【対象】市民で生活習慣病や禁煙など、健康に関する相談がある人",,無料,中央健康づくりセンター,(053)413-5577,,,中央保健福祉センター,浜松市中央区板屋町596,,34.707462,137.737033,,,,,,申込不要,https://www.city.hamamatsu.shizuoka.jp/kenkozoshin/health/soudan/seijin.html,※禁煙に関する相談は1週間前までに要予約,けんこう,中央区,2026-07-13,,,000025_00
221309,20260707303,静岡県,浜松市,"成人健康相談 10月",,,2026-10-08,,9:30,11:30,,"【内容】保健師・栄養士による健康相談
【対象】市民で生活習慣病や禁煙など、健康に関する相談がある人",,無料,中央健康づくりセンター（東）,(053)424-0122,,,東行政センター,浜松市中央区流通元町20-3,,34.741515,137.791771,,,,,,申込不要,https://www.city.hamamatsu.shizuoka.jp/kenkozoshin/health/soudan/seijin.html,※禁煙に関する相談は1週間前までに要予約,けんこう,中央区,2026-07-13,,,002063_00
221309,20260707304,静岡県,浜松市,"成人健康相談 10月",,,2026-10-22,,9:30,11:30,,"【内容】保健師・栄養士による健康相談
【対象】市民で生活習慣病や禁煙など、健康に関する相談がある人",,無料,中央健康づくりセンター（東）,(053)424-0122,,,東行政センター,浜松市中央区流通元町20-3,,34.741515,137.791771,,,,,,申込不要,https://www.city.hamamatsu.shizuoka.jp/kenkozoshin/health/soudan/seijin.html,※禁煙に関する相談は1週間前までに要予約,けんこう,中央区,2026-07-13,,,002063_00
221309,20260707305,静岡県,浜松市,"成人健康相談 10月",,,2026-10-27,,9:30,11:30,,"【内容】保健師・栄養士による健康相談
【対象】市民で生活習慣病や禁煙など、健康に関する相談がある人",,無料,中央健康づくりセンター（西）,(053)597-1174,,,西部保健センター,浜松市中央区雄踏一丁目31-1,,34.692659,137.645323,,,,,,申込不要,https://www.city.hamamatsu.shizuoka.jp/kenkozoshin/health/soudan/seijin.html,※禁煙に関する相談は1週間前までに要予約,けんこう,中央区,2026-07-13,,,001568_01
221309,20260707306,静岡県,浜松市,"成人健康相談 10月",,,2026-10-16,,13:30,15:00,,"【内容】保健師・栄養士による健康相談
【対象】市民で生活習慣病や禁煙など、健康に関する相談がある人",,無料,中央健康づくりセンター（南）,(053)425-1590,,,南行政センター,浜松市中央区江之島町600-1,,34.667355,137.752214,,,,,,申込不要,https://www.city.hamamatsu.shizuoka.jp/kenkozoshin/health/soudan/seijin.html,※禁煙に関する相談は1週間前までに要予約,けんこう,中央区,2026-07-13,,,002131_00
221309,20260707307,静岡県,浜松市,"成人健康相談 10月",,,2026-10-14,,9:00,11:30,,"【内容】保健師・栄養士による健康相談
【対象】市民で生活習慣病や禁煙など、健康に関する相談がある人",,無料,浜名健康づくりセンター,(053)585-1120,,,浜名区役所,浜松市浜名区貴布祢3000,,34.791664,137.783231,,,,,,申込不要,https://www.city.hamamatsu.shizuoka.jp/kenkozoshin/health/soudan/seijin.html,※禁煙に関する相談は1週間前までに要予約,けんこう,浜名区,2026-07-13,,,002404_00
221309,20260707308,静岡県,浜松市,"成人健康相談 10月",,,2026-10-28,,9:00,11:30,,"【内容】保健師・栄養士による健康相談
【対象】市民で生活習慣病や禁煙など、健康に関する相談がある人",,無料,浜名健康づくりセンター,(053)585-1120,,,浜名区役所,浜松市浜名区貴布祢3000,,34.791664,137.783231,,,,,,申込不要,https://www.city.hamamatsu.shizuoka.jp/kenkozoshin/health/soudan/seijin.html,※禁煙に関する相談は1週間前までに要予約,けんこう,浜名区,2026-07-13,,,002404_00
221309,20260707309,静岡県,浜松市,"成人健康相談 10月",,,2026-10-05,,9:00,11:30,,"【内容】保健師・栄養士による健康相談
【対象】市民で生活習慣病や禁煙など、健康に関する相談がある人",,無料,浜名健康づくりセンター（北）,(053)523-3121,,,細江健康センター,浜松市浜名区細江町気賀305番地,,34.806109,137.650537,,,,,,申込不要,https://www.city.hamamatsu.shizuoka.jp/kenkozoshin/health/soudan/seijin.html,※禁煙に関する相談は1週間前までに要予約,けんこう,浜名区,2026-07-13,,,000930_00
221309,20260707310,静岡県,浜松市,"成人健康相談 10月",,,2026-10-19,,9:30,11:30,,"【内容】保健師・栄養士による健康相談
【対象】市民で生活習慣病や禁煙など、健康に関する相談がある人",,無料,天竜健康づくりセンター,(053)922-0075,,,天竜保健福祉センター,浜松市天竜区二俣町二俣530-18,,34.871333,137.814592,,,,,,申込不要,https://www.city.hamamatsu.shizuoka.jp/kenkozoshin/health/soudan/seijin.html,※禁煙に関する相談は1週間前までに要予約,けんこう,天竜区,2026-07-13,,,002518_00
221309,20260707311,静岡県,浜松市,"成人健康相談 10月",,,2026-10-14,,9:30,11:30,,"【内容】保健師・栄養士による健康相談
【対象】市民で生活習慣病や禁煙など、健康に関する相談がある人",,無料,春野支所,(053)983-0006,,,春野支所,浜松市天竜区春野町宮川1467-2,,34.982164,137.896383,,,,,,申込不要,https://www.city.hamamatsu.shizuoka.jp/kenkozoshin/health/soudan/seijin.html,※禁煙に関する相談は1週間前までに要予約,けんこう,天竜区,2026-07-13,,,004486_00
221309,20260707312,静岡県,浜松市,"成人健康相談 10月",,,2026-10-01,,9:30,11:30,,"【内容】保健師・栄養士による健康相談
【対象】市民で生活習慣病や禁煙など、健康に関する相談がある人",,無料,水窪保健福祉センター,(053)982-0004,,,水窪保健福祉センター,浜松市天竜区水窪町奥領家2980-1,,35.165976,137.869545,,,,,,申込不要,https://www.city.hamamatsu.shizuoka.jp/kenkozoshin/health/soudan/seijin.html,※禁煙に関する相談は1週間前までに要予約,けんこう,天竜区,2026-07-13,,,004487_02
221309,20260707313,静岡県,浜松市,保健師・管理栄養士によるオンライン相談10月,,,2026-10-16,,14:00,14:30,,"【内容】保健師・栄養士による健康相談
【対象】市民で生活習慣病や禁煙など、健康に関する相談がある人
【条件】Zoomを利用できる方",,無料,健康増進課,(053)453-6125,,,,,,,,,,1人　先着順,2026-10-09,,"申込必要
【締切】締切
【申込開始】2026年09月16日(水曜日)　
【方法】ホームページ",https://www.city.hamamatsu.shizuoka.jp/kenkozoshin/soudankenko.html,※1週間前までに要予約,けんこう,オンライン,2026-07-13,,,
221309,20260707314,静岡県,浜松市,保健師・管理栄養士によるオンライン相談10月,,,2026-10-16,,15:00,15:30,,"【内容】保健師・栄養士による健康相談
【対象】市民で生活習慣病や禁煙など、健康に関する相談がある人
【条件】Zoomを利用できる方",,無料,健康増進課,(053)453-6125,,,,,,,,,,1人　先着順,2026-10-09,,"申込必要
【締切】締切
【申込開始】2026年09月16日(水曜日)　
【方法】ホームページ",https://www.city.hamamatsu.shizuoka.jp/kenkozoshin/soudankenko.html,※1週間前までに要予約,けんこう,オンライン,2026-07-13,,,
221309,20260707315,静岡県,浜松市,保健師・管理栄養士によるオンライン相談10月,,,2026-10-26,,9:30,10:00,,"【内容】保健師・栄養士による健康相談
【対象】市民で生活習慣病や禁煙など、健康に関する相談がある人
【条件】Zoomを利用できる方",,無料,健康増進課,(053)453-6125,,,,,,,,,,1人　先着順,2026-10-19,,"申込必要
【締切】締切
【申込開始】2026年09月16日(水曜日)　
【方法】ホームページ",https://www.city.hamamatsu.shizuoka.jp/kenkozoshin/soudankenko.html,※1週間前までに要予約,けんこう,オンライン,2026-07-13,,,
221309,20260707316,静岡県,浜松市,保健師・管理栄養士によるオンライン相談10月,,,2026-10-26,,10:30,11:00,,"【内容】保健師・栄養士による健康相談
【対象】市民で生活習慣病や禁煙など、健康に関する相談がある人
【条件】Zoomを利用できる方",,無料,健康増進課,(053)453-6125,,,,,,,,,,1人　先着順,2026-10-19,,"申込必要
【締切】締切
【申込開始】2026年09月16日(水曜日)　
【方法】ホームページ",https://www.city.hamamatsu.shizuoka.jp/kenkozoshin/soudankenko.html,※1週間前までに要予約,けんこう,オンライン,2026-07-13,,,
221309,20260707317,静岡県,浜松市,大人のための食育講座,オトナノタメノショクイクコウザ,,2026-10-21,,10:00,11:30,,【内容】食生活から災害に備えよう,,,中央健康づくりセンター（西）,(053)597-1174,,,入野協働センター,浜松市中央区入野町9858,,34.699036,137.677713,,,20人　先着順,,,"申込必要
【申込開始】2026年09月15日(火曜日)　
【方法】電話",https://www.city.hamamatsu.shizuoka.jp/kenkozoshin/kenko21/eating_habits/shokuikukouza.html,,けんこう,中央区,2026-07-13,2026-08-06,,004507_00
221309,20260707318,静岡県,浜松市,大人のための食育講座,オトナノタメノショクイクコウザ,,2026-10-28,,9:30,11:00,,【内容】毎日の食事で骨活！骨の健康を保つ食習慣,,,引佐健康センター,(053)542-0857,,,引佐支所,浜松市浜名区引佐町井伊谷616-5,,34.834554,137.670504,,,10人　先着順,,,"申込必要
【申込開始】2026年09月15日(火曜日)　
【方法】電話",https://www.city.hamamatsu.shizuoka.jp/kenkozoshin/kenko22/eating_habits/shokuikukouza.html,,けんこう,浜名区,2026-07-13,2026-08-06,,004483_00
221309,20260707319,静岡県,浜松市,"浜松市医師会PRESENTS減塩・低カロリープロジェクト2026 (1)コース",ゲンエン・テイカロリープロジェクト2026,,2026-11-29,,10:30,15:30,"A 10:30～12:30
C 第1部 13:15～14:15、第2部 14:30～15:30","【出演・演目など】イベントA+C
イベントA:推定塩分摂取量測定・尿検査・血糖値・血圧測定、医師によるミニレクチャー
イベントC:第1部　「笑いと心の健康」(一社)落語協会所属、落語家真打ち　林家　久蔵　氏
　第2部　「次世代へつなぐ、食欲とカラダの科学　―脳から考える、肥満症になりにくいライフスタイル」　名古屋市立大学　大学院医学研究科　消化器・代謝内科学分野　准教授(兼任)内分泌・糖尿病内科　部長(兼任)肥満症治療センター　副センター長　田中　智洋　先生",,イベントA:弁当・お茶付き500円(税込),浜松市医師会,(053)452-0424,,浜松市医師会,浜松市医師会館,浜松市中央区伝馬町311-2,,34.705489,137.727476,,,60人　抽選,2026-10-30,,"申込必要
【方法】FAX((053)452-0681)／郵送(430-0929　浜松市中央区中央2-10-1浜松青色会館5F(中日アド企画内)　「減塩・低カロリープロジェクト2026」イベント事務局係)／ホームページ",https://www.city.hamamatsu.shizuoka.jp/kenkozozhin/kenko21/eating_habits/2026genenpj.html,,けんこう,中央区,2026-07-13,2026-08-06,,
221309,20260707320,静岡県,浜松市,"浜松市医師会PRESENTS減塩・低カロリープロジェクト2026 (2)コース",ゲンエン・テイカロリープロジェクト2026,,2026-11-29,,10:30,15:30,"B 10:30～12:30
C 第1部 13:15～14:15、第2部 14:30～15:30","【出演・演目など】イベントB+C
イベントB:楽しく美味しくカロリーオフ！　～低カロリー＆低糖質スイーツのご紹介～
イベントC:第1部　「笑いと心の健康」(一社)落語協会所属、落語家真打ち　林家　久蔵　氏
　第2部　「次世代へつなぐ、食欲とカラダの科学　―脳から考える、肥満症になりにくいライフスタイル」　名古屋市立大学　大学院医学研究科　消化器・代謝内科学分野　准教授(兼任)内分泌・糖尿病内科　部長(兼任)肥満症治療センター　副センター長　田中　智洋　先生",,イベントB:弁当・お茶付き500円(税込),浜松市医師会,(053)452-0424,,浜松市医師会,浜松市医師会館,浜松市中央区伝馬町311-2,,34.705489,137.727476,,,50人　抽選,2026-10-30,,"申込必要
【方法】FAX((053)452-0681)／郵送(430-0929　浜松市中央区中央2-10-1浜松青色会館5F(中日アド企画内)　「減塩・低カロリープロジェクト2026」イベント事務局係)／ホームページ",https://www.city.hamamatsu.shizuoka.jp/kenkozozhin/kenko21/eating_habits/2026genenpj.html,,けんこう,中央区,2026-07-13,2026-08-06,,
221309,20260707321,静岡県,浜松市,"浜松市医師会PRESENTS減塩・低カロリープロジェクト2026 (3)コース",ゲンエン・テイカロリープロジェクト2026,,2026-11-29,,13:15,15:30,"C 第1部 13:15～14:15、第2部 14:30～15:30","【出演・演目など】イベントC:第1部　「笑いと心の健康」(一社)落語協会所属、落語家真打ち　林家　久蔵　氏
　第2部　「次世代へつなぐ、食欲とカラダの科学　―脳から考える、肥満症になりにくいライフスタイル」　名古屋市立大学　大学院医学研究科　消化器・代謝内科学分野　准教授(兼任)内分泌・糖尿病内科　部長(兼任)肥満症治療センター　副センター長　田中　智洋　先生",,,浜松市医師会,(053)452-0424,,浜松市医師会,浜松市医師会館,浜松市中央区伝馬町311-2,,34.705489,137.727476,,,110人　抽選,2026-10-30,,"申込必要
【方法】FAX((053)452-0681)／郵送(430-0929　浜松市中央区中央2-10-1浜松青色会館5F(中日アド企画内)　「減塩・低カロリープロジェクト2026」イベント事務局係)／ホームページ",https://www.city.hamamatsu.shizuoka.jp/kenkozozhin/kenko21/eating_habits/2026genenpj.html,,けんこう,中央区,2026-07-13,2026-08-06,,
221309,20260707322,静岡県,浜松市,第13回浜名湖ウォーク・フェスタ,ダイジュウサンカイハマナコウォーク・フェスタ,,2026-10-25,,8:30,13:30,,【内容】ウォーキング、ノルディック・ウォーク大会,,"事前申込1,000円、当日2,000円",浜名湖ウォーク・フェスタ実行委員会,(053)578-1501,,,浜名湖ガーデンパーク,浜松市中央区村櫛町5475-1,,34.715412,137.599762,,,定員なし,2026-10-18,,"申込必要
【締切】締切
【申込開始】2026年07月01日(水曜日)　
【方法】電話((0570)039-846)／ホームページ",http://www.hamanakowalk.com,,イベント,中央区,2026-07-13,,,
221309,20260707323,静岡県,浜松市,離乳食教室,リニュウショクキョウシツ,,2026-10-07,,13:30,15:45,"(1)13:30～14:25(受付は13:00～13:20)
(2)14:50～15:45(受付は14:30～14:45)
※(1)、(2)どちらかかの時間帯での申込","【内容】離乳食についての講話とデモンストレーション
【対象】令和8年5月生まれの子どもの保護者",,,中央健康づくりセンター,(053)413-5577,2822,,東部協働センター,浜松市中央区相生町23-1,,34.706816,137.748813,,,24人　先着順,,,"申込必要
【申込開始】2026年09月15日(火曜日)　12時30分
【方法】ホームページ",https://www.hamamatsu-pippi.net/contents/7894.html,,こそだて,中央区,2026-07-13,,○,004490_00
221309,20260707324,静岡県,浜松市,離乳食教室,リニュウショクキョウシツ,,2026-10-15,,13:30,15:45,"(1)13:30～14:25(受付は13:00～13:20)
(2)14:50～15:45(受付は14:30～14:45)
※(1)、(2)どちらかかの時間帯での申込","【内容】離乳食についての講話とデモンストレーション
【対象】令和8年5月生まれの子どもの保護者",,,中央健康づくりセンター（南）,(053)425-1590,6671,,東部協働センター,浜松市中央区相生町23-1,,34.706816,137.748813,,,24人　先着順,,,"申込必要
【申込開始】2026年09月15日(火曜日)　12時30分
【方法】ホームページ",https://www.hamamatsu-pippi.net/contents/7894.html,,こそだて,中央区,2026-07-13,,○,004490_00
221309,20260707325,静岡県,浜松市,離乳食教室,リニュウショクキョウシツ,,2026-10-26,,13:30,15:45,"(1)13:30～14:25(受付は13:00～13:20)
(2)14:50～15:45(受付は14:30～14:45)
※(1)、(2)どちらかかの時間帯での申込","【内容】離乳食についての講話とデモンストレーション
【対象】令和8年5月生まれの子どもの保護者",,,中央健康づくりセンター（東）,(053)424-0122,6093,,長上協働センター,浜松市中央区市野町2620-1,,34.746708,137.767760,,,24人　先着順,,,"申込必要
【申込開始】2026年09月15日(火曜日)　12時30分
【方法】ホームページ",https://www.hamamatsu-pippi.net/contents/7894.html,,こそだて,中央区,2026-07-13,,○,004502_00
221309,20260707326,静岡県,浜松市,離乳食教室,リニュウショクキョウシツ,,2026-10-01,,13:30,15:45,"(1)13:30～14:25(受付は13:00～13:20)
(2)14:50～15:45(受付は14:30～14:45)
※(1)、(2)どちらかかの時間帯での申込","【内容】離乳食についての講話とデモンストレーション
【対象】令和8年5月生まれの子どもの保護者",,,中央健康づくりセンター（西）,(053)597-1174,6432,,入野協働センター,浜松市中央区入野町9858,,34.699036,137.677713,,,24人　先着順,,,"申込必要
【申込開始】2026年09月15日(火曜日)　12時30分
【方法】ホームページ",https://www.hamamatsu-pippi.net/contents/7894.html,,こそだて,中央区,2026-07-13,,○,004507_00
221309,20260707327,静岡県,浜松市,離乳食教室,リニュウショクキョウシツ,,2026-10-09,,13:30,15:45,"(1)13:30～14:25(受付は13:00～13:20)
(2)14:50～15:45(受付は14:30～14:45)
※(1)、(2)どちらかかの時間帯での申込","【内容】離乳食についての講話とデモンストレーション
【対象】令和8年5月生まれの子どもの保護者",,,引佐健康センター,(053)542-0857,,,三方原協働センター,浜松市中央区三方原町1179-5,,34.783099,137.717581,,,24人　先着順,,,"申込必要
【申込開始】2026年09月15日(火曜日)　12時30分
【方法】ホームページ",https://www.hamamatsu-pippi.net/contents/7894.html,,こそだて,浜名区,2026-07-13,,○,004517_00
221309,20260707328,静岡県,浜松市,離乳食教室,リニュウショクキョウシツ,,2026-10-16,,13:30,15:45,"(1)13:30～14:25(受付は13:00～13:20)
(2)14:50～15:45(受付は14:30～14:45)
※(1)、(2)どちらかかの時間帯での申込","【内容】離乳食についての講話とデモンストレーション
【対象】令和8年5月生まれの子どもの保護者",,,浜名健康づくりセンター,(053)585-1120,5222,,浜松市浜北文化センター,浜松市浜名区貴布祢291-1,,34.794439,137.783274,,,24人　先着順,,,"申込必要
【申込開始】2026年09月15日(火曜日)　12時30分
【方法】ホームページ",https://www.hamamatsu-pippi.net/contents/7894.html,,こそだて,浜名区,2026-07-13,,○,002410_00
221309,20260707329,静岡県,浜松市,離乳食教室(オンライン),リニュウショクキョウシツ,,2026-10-27,,13:30,14:00,,"【内容】離乳食についての講話と質疑応答
【対象】令和8年4月、5月、6月生まれの子どもの保護者",,,中央健康づくりセンター（南）,(053)425-1590,6671,,,,,,,,,45人　先着順,,,"申込必要
【申込開始】2026年09月15日(火曜日)　12時30分
【方法】ホームページ",https://www.hamamatsu-pippi.net/contents/7895.html,,こそだて,,2026-07-13,,○,
221309,20260707330,静岡県,浜松市,もぐもぐ元気っこ教室,モグモグゲンキッコキョウシツ,,2026-10-09,,10:00,11:15,,"【内容】離乳食完了に向けての食事の進め方や心と体の発育について
【対象】令和8年2月、3月生まれの子どもの保護者",,,中央健康づくりセンター,(053)413-5577,2822,,中央保健福祉センター,浜松市中央区板屋町596,,34.707462,137.737033,,,20人　先着順,,,"申込必要
【申込開始】2026年09月15日(火曜日)　12時30分
【方法】ホームページ",https://www.hamamatsu-pippi.net/contents/7897.html,,こそだて,中央区,2026-07-13,2026-07-28,○,000025_00
221309,20260707331,静岡県,浜松市,もぐもぐ元気っこ教室,モグモグゲンキッコキョウシツ,,2026-10-20,,10:00,11:15,,"【内容】離乳食完了に向けての食事の進め方や心と体の発育について
【対象】令和8年2月、3月生まれの子どもの保護者",,,中央健康づくりセンター（東）,(053)424-0122,6093,,東部保健福祉センター,浜松市中央区青屋町300,いきいきプラザ天竜川2階,34.715732,137.782995,,,20人　先着順,,,"申込必要
【申込開始】2026年09月15日(火曜日)　12時30分
【方法】ホームページ",https://www.hamamatsu-pippi.net/contents/7897.html,,こそだて,中央区,2026-07-13,2026-07-28,○,000029_00
221309,20260707332,静岡県,浜松市,もぐもぐ元気っこ教室,モグモグゲンキッコキョウシツ,,2026-10-14,,10:00,11:15,,"【内容】離乳食完了に向けての食事の進め方や心と体の発育について
【対象】令和8年2月、3月生まれの子どもの保護者",,,中央健康づくりセンター（西）,(053)597-1174,6432,,西部保健センター,浜松市中央区雄踏一丁目31-1,,34.692659,137.645323,,,20人　先着順,,,"申込必要
【申込開始】2026年09月15日(火曜日)　12時30分
【方法】ホームページ",https://www.hamamatsu-pippi.net/contents/7897.html,,こそだて,中央区,2026-07-13,2026-07-28,○,001568_01
221309,20260707333,静岡県,浜松市,もぐもぐ元気っこ教室,モグモグゲンキッコキョウシツ,,2026-10-01,,10:00,11:15,,"【内容】離乳食完了に向けての食事の進め方や心と体の発育について
【対象】令和8年2月、3月生まれの子どもの保護者",,,中央健康づくりセンター（南）,(053)425-1590,6671,,南行政センター,浜松市中央区江之島町600-1,,34.667355,137.752214,,,20人　先着順,,,"申込必要
【申込開始】2026年09月15日(火曜日)　12時30分
【方法】ホームページ",https://www.hamamatsu-pippi.net/contents/7897.html,,こそだて,中央区,2026-07-13,2026-07-28,○,002131_00
221309,20260707334,静岡県,浜松市,もぐもぐ元気っこ教室,モグモグゲンキッコキョウシツ,,2026-10-02,,10:00,11:15,,"【内容】離乳食完了に向けての食事の進め方や心と体の発育について
【対象】令和8年2月、3月生まれの子どもの保護者",,,浜名健康づくりセンター,(053)585-1120,5222,,浜北保健センター,浜松市浜名区平口1604-1,,34.797743,137.775399,,,20人　先着順,,,"申込必要
【申込開始】2026年09月15日(火曜日)　12時30分
【方法】ホームページ",https://www.hamamatsu-pippi.net/contents/7897.html,,こそだて,浜名区,2026-07-13,2026-07-28,○,002412_00
221309,20260707335,静岡県,浜松市,もぐもぐ元気っこ教室,モグモグゲンキッコキョウシツ,,2026-10-22,,10:00,11:15,,"【内容】離乳食完了に向けての食事の進め方や心と体の発育について
【対象】令和8年2月、3月生まれの子どもの保護者",,,引佐健康センター,(053)542-0857,,,引佐健康センター,浜松市浜名区引佐町井伊谷616-5,,34.834554,137.670504,,,15人　先着順,,,"申込必要
【申込開始】2026年09月15日(火曜日)　12時30分
【方法】ホームページ",https://www.hamamatsu-pippi.net/contents/7897.html,,こそだて,浜名区,2026-07-13,2026-07-28,○,004483_02
221309,20260707336,静岡県,浜松市,休日救急歯科診療,キュウジツキュウキュウシカシンリヨウ,,2026-09-06,,9:00,11:30,,,,,健康増進課,(053)453-6129,,,浜松市口腔保健医療センター（歯の健康センター）,浜松市中央区鴨江二丁目11-2,,34.705136,137.713226,,,,,,申込不要,,,けんこう,中央区,2026-07-13,,,000743_00
221309,20260707337,静岡県,浜松市,休日救急歯科診療,キュウジツキュウキュウシカシンリヨウ,,2026-09-06,,13:00,15:30,,,,,健康増進課,(053)453-6129,,,浜松市口腔保健医療センター（歯の健康センター）,浜松市中央区鴨江二丁目11-2,,34.705136,137.713226,,,,,,申込不要,,,けんこう,中央区,2026-07-13,,,000743_00
221309,20260707338,静岡県,浜松市,休日救急歯科診療,キュウジツキュウキュウシカシンリヨウ,,2026-09-13,,9:00,11:30,,,,,健康増進課,(053)453-6129,,,浜松市口腔保健医療センター（歯の健康センター）,浜松市中央区鴨江二丁目11-2,,34.705136,137.713226,,,,,,申込不要,,,けんこう,中央区,2026-07-13,,,000743_00
221309,20260707339,静岡県,浜松市,休日救急歯科診療,キュウジツキュウキュウシカシンリヨウ,,2026-09-13,,13:00,15:30,,,,,健康増進課,(053)453-6129,,,浜松市口腔保健医療センター（歯の健康センター）,浜松市中央区鴨江二丁目11-2,,34.705136,137.713226,,,,,,申込不要,,,けんこう,中央区,2026-07-13,,,000743_00
221309,20260707340,静岡県,浜松市,休日救急歯科診療,キュウジツキュウキュウシカシンリヨウ,,2026-09-20,,9:00,11:30,,,,,健康増進課,(053)453-6129,,,浜松市口腔保健医療センター（歯の健康センター）,浜松市中央区鴨江二丁目11-2,,34.705136,137.713226,,,,,,申込不要,,,けんこう,中央区,2026-07-13,,,000743_00
221309,20260707341,静岡県,浜松市,休日救急歯科診療,キュウジツキュウキュウシカシンリヨウ,,2026-09-20,,13:00,15:30,,,,,健康増進課,(053)453-6129,,,浜松市口腔保健医療センター（歯の健康センター）,浜松市中央区鴨江二丁目11-2,,34.705136,137.713226,,,,,,申込不要,,,けんこう,中央区,2026-07-13,,,000743_00
221309,20260707342,静岡県,浜松市,休日救急歯科診療,キュウジツキュウキュウシカシンリヨウ,,2026-09-21,,9:00,11:30,,,,,健康増進課,(053)453-6129,,,浜松市口腔保健医療センター（歯の健康センター）,浜松市中央区鴨江二丁目11-2,,34.705136,137.713226,,,,,,申込不要,,,けんこう,中央区,2026-07-13,,,000743_00
221309,20260707343,静岡県,浜松市,休日救急歯科診療,キュウジツキュウキュウシカシンリヨウ,,2026-09-21,,13:00,15:30,,,,,健康増進課,(053)453-6129,,,浜松市口腔保健医療センター（歯の健康センター）,浜松市中央区鴨江二丁目11-2,,34.705136,137.713226,,,,,,申込不要,,,けんこう,中央区,2026-07-13,,,000743_00
221309,20260707344,静岡県,浜松市,休日救急歯科診療,キュウジツキュウキュウシカシンリヨウ,,2026-09-22,,9:00,11:30,,,,,健康増進課,(053)453-6129,,,浜松市口腔保健医療センター（歯の健康センター）,浜松市中央区鴨江二丁目11-2,,34.705136,137.713226,,,,,,申込不要,,,けんこう,中央区,2026-07-13,,,000743_00
221309,20260707345,静岡県,浜松市,休日救急歯科診療,キュウジツキュウキュウシカシンリヨウ,,2026-09-22,,13:00,15:30,,,,,健康増進課,(053)453-6129,,,浜松市口腔保健医療センター（歯の健康センター）,浜松市中央区鴨江二丁目11-2,,34.705136,137.713226,,,,,,申込不要,,,けんこう,中央区,2026-07-13,,,000743_00
221309,20260707346,静岡県,浜松市,休日救急歯科診療,キュウジツキュウキュウシカシンリヨウ,,2026-09-23,,9:00,11:30,,,,,健康増進課,(053)453-6129,,,浜松市口腔保健医療センター（歯の健康センター）,浜松市中央区鴨江二丁目11-2,,34.705136,137.713226,,,,,,申込不要,,,けんこう,中央区,2026-07-13,,,000743_00
221309,20260707347,静岡県,浜松市,休日救急歯科診療,キュウジツキュウキュウシカシンリヨウ,,2026-09-23,,13:00,15:30,,,,,健康増進課,(053)453-6129,,,浜松市口腔保健医療センター（歯の健康センター）,浜松市中央区鴨江二丁目11-2,,34.705136,137.713226,,,,,,申込不要,,,けんこう,中央区,2026-07-13,,,000743_00
221309,20260707348,静岡県,浜松市,休日救急歯科診療,キュウジツキュウキュウシカシンリヨウ,,2026-09-27,,9:00,11:30,,,,,健康増進課,(053)453-6129,,,浜松市口腔保健医療センター（歯の健康センター）,浜松市中央区鴨江二丁目11-2,,34.705136,137.713226,,,,,,申込不要,,,けんこう,中央区,2026-07-13,,,000743_00
221309,20260707349,静岡県,浜松市,休日救急歯科診療,キュウジツキュウキュウシカシンリヨウ,,2026-09-27,,13:00,15:30,,,,,健康増進課,(053)453-6129,,,浜松市口腔保健医療センター（歯の健康センター）,浜松市中央区鴨江二丁目11-2,,34.705136,137.713226,,,,,,申込不要,,,けんこう,中央区,2026-07-13,,,000743_00
221309,20260707351,静岡県,浜松市,ひきこもり家族教室,ヒキコモリカゾクキョウシツ,,2026-10-23,,9:30,11:45,,"【内容】ひきこもりの状態にある人のご家族を対象に、ひきこもりについてや対応方法などを学べる教室を開催します。
【対象】市内在住で、ひきこもり状態にある人(概ね15歳以上の方)のご家族",,,精神保健福祉センター,(053)457-2709,2709,,浜松市精神保健福祉センター,浜松市中央区中央一丁目12-1,静岡県浜松総合庁舎4階,34.710600,137.734608,,有,20人　先着順,2026-10-16,17:00,"申込必要
【締切】締切
【申込開始】2026年09月17日(木曜日)　9時00分
【方法】電話((053)457-2709)",https://www.city.hamamatsu.shizuoka.jp/sei-hokenc/tayori/hikikomori2.html,,けんこう,中央区,2026-07-13,,,001061_00
221309,20260707352,静岡県,浜松市,自死遺族わかちあいの会,ジシイゾクワカチアイノカイ,,2026-10-10,,14:00,16:00,,"【内容】同じ立場の人同士で体験や気持ちをわかちあう　
【対象】自死(自殺)でご家族を亡くされた方",,,精神保健福祉センター,(053)457-2709,2709,,浜松市精神保健福祉センター,浜松市中央区中央一丁目12-1,静岡県浜松総合庁舎4階,34.710600,137.734608,,,,2026-10-09,17:00,"申込必要
【締切】締切
【方法】電話((053)457-2709)",https://www.city.hamamatsu.shizuoka.jp/sei-hokenc/soudan/seisin/index.html,来所による個別相談も行っています(予約制)。詳細についてはお問合せください。,けんこう,中央区,2026-07-13,,,001061_00
221309,20260707353,静岡県,浜松市,高齢者インフルエンザ予防接種費用の一部を助成します,コウレイシャインフルエンザヨボウセッシュヒヨウノイチブジョセイ,,2026-10-01,2027-01-31,,,,"【対象】(1)接種当日に65歳以上の市民
(2)接種当日に60歳以上65歳未満で、心臓・腎臓・呼吸器または免疫機能に重い障がいがあり、身体障害者手帳などで確認ができる市民
【その他】持物
(1)・(2)の人:住所と年齢を確認できるもの(マイナンバーカードなど)、無料接種券(持っている人のみ)
(2)の人のみ:障がいの程度を確認できるもの(身体障害者手帳など)",1600円,"期間中1回限り助成。
【生活保護受給世帯の方】9月末頃に無料接種券を送付。
【世帯全員が市民税非課税の方】いずれかの方法で無料
(1)世帯全員が市民税非課税であることがわかる書類を医療機関に提示
(2)各健康づくりセンターにて接種前に無料接種券を申請(※接種後の払戻しはできません)","各健康づくりセンター
・中央健康づくりセンター　中央区役所内　電話番号：457-2891
・中央健康づくりセンター　東行政センター内　電話番号：424-0125
・中央健康づくりセンター　西行政センター内　電話番号：597-1120
・中央健康づくりセンター　南行政センター内　電話番号：425-1590
・浜名健康づくりセンター　浜名区役所内　電話番号：585-1171
・浜名健康づくりセンター　細江健康センター内　電話番号：523-3121
・天竜健康づくりセンター　天竜保健福祉センター内　電話番号：925-3142",,,,委託医療機関,-,,,,,,,,,"申込必要
※希望者は委託医療機関へ予約",https://www.city.hamamatsu.shizuoka.jp/yobo/health/yobo/koureisyainfuluenza.html,,けんこう,,2026-07-13,2026-07-28,,
221309,20260707354,静岡県,浜松市,新型コロナウイルス予防接種費用の一部を助成します,シンガタコロナウイルスヨボウセッシュヒヨウノイチブジョセイ,,2026-10-01,2027-03-31,,,,"【対象】(1)接種当日に65歳以上の市民
(2)接種当日に60歳以上65歳未満で、心臓・腎臓・呼吸器または免疫機能に重い障がいがあり、身体障害者手帳などで確認ができる市民
【その他】持物
(1)・(2)の人:住所と年齢を確認できるもの(マイナンバーカードなど)、無料接種券(持っている人のみ)
(2)の人のみ:障がいの程度を確認できるもの(身体障害者手帳など)",8000円,"期間中1回限り助成。
【生活保護受給世帯の方】9月末頃に無料接種券を送付。
【世帯全員が市民税非課税の方】いずれかの方法で無料
(1)世帯全員が市民税非課税であることがわかる書類を医療機関に提示
(2)各健康づくりセンターにて接種前に無料接種券を申請(※接種後の払戻しはできません)","各健康づくりセンター
・中央健康づくりセンター　中央区役所内　電話番号：457-2891
・中央健康づくりセンター　東行政センター内　電話番号：424-0125
・中央健康づくりセンター　西行政センター内　電話番号：597-1120
・中央健康づくりセンター　南行政センター内　電話番号：425-1590
・浜名健康づくりセンター　浜名区役所内　電話番号：585-1171
・浜名健康づくりセンター　細江健康センター内　電話番号：523-3121
・天竜健康づくりセンター　天竜保健福祉センター内　電話番号：925-3142",,,,委託医療機関,-,,,,,,,,,"申込必要
※希望者は委託医療機関へ予約",https://www.city.hamamatsu.shizuoka.jp/yobo/health/yobo/koronawakutin.html,,けんこう,,2026-07-13,2026-07-28,,
221309,20260707355,静岡県,浜松市,親子でエクササイズ,,,2026-10-16,,10:30,11:30,,"【内容】赤ちゃんと一緒に楽しめるママのエクササイズです。
【対象】定頸後の乳児とママ
【その他】持ち物:ヨガマットまたはバスタオル、動きやすい服装(ズボン)でお越しください",,1家族300円,浜松こども館,(053)450-9111,,,浜松こども館,浜松市中央区鍛冶町100-1,ザザシティ浜松中央館6・7階,34.705228,137.730166,,,20組,,,申込不要,https://kodomokan.entetsuassist-dms.com/event/,,こそだて,中央区,2026-07-13,,○,002327_00
221309,20260707356,静岡県,浜松市,ここみのおしゃべりサロン,,,2026-10-23,,13:30,15:00,,"【内容】今月は『ゆらゆらボトルであかちゃんごきげん』です。
【対象】妊婦・0歳",,1家族300円,浜松こども館,(053)450-9111,,,浜松こども館,浜松市中央区鍛冶町100-1,ザザシティ浜松中央館6・7階,34.705228,137.730166,,,20組,2026-10-13,,"申込必要
【申込開始】2026年10月06日(火曜日)　
【方法】ホームページ",https://kodomokan.entetsuassist-dms.com/event/,,こそだて,中央区,2026-07-13,,○,002327_00
221309,20260707357,静岡県,浜松市,いっしょにあそぼ！ねんね・ごろんの赤ちゃんと,,,2026-10-13,,10:30,11:30,,"【内容】わらべうたや絵本で赤ちゃんとの時間を楽しみましょう。
【対象】0歳",,,浜松こども館,(053)450-9111,,,浜松こども館,浜松市中央区鍛冶町100-1,ザザシティ浜松中央館6・7階,34.705228,137.730166,,,30組,,,申込不要,https://kodomokan.entetsuassist-dms.com/event/,,こそだて,中央区,2026-07-13,,○,002327_00
221309,20260707358,静岡県,浜松市,助産師さんのベビーマッサージ,,,2026-10-02,,10:30,11:30,,"【内容】「離乳食のはなし」のこばなしがあります。終了後、12時まで自由参加で個別相談ができます。
【対象】0歳
【その他】持ち物:バスタオル",,1家族300円,浜松こども館,(053)450-9111,,,浜松こども館,浜松市中央区鍛冶町100-1,ザザシティ浜松中央館6・7階,34.705228,137.730166,,,30組,,,申込不要,https://kodomokan.entetsuassist-dms.com/event/,,こそだて,中央区,2026-07-13,,○,002327_00
221309,20260707359,静岡県,浜松市,助産師さんのベビーマッサージ,,,2026-10-09,,10:30,11:30,,"【内容】「生活リズムとねんね」のこばなしがあります。終了後、12時まで自由参加で個別相談ができます。
【対象】0歳
【その他】持ち物:バスタオル",,1家族300円,浜松こども館,(053)450-9111,,,浜松こども館,浜松市中央区鍛冶町100-1,ザザシティ浜松中央館6・7階,34.705228,137.730166,,,30組,,,申込不要,https://kodomokan.entetsuassist-dms.com/event/,,こそだて,中央区,2026-07-13,,○,002327_00
221309,20260707360,静岡県,浜松市,助産師さんのベビーマッサージ,,,2026-10-30,,10:30,11:30,,"【内容】「冬のお肌ケア」のこばなしがあります。終了後、12時まで自由参加で個別相談ができます。
【対象】0歳
【その他】持ち物:バスタオル",,1家族300円,浜松こども館,(053)450-9111,,,浜松こども館,浜松市中央区鍛冶町100-1,ザザシティ浜松中央館6・7階,34.705228,137.730166,,,30組,,,申込不要,https://kodomokan.entetsuassist-dms.com/event/,,こそだて,中央区,2026-07-13,,○,002327_00
221309,20260707361,静岡県,浜松市,いっしょにあそぼ！ハイハイ赤ちゃんと＆ぐっすりねんねのお話会,,,2026-10-20,,10:30,11:30,,"【内容】絵本やふれあい遊び、ハイハイをしてみんなで楽しみましょう。後半は、眠育アドバイザー黒柳あやかさんの「こどもの睡眠についてのお話」があります。 
【対象】0歳
【講師】黒柳あやか",,,浜松こども館,(053)450-9111,,,浜松こども館,浜松市中央区鍛冶町100-1,ザザシティ浜松中央館6・7階,34.705228,137.730166,,,30組,,,申込不要,https://kodomokan.entetsuassist-dms.com/event/,,こそだて,中央区,2026-07-13,,○,002327_00
221309,20260707362,静岡県,浜松市,いっしょにあそぼ！ヨチヨチちゃんと,,,2026-10-15,,10:30,11:30,,"【内容】親子で一緒にワクワクする遊びでたくさん歩いて遊びましょう。
【対象】1歳",,,浜松こども館,(053)450-9111,,,浜松こども館,浜松市中央区鍛冶町100-1,ザザシティ浜松中央館6・7階,34.705228,137.730166,,,30組,,,申込不要,https://kodomokan.entetsuassist-dms.com/event/,,こそだて,中央区,2026-07-13,,○,002327_00
221309,20260707363,静岡県,浜松市,音と遊ぼうリトミック,,,2026-10-05,,11:10,11:40,,"【内容】動くことが大好きな1歳さん！音楽に合わせて楽しく過ごしましょう♪
【対象】1歳",300円,,浜松こども館,(053)450-9111,,,浜松こども館,浜松市中央区鍛冶町100-1,ザザシティ浜松中央館6・7階,34.705228,137.730166,,,20人,,,申込不要,https://kodomokan.entetsuassist-dms.com/event/,,こそだて,中央区,2026-07-13,,○,002327_00
221309,20260707364,静岡県,浜松市,音と遊ぼうリトミック,,,2026-10-19,,11:10,11:40,,"【内容】動くことが大好きな1歳さん！音楽に合わせて楽しく過ごしましょう♪
【対象】1歳",300円,,浜松こども館,(053)450-9111,,,浜松こども館,浜松市中央区鍛冶町100-1,ザザシティ浜松中央館6・7階,34.705228,137.730166,,,20人,,,申込不要,https://kodomokan.entetsuassist-dms.com/event/,,こそだて,中央区,2026-07-13,,○,002327_00
221309,20260707365,静岡県,浜松市,ハロー！みんなでABC,,,2026-10-21,,11:10,11:40,,"【内容】音楽や遊び・絵本を通じて親子で楽しみながら、英語に触れあいましょう！
【対象】1歳",300円,,浜松こども館,(053)450-9111,,,浜松こども館,浜松市中央区鍛冶町100-1,ザザシティ浜松中央館6・7階,34.705228,137.730166,,,20人,,,申込不要,https://kodomokan.entetsuassist-dms.com/event/,,こそだて,中央区,2026-07-13,,○,002327_00
221309,20260707366,静岡県,浜松市,親子でワークショップ,,,2026-10-27,,10:30,11:30,,"【内容】今月は『ぷるぷるあそび』をします。
【対象】2～3歳
【その他】※別途材料費 1人100円、持ち物:手ふきタオル(親子で汚れてもよい服装でお越しください)",100円,,浜松こども館,(053)450-9111,,,浜松こども館,浜松市中央区鍛冶町100-1,ザザシティ浜松中央館6・7階,34.705228,137.730166,,,15組,,,申込不要,https://kodomokan.entetsuassist-dms.com/event/,,こそだて,中央区,2026-07-13,,○,002327_00
221309,20260707367,静岡県,浜松市,いっしょにあそぼ！トコトコちゃんと＆知っておきたい救急のお話し,,,2026-10-22,,10:30,11:30,,"【内容】走る、のぼる、跳ぶなどの楽しい遊びをたくさんやってみよう。 後半は、＜命のバトン浜松＞による「頭をぶつけた時の対応と観察について」のお話があります。
【対象】2～3歳",,,浜松こども館,(053)450-9111,,,浜松こども館,浜松市中央区鍛冶町100-1,ザザシティ浜松中央館6・7階,34.705228,137.730166,,,30組,,,申込不要,https://kodomokan.entetsuassist-dms.com/event/,,こそだて,中央区,2026-07-13,,○,002327_00
221309,20260707368,静岡県,浜松市,音と遊ぼうリトミック,,,2026-10-05,,10:20,11:00,,"【内容】さまざまな動作ができるようになった2、3歳さん！音の変化をよく聴いて楽しみましょう♪
【対象】2～3歳",300円,,浜松こども館,(053)450-9111,,,浜松こども館,浜松市中央区鍛冶町100-1,ザザシティ浜松中央館6・7階,34.705228,137.730166,,,20人,,,申込不要,https://kodomokan.entetsuassist-dms.com/event/,,こそだて,中央区,2026-07-13,,○,002327_00
221309,20260707369,静岡県,浜松市,音と遊ぼうリトミック,,,2026-10-19,,10:20,11:00,,"【内容】さまざまな動作ができるようになった2、3歳さん！音の変化をよく聴いて楽しみましょう♪
【対象】2～3歳",300円,,浜松こども館,(053)450-9111,,,浜松こども館,浜松市中央区鍛冶町100-1,ザザシティ浜松中央館6・7階,34.705228,137.730166,,,20人,,,申込不要,https://kodomokan.entetsuassist-dms.com/event/,,こそだて,中央区,2026-07-13,,○,002327_00
221309,20260707370,静岡県,浜松市,ハロー！みんなでABC,,,2026-10-21,,10:30,11:00,,"【内容】音楽や遊び・絵本の中の簡単な英語を言葉にしながら楽しく遊びましょう！
【対象】2～3歳",300円,,浜松こども館,(053)450-9111,,,浜松こども館,浜松市中央区鍛冶町100-1,ザザシティ浜松中央館6・7階,34.705228,137.730166,,,20人,,,申込不要,https://kodomokan.entetsuassist-dms.com/event/,,こそだて,中央区,2026-07-13,,○,002327_00
221309,20260707371,静岡県,浜松市,親子でパン作り,,,2026-10-01,,11:30,12:00,,"【内容】親子で1個ずつ好きな形のパンを作りましょう。
【対象】2～3歳",300円,,浜松こども館,(053)450-9111,,,浜松こども館,浜松市中央区鍛冶町100-1,ザザシティ浜松中央館6・7階,34.705228,137.730166,,,8組,2026-09-17,,"申込必要
【申込開始】2026年09月15日(火曜日)　
【方法】ホームページ",https://kodomokan.entetsuassist-dms.com/event/,,こそだて,中央区,2026-07-13,,○,002327_00
221309,20260707372,静岡県,浜松市,親子でおやつ,,,2026-10-07,,11:00,11:45,,"【内容】今月は、親子で1個ずつ『さつまパイ』を作ります。
【対象】2～3歳",300円,,浜松こども館,(053)450-9111,,,浜松こども館,浜松市中央区鍛冶町100-1,ザザシティ浜松中央館6・7階,34.705228,137.730166,,,8組,2026-09-23,,"申込必要
【申込開始】2026年09月20日(日曜日)　
【方法】ホームページ",https://kodomokan.entetsuassist-dms.com/event/,,こそだて,中央区,2026-07-13,,○,002327_00
221309,20260707373,静岡県,浜松市,Let's運動あそびマン,,,2026-10-17,,10:30,11:30,,"【内容】マットや跳び箱、ボールなどを使って親子で身体を動かします。
【対象】3歳以上の未就学児
【条件】安全のため3歳未満の子は入室できません。
【講師】講師:きのいい羊達(一部内容が変更になる場合がございます。)",300円,,浜松こども館,(053)450-9111,,,浜松こども館,浜松市中央区鍛冶町100-1,ザザシティ浜松中央館6・7階,34.705228,137.730166,,,親子ペア25組,,,申込不要,https://kodomokan.entetsuassist-dms.com/event/,,こそだて,中央区,2026-07-13,,○,002327_00
221309,20260707374,静岡県,浜松市,パン作り,,,2026-10-18,,11:30,12:15,,"【内容】今月は、『チーズ入りパン』です。
【対象】4歳以上",300円,,浜松こども館,(053)450-9111,,,浜松こども館,浜松市中央区鍛冶町100-1,ザザシティ浜松中央館6・7階,34.705228,137.730166,,,16人,2026-10-04,,"申込必要
【申込開始】2026年10月02日(金曜日)　
【方法】ホームページ",https://kodomokan.entetsuassist-dms.com/event/,,こそだて,中央区,2026-07-13,,○,002327_00
221309,20260707375,静岡県,浜松市,おやつ作り,,,2026-10-11,,11:00,11:45,,"【内容】今月は、『さつまパイ』を作ります。
【対象】4歳以上",300円,,浜松こども館,(053)450-9111,,,浜松こども館,浜松市中央区鍛冶町100-1,ザザシティ浜松中央館6・7階,34.705228,137.730166,,,16人,2026-09-30,,"申込必要
【申込開始】2026年09月25日(金曜日)　
【方法】ホームページ",https://kodomokan.entetsuassist-dms.com/event/,,こそだて,中央区,2026-07-13,,○,002327_00
221309,20260707376,静岡県,浜松市,クラリネットとチューバのコンサート,,,2026-10-06,,11:00,11:30,,"【内容】赤ちゃん連れOK!生演奏のコンサートを楽しみましょう。
【対象】どなたでも
【講師】出演 : クラリネット 池谷歩, チューバ 栗原良紘",,1家族300円,浜松こども館,(053)450-9111,,,浜松こども館,浜松市中央区鍛冶町100-1,ザザシティ浜松中央館6・7階,34.705228,137.730166,,,,,,申込不要,https://kodomokan.entetsuassist-dms.com/event/,,こそだて,中央区,2026-07-13,,○,002327_00
221309,20260707377,静岡県,浜松市,手づくり楽器であそぼう,,,2026-10-04,,11:00,11:30,,"【内容】童謡などを親しみやすくアレンジした「手づくり楽器であそぼう」。カズーを手づくりして、一緒に音を出してみませんか？
【対象】どなたでも
【講師】出演:芦田美歌",,1家族300円,浜松こども館,(053)450-9111,,,浜松こども館,浜松市中央区鍛冶町100-1,ザザシティ浜松中央館6・7階,34.705228,137.730166,,,,,,申込不要,https://kodomokan.entetsuassist-dms.com/event/,,こそだて,中央区,2026-07-13,,○,002327_00
221309,20260707378,静岡県,浜松市,みんなでくるくる～！！こまあそび,,,2026-10-03,,14:00,15:00,,"【内容】子どもも大人もみんなで楽しもう。浜松こども館オリジナルこま検定も受けてみませんか？
【対象】どなたでも",,,浜松こども館,(053)450-9111,,,浜松こども館,浜松市中央区鍛冶町100-1,ザザシティ浜松中央館6・7階,34.705228,137.730166,,,10組,,,申込不要,https://kodomokan.entetsuassist-dms.com/event/,,こそだて,中央区,2026-07-13,,○,002327_00
221309,20260707379,静岡県,浜松市,しょうぎに挑戦,,,2026-10-10,,13:00,15:00,,"【内容】初心者から上級者まで、子どもから大人まで、それぞれの将棋を楽しみましょう。
【対象】どなたでも
【講師】神谷　広志　八段:日本将棋連盟 浜松支部",,,浜松こども館,(053)450-9111,,,浜松こども館,浜松市中央区鍛冶町100-1,ザザシティ浜松中央館6・7階,34.705228,137.730166,,,,,,申込不要,https://kodomokan.entetsuassist-dms.com/event/,,こそだて,中央区,2026-07-13,,○,002327_00
221309,20260707380,静岡県,浜松市,しょうぎに挑戦,,,2026-10-24,,13:00,15:00,,"【内容】初心者から上級者まで、子どもから大人まで、それぞれの将棋を楽しみましょう。
【対象】どなたでも
【講師】神谷　広志　八段:日本将棋連盟 浜松支部",,,浜松こども館,(053)450-9111,,,浜松こども館,浜松市中央区鍛冶町100-1,ザザシティ浜松中央館6・7階,34.705228,137.730166,,,,,,申込不要,https://kodomokan.entetsuassist-dms.com/event/,,こそだて,中央区,2026-07-13,,○,002327_00
221309,20260707381,静岡県,浜松市,よみかたりさん,,,2026-10-11,,10:50,11:20,,"【内容】ボランティアさんが絵本の読み語りや人形劇などをします。みんなで楽しい時間を過ごしましょう。
【対象】どなたでも",,,浜松こども館,(053)450-9111,,,浜松こども館,浜松市中央区鍛冶町100-1,ザザシティ浜松中央館6・7階,34.705228,137.730166,,,,,,申込不要,https://kodomokan.entetsuassist-dms.com/event/,,こそだて,中央区,2026-07-13,,○,002327_00
221309,20260707382,静岡県,浜松市,ウッドクラフト,,,2026-10-31,,10:00,15:00,,"【内容】MOCOBOの方が一緒に作ってくれるので小さな子でもOK！出来上がったら電気ペンで名前を入れられます！
【対象】どなたでも",,現金700円～,浜松こども館,(053)450-9111,,,浜松こども館,浜松市中央区鍛冶町100-1,ザザシティ浜松中央館6・7階,34.705228,137.730166,,,40人　先着順,,,申込不要,https://kodomokan.entetsuassist-dms.com/event/,,こそだて,中央区,2026-07-13,,○,002327_00
221309,20260707383,静岡県,浜松市,こどもアドボカシーってなんだろう?,,,2026-10-18,,13:30,15:00,,"【内容】ゲームや動画で「こどもの権利」について楽しく学ぼう！
【対象】どなたでも
【講師】一般社団法人こどもアドボカシーセンター浜松",,,浜松こども館,(053)450-9111,,,浜松こども館,浜松市中央区鍛冶町100-1,ザザシティ浜松中央館6・7階,34.705228,137.730166,,,,,,申込不要,https://kodomokan.entetsuassist-dms.com/event/,,こそだて,中央区,2026-07-13,,○,002327_00
221309,20260707384,静岡県,浜松市,"家族 Day Camp",,,2026-10-24,,9:30,15:00,,"【内容】野外料理やクラフトづくりで、家族のふれあいの時間を共有します。
【対象】中学3年生までの子供を含む家族",,"中学生以上1,800円小学生1,500円幼児(3歳以上)1,200円",青少年の家,(053)471-4725,,,浜松市青少年の家,浜松市中央区住吉四丁目23-1,,34.731949,137.731572,,,15組程度　応募多数の場合抽選,2026-10-03,,"申込必要
【申込開始】2026年09月19日(土曜日)　
【方法】ホームページ
ホームページのイベント申込みフォームよりご応募ください。※1人一通でお申込みください",https://h-seisyounen-ie.entetsuassist-dms.com/,,イベント,中央区,2026-07-13,,○,001613_00
221309,20260707385,静岡県,浜松市,森の木陰のハーモニー♪“AUTUMN”～PARTⅠ“絵本＆フルート+オーボエ”,,,2026-10-27,,10:30,11:00,,"【内容】木漏れ日の中、お話と楽器の音色に包まれ、親子で至福の時を過ごします。
【対象】0歳児～未就学の幼児とその保護者",,1家族100円,青少年の家,(053)471-4725,,,浜松市青少年の家,浜松市中央区住吉四丁目23-1,,34.731949,137.731572,,,先着　20組程度,,,"申込必要
【申込開始】2026年09月15日(火曜日)　
【方法】電話
定員で締切",https://h-seisyounen-ie.entetsuassist-dms.com/,,イベント,中央区,2026-07-13,2026-07-28,○,001613_00
221309,20260707386,静岡県,浜松市,森の木陰のハーモニー♪“AUTUMN”～PARTⅡ“絵本＆ピアノ”,,,2026-10-30,,10:30,11:00,,"【内容】木漏れ日の中、お話と楽器の音色に包まれ、親子で至福の時を過ごします。
【対象】0歳児～未就学の幼児とその保護者",,1家族100円,青少年の家,(053)471-4725,,,浜松市青少年の家,浜松市中央区住吉四丁目23-1,,34.731949,137.731572,,,先着　20組程度,,,"申込必要
【申込開始】2026年09月15日(火曜日)　
【方法】電話
定員で締切",https://h-seisyounen-ie.entetsuassist-dms.com/,,イベント,中央区,2026-07-13,,○,001613_00
221309,20260707387,静岡県,浜松市,結婚新生活支援事業補助金,ケッコンシンセカツシエンジギョウホジョキン,,2026-09-01,2027-01-29,,,,"【内容】令和8年1月1日から令和8年12月31日までに結婚した世帯を対象に、令和8年4月1日から令和9年1月31日までにお支払いされた住宅費用を補助します。
【対象】令和8年1月1日から令和8年12月31日までに婚姻届を出された39歳以下の夫婦であり、令和7年の夫婦の合計所得が500万円未満の方。その他条件あり。詳細は浜松市HPへ。
【条件】(1)対象となる住宅が浜松市にあり、対象となる住宅と夫婦(または一方)の住民票の住所が同じこと
(2)補助金を受けた日から1年以上、申請に係る住宅に定住する意思があること
(3)夫婦の一方または双方が、過去に同類の補助金の交付を受けていないこと
(4)夫婦ともに市税を完納していること
(5)夫婦ともに実施している講座等の受講をしていること(詳細は市HPを確認)",,,こども若者政策課,(053)457-2795,9010,,ザザシティ浜松中央館,浜松市中央区鍛治町100-1,5階,34.705097,137.730310,,,,2027-01-29,,"申込必要
【申込開始】2026年08月20日(木曜日)　
【方法】ホームページ
浜松市HP内の予約フォームから要事前予約",https://www.city.hamamatsu.shizuoka.jp/katei/kekkonnshinseikatsu/kekkonshinseikatsushienzigyou2.html,,おしらせ,中央区,2026-07-13,,,
221309,20260707388,静岡県,浜松市,カフェ婚活～2人の物語がカフェから始まる～(午前の部),カフェコンカツ(ゴゼンノブ),,2026-10-04,,11:00,13:20,,"【内容】個別トークとビュッフェで会話を楽しみながら、新しいご縁を見つける婚活イベントです。
【対象】浜松市に在勤または在住の30歳から45歳の方",2000円,,浜松市婚活イベント事務局（運営:株式会社東海道シグマ）,(0120)034-036,,,"ristorante ANNIVERSARIO",浜松市中央区佐藤3-18-5,,34.7144685,137.7502352,,,30人　抽選　男性15名、女性15名,2026-09-21,18:00,"申込必要
【申込開始】2026年07月11日(土曜日)　12時00分
【方法】電話((0120)034-036)／ホームページ",https://www.city.hamamatsu.shizuoka.jp/katei/syoshika/ibento.html,,イベント,中央区,2026-07-13,2026-07-28,,
221309,20260707389,静岡県,浜松市,カフェ婚活～2人の物語がカフェから始まる～(午後の部),カフェコンカツ(ゴゴノブ),,2026-10-04,,14:00,16:20,,"【内容】個別トークとビュッフェで会話を楽しみながら、新しいご縁を見つける婚活イベントです。
【対象】浜松市に在勤または在住の20歳から35歳の方",2000円,,浜松市婚活イベント事務局（運営:株式会社東海道シグマ）,(0120)034-036,,,"ristorante ANNIVERSARIO",浜松市中央区佐藤3-18-5,,34.7144685,137.7502352,,,30人　抽選　男性15名、女性15名,2026-09-21,18:00,"申込必要
【申込開始】2026年07月11日(土曜日)　12時00分
【方法】電話((0120)034-036)／ホームページ",https://www.city.hamamatsu.shizuoka.jp/katei/syoshika/ibento.html,,イベント,中央区,2026-07-13,2026-07-28,,
221309,20260707390,静岡県,浜松市,秋のBBQ婚活～火を囲んで自然な出会いを～,アキノバーベキューコンカツ,,2026-11-01,,11:30,14:40,,"【内容】秋空の下、BBQを楽しみながら自然な出会いを見つける婚活イベントです。
【対象】浜松市に在勤または在住の25歳から40歳の方",3000円,,浜松市婚活イベント事務局（運営:株式会社東海道シグマ）,(0120)034-036,,,MIYAKODA.BBQ.FIELD,浜松市浜名区都田町2805,,34.8246713,137.7268941,,,30人　抽選　男性15名、女性15名,2026-10-17,18:00,"申込必要
【申込開始】2026年08月20日(木曜日)　12時00分
【方法】電話((0120)034-036)／ホームページ",https://www.city.hamamatsu.shizuoka.jp/katei/syoshika/ibento.html,,イベント,浜名区,2026-07-13,2026-07-28,,
221309,20260707391,静岡県,浜松市,ひとり親家庭のための就業支援セミナー･個別相談会,,,2026-10-18,,9:30,16:00,(1)10:00～12:00(2)9:30～16:00,"【内容】(1)ライフプランセミナー(2)法律(弁護士)・生活・就業の個別相談　※(2)は一人30分
【対象】ひとり親家庭の父母、寡婦、お子さんがいて離婚を考えている人",,無料,ひとり親サポートセンター,(054)254-1191,,,浜松市子育て情報センター,浜松市中央区中央三丁目4-18,,34.707725,137.741153,,,先着順　(1)15人(先着順)(2)各10人(予約優先・空きがあれば当日受付可),2026-10-18,,"申込必要
【申込開始】2026年09月15日(火曜日)　
【方法】電話((054)254-1191)",https://hitorioya-shizuoka.jp,託児あり:要予約・無料,こそだて,中央区,2026-07-13,,○,001060_00
221309,20260707392,静岡県,浜松市,10月1日からこども医療費助成、ひとり親家庭等医療費助成、重度心身障害者医療費助成の助成内容が変わります,,,2026-10-01,,,,,"【内容】入院時の食事療養費と、こども医療・ひとり親家庭等医療は中学生まで、重度医療は20歳未満の通院(時間外除く)における保険診療分の自己負担が無料になります。
9月中に新しい受給者証を郵送するので、10月1日からは新しい受給者証を使ってください。",,,子育て支援課（こども医療、ひとり親家庭等医療）、障害者支援課（重度医療）,"(053)457-2792,(053)457-2212",,,,,,,,,,,,,,https://www.hamamatsu-pippi.net/shiritai/teate_josei/,,おしらせ,,2026-07-13,,,
221309,20260707393,静岡県,浜松市,令和9年4月の市立幼稚園入園の園児募集,レイワキュウネンシガツノイチリツヨウチエンニュウエンノエンジボシュウ,,2026-10-01,2026-10-15,,,,"【内容】(受付時間9:00～16:00)
入園願などの書類を入園を希望する幼稚園へ提出
※募集要項などは9月1日(火)から各市立幼稚園で配布",,,幼保支援課,(053)457-2867,,,,,,,,,,,2026-10-15,,"申込必要
【締切】締切
【申込開始】2026年10月01日(木曜日)　
希望する市立幼稚園に直接申し込み",https://www.hamamatsu-pippi.net/contents/7785.html,,こそだて,,2026-07-13,,○,
221309,20260707394,静岡県,浜松市,令和9年4月の認定こども園(保育所機能)・保育所・地域型保育事業の利用申込,レイワキュウネンシガツノニンテイコドモエン(ホイクショキノウ)・ホイクショ・チイキガタホイクジギョウノリヨウモウシコミ,,2026-10-01,2026-10-15,,,,"【内容】令和9年4月の認定こども園(保育所機能)・保育所・地域型保育事業の利用申し込みについては、P.●●(コラム記載ページを指定)に詳細を記載しています。
【対象】保護者の就労などにより保育できない家庭",,,幼保支援課　保育相談センター,(053)457-2833,,,,,,,,,,,2026-10-15,,"申込必要
【締切】消印有効
【申込開始】2026年10月01日(木曜日)　
【方法】郵送(430-8652　浜松市中央区元城町103番地の2　幼保支援課　保育相談センター)",http://www.hamamatsu-pippi.net/contents/7769.html,,こそだて,,2026-07-13,,○,
221309,20260707395,静岡県,浜松市,里親制度説明会,サトオヤセイドセツメイカイ,,2026-10-23,,19:00,20:30,,"【内容】里親希望者に対して里親制度を説明します。
【対象】浜松市に住民票のある方",,,児童相談所,(053)457-2705,2705,浜松市児童相談所,浜松市児童相談所,浜松市中央区中央一丁目12-1,静岡県浜松総合庁舎4階,34.710600,137.734608,,,,2026-10-22,,"申込必要
【締切】締切
【方法】電話((053)-457-2705)／ホームページ
開催日の前日までに、電話またはホームページ内にある里親説明会への申し込み入力フォームに必須項目を入力して下さい。",https://www.city.hamamatsu.shizuoka.jp/jidosodan/soudan/jiso/satooya.html,,おしらせ,中央区,2026-07-13,,○,001100_00
221309,20260707396,静岡県,浜松市,クリハラリス捕獲従事者講習会(対面式),クリハラリスホカクコウシュウカイ(タイメンシキ),,2026-10-06,,9:00,10:00,,"【内容】クリハラリスによる被害を防止するための講習会
【対象】市内でクリハラリスの捕獲を希望する人
【条件】16歳以上の人",,無料,環境政策課,(053)453-6149,,,鴨江分庁舎,浜松市中央区鴨江3-1-10,,34.705279,137.717292,,あり,20人　抽選,2026-09-24,,"申込必要
【締切】締切
【方法】窓口／郵送(432-8023　浜松市中央区鴨江三丁目1番10号　浜松市環境政策課)／ホームページ／E-mail(kankyou@city.hamamatsu.shizuoka.jp)",https://www.city.hamamatsu.shizuoka.jp/kankyou/lis/kurihararisu.html,※ホームページに掲載しているオンライン講習会と同じ内容です。オンライン講習会は御自宅から随時受講することができますので御活用ください。,講座・教室,中央区,2026-07-13,,,003148_00
221309,20260707397,静岡県,浜松市,ヌートリア捕獲従事者講習会(対面式),ヌートリアホカクコウシュウカイ(タイメンシキ),,2026-10-06,,10:30,11:30,,"【内容】ヌートリアによる被害を防止するための講習会
【対象】市内でヌートリアの捕獲を希望する人
【条件】16歳以上の人",,無料,環境政策課,(053)453-6149,,,鴨江分庁舎,浜松市中央区鴨江3-1-10,,34.705279,137.717292,,あり,20人　抽選,2026-09-24,,"申込必要
【締切】締切
【方法】窓口／郵送(432-8023　浜松市中央区鴨江三丁目1番10号　浜松市環境政策課)／ホームページ／E-mail(kankyou@city.hamamatsu.shizuoka.jp)",https://www.city.hamamatsu.shizuoka.jp/kankyou/nutria.html,※ホームページに掲載しているオンライン講習会と同じ内容です。オンライン講習会は御自宅から随時受講することができますので御活用ください。,講座・教室,中央区,2026-07-13,,,003148_00
221309,20260707398,静岡県,浜松市,アライグマ捕獲従事者講習会(対面式),アライグマホカクコウシュウカイ(タイメンシキ),,2026-10-06,,13:30,14:30,,"【内容】アライグマによる被害を防止するための講習会
【対象】市内でアライグマの捕獲を希望する人
【条件】16歳以上の人",,無料,環境政策課,(053)453-6149,,,鴨江分庁舎,浜松市中央区鴨江3-1-10,,34.705279,137.717292,,あり,20人　抽選,2026-09-24,,"申込必要
【締切】締切
【方法】窓口／郵送(432-8023　浜松市中央区鴨江三丁目1番10号　浜松市環境政策課)／ホームページ／E-mail(kankyou@city.hamamatsu.shizuoka.jp)",https://www.city.hamamatsu.shizuoka.jp/kankyou/env/tayousei/araiguma-boujo.html,※ホームページに掲載しているオンライン講習会と同じ内容です。オンライン講習会は御自宅から随時受講することができますので御活用ください。,講座・教室,中央区,2026-07-13,,,003148_00
221309,20260707399,静岡県,浜松市,指定ごみ袋の緊急措置を終了します,シテイゴミブクロのキンキュウソチヲシュウリョウシマス,,2026-09-30,,,,,【内容】令和8年9月30日をもって、浜松市指定ごみ袋に関する緊急措置を終了します。10月1日以降は浜松市指定ごみ袋以外の袋でごみ出しができませんのでご注意ください。,,,一般廃棄物対策課,(053)453-6192,,,,,,,,,,,,,,,,おしらせ,,2026-07-13,,,
221309,20260707400,静岡県,浜松市,"第16回　海ごみ調査 ～美しい遠州灘を未来へ！ごみの正体から私たちの暮らしを見つめ直そう～",ダイ16カイ　ウミゴミチョウサ～ウツクシイエンシュウナダヲミライヘ！ゴミノショウタイカラワタシタチノクラシヲミツメナオソウ～,,2026-10-17,,10:00,12:00,,"【内容】私たちが何気なく出している街のごみは、川を流れて海へとつながっています。
講座では、事前に海岸で回収したリアルな漂着ごみを使い、データカードに合わせて分別・カウントする調査をおこないます。
海ごみの現状を知り、美しい海を守るために「今日からできること」を一緒に考えてみませんか？
【当日のプログラム】
1. 漂着ごみの分別・データカード調査体験
実際に本物の漂着ごみを触りながら、対象45品目に細かく仕分けして個数を数えます。
2. 「私たちの生活と身近な海岸状況」のお話
遠州灘の海岸の現状や、ごみがどこからやってくるのかを分かりやすく解説します。
【対象】どなたでも
【条件】小学生以下は保護者同伴
【その他】持ち物:筆記用具、クリップボード、作業用手袋",,無料,西部清掃工場・えこはま,(053)440-0150,,JFE環境テクノロジー株式会社,浜松市西部清掃工場・えこはま,浜松市中央区篠原町26098番地の1,,34.674688,137.665097,,,10人　先着順,2026-10-13,16:00,"申込必要
【締切】締切
【申込開始】2026年09月16日(水曜日)　9時00分
【方法】電話((053)440-0150)／E-mail(info@ecolifehamamatsu.com)",https://hamamatsu-seibuseisoukoujou.com/ecohama/,月曜休館※ただし祝日の場合は開館,イベント,中央区,2026-07-13,,○,001432_00
221309,20260707401,静岡県,浜松市,"「見えないごみ」をのぞいてみよう！ ＜海から山まで地球をおそうじ中！　ダイバー先生と学ぶ環境講座＞","「ミエナイゴミ」ヲノゾイテミヨウ！
＜ウミカラヤママデチキュウヲオソウジチュウ！ダイバーセンセイトマナブカンキョウコウザ＞",,2026-10-24,,13:30,15:30,,"【内容】普段の生活では気付きにくい、山の中や海の中に隠された「見えないごみ」。
それらはなぜそこにあり、放置されるとどうなるのでしょうか？
静岡県・伊豆半島を拠点に「山から海まで地球まるごとお掃除」をしているダイバーの白井さんを講師に迎え、美しい自然の裏側にある現状を学び、私たちにできることを一緒に考えてみませんか？
◎当日のプログラム(予定)
(1) 活動紹介 ～知る～
ダイバーである講師が、実際の清掃活動(山の不法投棄から海の中のゴミ拾いまで)の現場で目にしたごみの現状を写真や映像と共にご紹介します。
(2) クイズタイム ～考える～
ごみ問題や自然環境にまつわるクイズに挑戦！楽しく知識を深めながら、環境問題を身近に感じるきっかけをつくります。
(3) グループワーク ～行動する～
「どうしてごみが捨てられてしまうのかな？」「どうしたら捨てられない街にできるだろう？」について、参加者の皆さんで自由にアイデアを出し合います。
【対象】どなたでも
【条件】小学生以下は保護者同伴
【その他】持ち物:筆記用具",,無料,西部清掃工場・えこはま,(053)440-0150,,JFE環境テクノロジー株式会社,浜松市西部清掃工場・えこはま,浜松市中央区篠原町26098番地の1,,34.674688,137.665097,,,50人　先着順,2026-10-20,16:00,"申込必要
【締切】締切
【申込開始】2026年09月16日(水曜日)　9時00分
【方法】電話((053)440-0150)／E-mail(info@ecolifehamamatsu.com)",https://hamamatsu-seibuseisoukoujou.com/ecohama/,月曜休館※ただし祝日の場合は開館,イベント,中央区,2026-07-13,,○,001432_00
221309,20260707402,静岡県,浜松市,苔玉作り,コケダマツクリ,,2026-10-28,,,,"第一部:10時00分～11時30分
第二部:13時00分～14時30分","【内容】天竜区の豊かな自然が育んだ「山の恵み」を使い、日本の四季を感じる山野草の苔玉を作ります。
苔玉は、自然の土や水、植物の生命力を身近に感じられる小さな緑のインテリアです。
今回の講座では、苔玉作りを通して山野草の成長過程を観察し、植物が育つ天竜の豊かな環境について学びます。日々の暮らしの中で、私たち人間がどのように自然と関わり、共生していくべきかを考えるきっかけにしてみませんか。
【対象】どなたでも
【その他】持ち物:筆記用具、軍手、エプロン、持ち帰る袋・段ボール箱、手拭きタオル、万能ばさみ、新聞、汚れてもよい服",,一人につき500円,西部清掃工場・えこはま,(053)440-0150,,JFE環境テクノロジー株式会社,浜松市西部清掃工場・えこはま,浜松市中央区篠原町26098番地の1,,34.674688,137.665097,,,"先着順　第一部:8名
第二部:8名",2026-10-20,16:00,"申込必要
【締切】締切
【申込開始】2026年09月16日(水曜日)　9時00分
【方法】電話((053)440-0150)／E-mail(info@ecolifehamamatsu.com)",https://hamamatsu-seibuseisoukoujou.com/ecohama/,月曜休館※ただし祝日の場合は開館,イベント,中央区,2026-07-13,,○,001432_00
221309,20260707403,静岡県,浜松市,浜松オート　場外発売(山陽GⅡ小林啓二杯),,,2026-09-02,2026-09-06,14:00,,,,,,浜松オートレース場,(053)471-0311,,,浜松オートレース場,浜松市中央区和合町936-19,,34.738015,137.703645,,,,,,申込不要,,,おしらせ,中央区,2026-07-13,,,000727_00
221309,20260707404,静岡県,浜松市,"浜松オート第9回1節　AutoRace. J P 投票オトもっちカップ浜松アーリーレース",,,2026-09-04,2026-09-06,9:00,,,,,,浜松オートレース場,(053)471-0311,,,浜松オートレース場,浜松市中央区和合町936-19,,34.738015,137.703645,,,,,,申込不要,,,おしらせ,中央区,2026-07-13,,,000727_00
221309,20260707405,静岡県,浜松市,浜松オート第9回2節　第7回アメージングカートISK杯,,,2026-09-13,2026-09-15,10:00,,,,,,浜松オートレース場,(053)471-0311,,,浜松オートレース場,浜松市中央区和合町936-19,,34.738015,137.703645,,,,,,申込不要,,,おしらせ,中央区,2026-07-13,,,000727_00
221309,20260707406,静岡県,浜松市,浜松オート　場外発売(川口),,,2026-09-16,2026-09-18,10:00,,,,,,浜松オートレース場,(053)471-0311,,,浜松オートレース場,浜松市中央区和合町936-19,,34.738015,137.703645,,,,,,申込不要,,,おしらせ,中央区,2026-07-13,,,000727_00
221309,20260707407,静岡県,浜松市,"浜松オート第6回2節　AutoRace. J P 投票オトもっちカップ浜松アーリーレース",,,2026-09-19,2026-09-23,9:00,,,,,,浜松オートレース場,(053)471-0311,,,浜松オートレース場,浜松市中央区和合町936-19,,34.738015,137.703645,,,,,,申込不要,,,おしらせ,中央区,2026-07-13,,,000727_00
221309,20260707408,静岡県,浜松市,浜松オート　場外発売(伊勢崎特別GⅠ共同通信社杯プレミアムカップ),,,2026-09-19,2026-09-23,14:00,,,,,,浜松オートレース場,(053)471-0311,,,浜松オートレース場,浜松市中央区和合町936-19,,34.738015,137.703645,,,,,,申込不要,,,おしらせ,中央区,2026-07-13,,,000727_00
221309,20260707409,静岡県,浜松市,浜松オート　場外発売(飯塚),,,2026-09-24,2026-09-27,10:00,,,,,,浜松オートレース場,(053)471-0311,,,浜松オートレース場,浜松市中央区和合町936-19,,34.738015,137.703645,,,,,,申込不要,,,おしらせ,中央区,2026-07-13,,,000727_00
221309,20260707410,静岡県,浜松市,浜松オート　場外発売(伊勢崎),,,2026-09-26,2026-09-28,14:00,,,,,,浜松オートレース場,(053)471-0311,,,浜松オートレース場,浜松市中央区和合町936-19,,34.738015,137.703645,,,,,,申込不要,,,おしらせ,中央区,2026-07-13,,,000727_00
221309,20260707411,静岡県,浜松市,浜松オート　場外発売(山陽),,,2026-09-28,2026-09-30,10:00,,,,,,浜松オートレース場,(053)471-0311,,,浜松オートレース場,浜松市中央区和合町936-19,,34.738015,137.703645,,,,,,申込不要,,,おしらせ,中央区,2026-07-13,,,000727_00
221309,20260707413,静岡県,浜松市,はままつ染め織りマーケット,ハママツソメオリマーケット,,2026-10-31,2026-11-01,10:00,17:00,11/1(日)は16:00まで,【内容】遠州織物の生地や製品の販売、実演・体験やワークショップ　ほか、トークイベントもあります！,,,遠州産地振興協議会（産業振興課）,(053)457-2319,,遠州産地振興協議会,浜松市ギャラリーモール（ソラモ）,浜松市中央区砂山町320-1,ギャラリーモール　ソラモ／はままちプラス,34.704174,137.733098,,,,,,申込不要,https://someori.hamazo.tv/,,イベント,中央区,2026-07-13,,○,
221309,20260707414,静岡県,浜松市,第41回　はままつ労福協まつり,ダイヨンジュウイチカイハママツロウフクキョウマツリ,,2026-10-18,,9:30,15:30,,【内容】約60軒の一般商店や労働組合の出店による物品販売、北海道じゃがいも販売・大道芸・バッテリーカー・バトントワリング等のアトラクションを実施,,入場無料,浜松市労働者福祉協議会事務局,(053)-465-1155,,,浜名湖ガーデンパーク,浜松市中央区村櫛町5475-1,,34.715412,137.599762,,1800台,,,,申込不要,https://shizuoka-rofukukyo.jp/post-19656/,,イベント,中央区,2026-07-13,2026-08-06,,
221309,20260707415,静岡県,浜松市,"ALWF 福祉とくらしのセミナー 「ゴルゴ松本氏による命の授業」",アルーフフクシトクラシノセミナーイノチノジュギョウ,,2026-11-19,,18:30,19:30,開場18時,"【内容】ゴルゴ松本氏を講師に招いて、「命の授業」と題して漢字の話、歴史の話など笑いを交えながら「命」「言葉」「人生」「日本人」などをテーマに魂のこもった熱い授業を展開いただきます。
【対象】浜松市民(市民以外も申込可能)
【講師】ゴルゴ松本",0円,無料,浜松市労働者福祉協議会　（平日午前10時～12時・午後1時～4時）,(053)465-1155,,,アクトシティ浜松,浜松市中央区板屋町111-1,中ホール,34.705528,137.735724,,,800人　先着順,2026-10-29,,"申込必要
【締切】締切
【申込開始】2026年09月15日(火曜日)　
【方法】ホームページ
チラシ二次元コードから申込可",https://shizuoka-rofukukyo.jp/post-19792/,,おしらせ,中央区,2026-07-13,2026-08-06,,000015_00
221309,20260707417,静岡県,浜松市,干し柿づくり教室,ホシガキヅクリキョウシツ,,2026-11-08,,10:00,11:30,,【内容】家庭でもできる干し柿の作り方を説明します。干す準備が整った柿をお持ち帰りいただけます。,,"受講料1500円
※別途入園料が必要",フルーツパーク時之栖,(053)428-5211,,,浜松市フルーツパーク時之栖,浜松市浜名区都田町4263-1,,34.840260,137.732989,,,先着順,,,"申込必要
【申込開始】2026年09月15日(火曜日)　
【方法】電話／E-mail",https://hamamatsu-fp.co.jp,,講座・教室,浜名区,2026-07-13,,○,000117_00
221309,20260707418,静岡県,浜松市,浜松西高等学校・中学校　弦楽部演奏,ハママツニシコウトウガッコウ・チュウガッコウ　ゲンガクブエンソウ,,2026-09-22,,,,(1)11:00～　(2)14:00～,【その他】場所:フルーツパーク屋外ステージ,,入園料が必要,フルーツパーク時之栖,(053)428-5211,,,浜松市フルーツパーク時之栖,浜松市浜名区都田町4263-1,,34.840260,137.732989,,,,,,,https://hamamatsu-fp.co.jp,,イベント,浜名区,2026-07-13,,×,000117_00
221309,20260707419,静岡県,浜松市,浜松市立湖東中学校　吹奏楽演奏,ハママツシリツコトウチュウガッコウ　スイソウガクエンソウ,,2026-09-27,,,,(1)11:00～　(2)14:00～,【その他】場所:フルーツパーク屋外ステージ,,入園料が必要,フルーツパーク時之栖,(053)428-5211,,,浜松市フルーツパーク時之栖,浜松市浜名区都田町4263-1,,34.840260,137.732989,,,,,,,https://hamamatsu-fp.co.jp,,イベント,浜名区,2026-07-13,,×,000117_00
221309,20260707420,静岡県,浜松市,浴衣　De　Night,ユカタデナイト,,2026-09-26,,16:00,19:00,雨天延期:10/3(土),"【内容】浜松学芸中学校・高等学校地域創造コース×はままつフルーツパークときのすみかコラボイベント。みんなで楽しく浴衣で盆踊りを楽しもう！
【その他】場所:フルーツパーク西エリア　出会いの広場",,入園料が必要,フルーツパーク時之栖,(053)428-5211,,,浜松市フルーツパーク時之栖,浜松市浜名区都田町4263-1,,34.840260,137.732989,,,,,,,https://hamamatsu-fp.co.jp,,イベント,浜名区,2026-07-13,,○,000117_00
221309,20260707421,静岡県,浜松市,モーニングマルシェ,モーニングマルシェ,,2026-10-03,,9:00,11:30,雨天中止,【その他】場所:入園エントランス広場(入園ゲート前),,,フルーツパーク時之栖,(053)428-5211,,,浜松市フルーツパーク時之栖,浜松市浜名区都田町4263-1,,34.840260,137.732989,,,,,,,https://hamamatsu-fp.co.jp,,イベント,浜名区,2026-07-13,,○,000117_00
221309,20260707422,静岡県,浜松市,らくがきイベント＆しゃぼん玉で遊ぼう！,ラクガキイベント＆シャボンダマデアソボウ！,,2026-10-04,,11:00,15:00,雨天延期:10/10(土),【内容】園内の舗装道路にチョークで思いっきりらくがきをしよう！しゃぼん玉を作るコーナーもあります。,,"チョーク購入代:350円
※別途入園料が必要",フルーツパーク時之栖,(053)428-5211,,,浜松市フルーツパーク時之栖,浜松市浜名区都田町4263-1,,34.840260,137.732989,,,,,,,https://hamamatsu-fp.co.jp,,イベント,浜名区,2026-07-13,,○,000117_00
221309,20260707423,静岡県,浜松市,子育て応援DAY,コソダテオウエンデイ,,2026-10-07,,9:00,17:00,,"【内容】自然や動物とふれあいながら、食べて遊んで小さなお子さまとゆっくりお過ごしください。
【対象】未就学児と同伴の保護者",,"オリジナルピザづくり　1枚1300円
日帰りグランピング体験　1部屋1500円
ふわふわ広場　無料
やぎのおやつ無料プレゼント
※別途入園料が必要",フルーツパーク時之栖,(053)428-5211,,,浜松市フルーツパーク時之栖,浜松市浜名区都田町4263-1,,34.840260,137.732989,,,,,,"申込必要
【申込開始】2026年09月15日(火曜日)　
【方法】ホームページ
ピザづくり体験、日帰りグランピング体験のみ要予約",https://hamamatsu-fp.co.jp,,イベント,浜名区,2026-07-13,,○,000117_00
221309,20260707424,静岡県,浜松市,"第2回わん祭り in フルーツパーク",ダイ2カイワンマツリインフルーツパーク,,2026-10-12,,10:00,15:00,雨天中止,【内容】愛犬とみかん収穫体験、マルシェ、ドッグラン、ファッションショーなどを開催します。,,入園料が必要,フルーツパーク時之栖,(053)428-5211,,,浜松市フルーツパーク時之栖,浜松市浜名区都田町4263-1,,34.840260,137.732989,,,,,,,https://hamamatsu-fp.co.jp,,イベント,浜名区,2026-07-13,,○,000117_00
221309,20260707425,静岡県,浜松市,ゴールキーパークリニック,ゴールキーパークリニック,,2026-10-18,,,,"(1)15:00～15:50　小学1・2年生
(2)16:00～16:50　小学3・4年生","【内容】ゴールキーパースキルのレベルアップを目指す。
【その他】場所:西エリアサッカー場",,受講料500円※別途入園料が必要,フルーツパーク時之栖,(053)428-5211,,,浜松市フルーツパーク時之栖,浜松市浜名区都田町4263-1,,34.840260,137.732989,,,先着順,,,"申込必要
【申込開始】2026年09月15日(火曜日)　
【方法】ホームページ",https://hamamatsu-fp.co.jp,,イベント,浜名区,2026-07-13,,○,000117_00
221309,20260707426,静岡県,浜松市,ゴールキーパークリニック,ゴールキーパークリニック,,2026-10-25,,,,"(1)15:00～15:50　小学5・6年生
(2)16:00～16:50　中学生、高校生","【内容】ゴールキーパースキルのレベルアップを目指す。
【その他】場所:西エリアサッカー場",,受講料500円※別途入園料が必要,フルーツパーク時之栖,(053)428-5211,,,浜松市フルーツパーク時之栖,浜松市浜名区都田町4263-1,,34.840260,137.732989,,,先着順,,,"申込必要
【申込開始】2026年09月15日(火曜日)　
【方法】ホームページ",https://hamamatsu-fp.co.jp,,イベント,浜名区,2026-07-13,,○,000117_00
221309,20260707427,静岡県,浜松市,羊毛フェルト講座,ヨウモウフェルトコウザ,,2026-11-27,,13:30,15:30,,"【内容】 来年の干支、未の作品作り
【対象】成人
【講師】内山かおり
【その他】はさみ
水分補給用の飲み物",2500円,材料費2000円含む,農村環境改善センター,(053)486-1121,,,浜松市農村環境改善センター,浜松市中央区伊左地町1320-1,,34.748338,137.673701,,約80台,14人　抽選,2026-11-11,,"申込必要
【締切】必着
【申込開始】2026年09月01日(火曜日)　
【方法】窓口／郵送(431-1111　浜松市中央区伊左地町1320-1　浜松市農村環境改善センター)／ホームページ
はがき、ホームページ、もしくはセンター窓口にて申込 (1)講座名 (2)参加者氏名(ふりがな) (3)性別 (4)年齢 (5)郵便番号 (6)住所 (7)電話番号　を記入",https://nouson-center.jp/,,講座・教室,中央区,2026-07-13,,×,002188_00
221309,20260707428,静岡県,浜松市,伝筆講座,ツテフデコウザ,,2026-11-13,,10:00,12:00,11/13～11/20の毎週金曜日(全2回),"【内容】心が伝わる筆文字を描こう
【対象】成人
【講師】鈴木雅子
【その他】筆記用具、水分補給用の飲み物",2000円,材料費1600円含む,農村環境改善センター,(053)486-1122,,,浜松市農村環境改善センター,浜松市中央区伊左地町1320-1,,34.748338,137.673701,,約80台,15人　抽選,2026-10-23,,"申込必要
【締切】必着
【申込開始】2026年09月01日(火曜日)　
【方法】窓口／郵送(431-1111　浜松市中央区伊左地町1320-1　浜松市農村環境改善センター)／ホームページ
はがき、ホームページ、もしくはセンター窓口にて申込 (1)講座名 (2)参加者氏名(ふりがな) (3)性別 (4)年齢 (5)郵便番号 (6)住所 (7)電話番号　を記入",https://nouson-center.jp/,,講座・教室,中央区,2026-07-13,,×,002188_00
221309,20260707429,静岡県,浜松市,初心者硬式テニス講座,ショシンシャコウシキテニスコウザ,,2026-11-07,,13:00,15:00,"11/7～12/5の毎週土曜日(全4回)
(11/14【土】を除く)","【内容】硬式テニスの面白さを楽しく学びましょう
【対象】中学生以上で初めて又はもう一度基礎を学びたい方
【講師】佐々木進
【その他】運動の出来る服装
テニスシューズ又は
靴底がフラットな
スポーツシューズ
タオル
飲み物",2000円,,農村環境改善センター,(053)486-1122,,,浜松市農村環境改善センター,浜松市中央区伊左地町1320-1,,34.748338,137.673701,,約80台,10人　抽選,2026-10-14,,"申込必要
【締切】必着
【申込開始】2026年09月01日(火曜日)　
【方法】窓口／郵送(431-1111　浜松市中央区伊左地町1320-1　浜松市農村環境改善センター)／ホームページ
はがき、ホームページ、もしくはセンター窓口にて申込 (1)講座名 (2)参加者氏名(ふりがな) (3)性別 (4)年齢 (5)郵便番号 (6)住所 (7)電話番号　を記入",https://nouson-center.jp/,,講座・教室,中央区,2026-07-13,,×,002188_00
221309,20260707430,静岡県,浜松市,初級硬式テニス講座,ショキュウコウシキテニスコウザ,,2026-11-08,,13:00,15:00,"11/8～12/6の毎週日曜日(全4回)
(11/15【日】を除く)","【内容】ゲームを通して試合のルールを覚えよう
【対象】中学生以上で基本的なストローク・ボレー・サーブが出来る方
【講師】佐々木進
【その他】テニスシューズ
ラケット
運動の出来る服装
飲み物
タオル",2000円,,農村環境改善センター,(053)486-1122,,,浜松市農村環境改善センター,浜松市中央区伊左地町1320-1,,34.748338,137.673701,,約80台,10人　抽選,2026-10-14,,"申込必要
【締切】必着
【申込開始】2026年09月01日(火曜日)　
【方法】窓口／郵送(431-1111　浜松市中央区伊左地町1320-1　)／ホームページ
はがき、ホームペー
ジ、もしくはセン
ター窓口にて申込 
(1)講座名 (2)参加者
氏名(ふりがな) (3)性
別 (4)年齢 (5)郵便番
号 (6)住所 (7)電話番
号　を記入",https://nouson-center.jp/,,講座・教室,中央区,2026-07-13,,×,002188_00
221309,20260707431,静岡県,浜松市,伊左地のマルシェ,イサジノマルシェ,,2026-11-15,,10:00,15:00,,"【内容】マルシェ(市場)イベントと施設利用者団体の展示、演芸発表
【対象】どなたでも",,,農村環境改善センター,(053)486-1122,,,浜松市農村環境改善センター,浜松市中央区伊左地町1320-1,,34.748338,137.673701,,約80台,,,,申込不要,https://nouson-center.jp/,,イベント,中央区,2026-07-13,,○,002188_00
221309,20260707432,静岡県,浜松市,家庭用省エネエアコン補助金を交付します,,,2026-10-01,2027-01-31,10:00,18:00,,"【内容】家庭用省エネエアコン補助金
(1)対象者
市内に住所を有し、自らが居住している市内の自己所有の住宅に対象製品を設置した個人
(2)対象製品 
・省エネ法におけるトップランナー制度の「2027年度基準」を満たしている
家庭用エアーコンディショナー 
・市内販売店等で購入した新品であり、購入及び設置の期間が、令和8年4月1日から令和9年1月31日であること(リース等は対象外)
(3)補助額(1世帯1台限り)
冷房能力 補助金の額(定額)
冷房能力が2.5kW以上の製品 30,000円
冷房能力が2.5kW未満の製品 15,000円
(4)想定世帯数 
4,000世帯",,,カーボンニュートラル推進課,(053)457-2503,2503,,,,,,,,,,,,,https://www.city.hamamatsu.shizuoka.jp/kurashi-tetsuzuki/kankyo/shisaku/energy/index.html,,おしらせ,,2026-07-13,,,
221309,20260707433,静岡県,浜松市,分譲マンションについての無料相談会,,,2026-10-27,,10:00,16:00,,"【内容】分譲マンションの適正な維持・管理の促進のため、分譲マンションの管理組合役員や区分所有者を対象とした無料相談会。静岡県マンション管理士会の管理士が相談員として対応。
【対象】浜松市民の方で分譲マンションに関する相談がある方",,,住宅課,(053)457-2457,,,浜松市役所,浜松市中央区元城町103-2,本館5階51会議室,34.711085,137.726132,,,10人　先着順　10組(同行者可能),2026-10-02,,"申込必要
【締切】締切
【申込開始】2026年09月15日(火曜日)　
【方法】窓口／電話((053)457-2457)／FAX((050)3730-5234)／ホームページ／E-mail(jutaku@city.hamamatsu.shizuoka.jp)
申込書の到着により仮受付となり、相談時間帯ごとに先着順に本受付。後日、相談時間帯が決まり次第郵送にて通知。定員超過の場合には別途連絡。",https://www.city.hamamatsu.shizuoka.jp/jutaku/home_tochi/home/manshonseminar/soudankai.html,相談時間帯は指定させていただきます。,そうだん,中央区,2026-07-13,,,002666_00
221309,20260707434,静岡県,浜松市,花のウォーキング,ハナノウォーキング,,2026-10-10,,10:00,12:00,,【内容】園内で活動しているボランティアガイドの皆さんが季節のスポットをご案内。,,,はままつフラワーパーク,(053)487-0511,,,はままつフラワーパーク,浜松市中央区舘山寺町195,,34.763174,137.633296,,,15人　先着順,,,申込不要,https://e-flowerpark.com,,イベント,中央区,2026-07-13,,,000464_00
221309,20260707435,静岡県,浜松市,全国らんちう品評大会,ゼンコクランチウヒンピョウタイカイ,,2026-10-04,,11:00,14:00,,【内容】金魚の一品種である「らんちゅう」が出品されます。,,,はままつフラワーパーク,(053)487-0511,,,はままつフラワーパーク,浜松市中央区舘山寺町195,,34.763174,137.633296,,,,,,申込不要,https://e-flowerpark.com,,イベント,中央区,2026-07-13,,,000464_00
221309,20260707436,静岡県,浜松市,植物の“タネ”を観察しよう,ショクブツノ'タネ'ヲカンサツシヨウ,,2026-10-25,,10:00,11:30,,"【内容】植物の木の実や種の役割を、園内で実際に探しながら観察して学びます。
【講師】パーク管理課 手戸",,,はままつフラワーパーク,(053)487-0511,,,はままつフラワーパーク,浜松市中央区舘山寺町195,,34.763174,137.633296,,,15人　抽選,2026-10-19,16:00,"申込必要
【締切】必着
【申込開始】2026年09月15日(火曜日)　9時00分
【方法】FAX((053)487-0833)／ホームページ／E-mail(info@e-flowerpark.com)",https://e-flowerpark.com,,イベント,中央区,2026-07-13,,○,000464_00
221309,20260707437,静岡県,浜松市,秋リースを作ろう！,アキノリースヲツクロウ！,,2026-11-14,,13:30,15:00,,"【内容】木の実やドライフラワーを使ったリースを作ってみませんか。
【講師】パーク管理課 倉澤",,,はままつフラワーパーク,(053)487-0511,,,はままつフラワーパーク,浜松市中央区舘山寺町195,,34.763174,137.633296,,,10人　抽選,2026-10-19,16:00,"申込必要
【締切】必着
【申込開始】2026年09月15日(火曜日)　9時00分
【方法】FAX((053)487-0833)／ホームページ／E-mail(info@e-flowerpark.com)",https://e-flowerpark.com,,イベント,中央区,2026-07-13,2026-07-28,○,000464_00
221309,20260707438,静岡県,浜松市,和ハーブ講座　椿、愛でて食す～椿園観察と日本最古の餅菓子「椿餅」作り,ワハーブコウザ　ツバキ、メデテショクス～ツバキエンカンサツトニホンサイコノモチガシ「ツバキモチ」ヅクリ,,2026-12-05,,10:00,12:00,,"【内容】眺めて、知って、作って味わう。暮らしの中に椿を楽しむ
【講師】(一社)和ハーブ協会認定インストラクター、野草・和ハーブ教室ハーブ蒼主宰　横井理恵子氏
【その他】※応募人数が4名以下の場合は中止",3000円,,はままつフラワーパーク,(053)487-0511,,,はままつフラワーパーク,浜松市中央区舘山寺町195,,34.763174,137.633296,,,12人　先着順　電子チケットで事前購入(先着順),2026-12-01,16:00,"申込必要
【締切】締切
【申込開始】2026年09月15日(火曜日)　9時00分
【方法】ホームページ
講座の申し込みは、公式HPより電子チケットを事前に購入※購入後12/3以降のキャンセルは返金不可",https://e-flowerpark.com,,イベント,中央区,2026-07-13,,,000464_00
221309,20260707439,静岡県,浜松市,クリスマス・アレンジ教室,クリスマス・アレンジキョウシツ,,2026-12-06,,10:15,12:15,,【内容】クリスマスシーズンをおしゃれに演出するフラワーアレンジメントを楽しく作ります,2700円,,はままつフラワーパーク,(053)487-0511,,,はままつフラワーパーク,浜松市中央区舘山寺町195,,34.763174,137.633296,,,30人　抽選,2026-11-02,16:00,"申込必要
【締切】必着
【申込開始】2026年09月15日(火曜日)　9時00分
【方法】FAX((053)487-0833)／ホームページ／E-mail(info@e-flowerpark.com)",https://e-flowerpark.com,,イベント,中央区,2026-07-13,,○,000464_00
221309,20260707440,静岡県,浜松市,みどり～な環境教室「秋の昆虫・植物を観察しよう」,ミドリ～ナカンキョウキョウシツ「アキノコンチュウ・ショクブツヲカンサツシヨウ」,,2026-10-03,,9:30,12:00,,"【内容】観察をとおして秋の生物の多様性を、信州大学の教諭から学びます。
【対象】一般・親子
【その他】持ち物:水筒、タオル、虫かご、虫取り網、筆記用具",0円,無料,みどり～な,(053)426-2300,,,浜松市緑化推進センター（みどり～な）,浜松市中央区大塚町1876-1,,34.700349,137.784010,,,30人　先着順,,,"申込不要
当日現地受付9:00～",https://midorina.hama-park.jp/,,イベント,中央区,2026-07-13,,,002823_00
221309,20260707441,静岡県,浜松市,ナチュラルハーブ講座「リップグロスづくり」,ナチュラルハーブコウザ「リップグロスヅクリ」,,2026-10-04,,10:00,12:00,,"【内容】天然素材で簡単にリップグロスを作ります。ピンク系かオレンジ系か、どちらかお選びいただきます。
【対象】一般
【講師】大岡ちづる
【その他】持ち物:筆記用具",1800円,,みどり～な,(053)426-2300,,,浜松市緑化推進センター（みどり～な）,浜松市中央区大塚町1876-1,,34.700349,137.784010,,,15人　先着順,2026-09-27,17:00,"申込必要
【締切】締切
【申込開始】2026年09月15日(火曜日)　9時00分
【方法】窓口／電話((053)426-2300)",https://midorina.hama-park.jp/,,イベント,中央区,2026-07-13,,,002823_00
221309,20260707442,静岡県,浜松市,エコパックdeイチゴ畑,エコパックデイチゴバタケ,,2026-10-10,,10:00,12:00,,"【内容】ペットボトルをプランターにして、イチゴの苗を植え付けます。
【対象】一般
【講師】竹村久生
【その他】持ち物:2?のペットボトル1本、筆記用具",1000円,,みどり～な,(053)426-2300,,,浜松市緑化推進センター（みどり～な）,浜松市中央区大塚町1876-1,,34.700349,137.784010,,,15人　先着順,2026-10-03,17:00,"申込必要
【締切】締切
【申込開始】2026年09月15日(火曜日)　9時00分
【方法】窓口／電話((053)426-2300)",https://midorina.hama-park.jp/,,イベント,中央区,2026-07-13,,,002823_00
221309,20260707443,静岡県,浜松市,"齋藤雅紀の絵画教室 後期(全3回:10/11、10/25、11/8)","サイトウマサキノカイガキョウシツ コウキ　(ゼン3カイ:10/11、10/25、11/8)",,2026-10-11,,13:30,16:00,,"【内容】園内の植物を観察しながらスケッチしたり、簡単な描き方やコツを学びます。
【対象】一般
【講師】齋藤雅紀
【その他】持ち物:水彩・アクリル絵の具など使用したい用具一式・筆記用具",3300円,,みどり～な,(053)426-2300,,,浜松市緑化推進センター（みどり～な）,浜松市中央区大塚町1876-1,,34.700349,137.784010,,,20人　先着順,2026-10-04,17:00,"申込必要
【締切】締切
【申込開始】2026年09月15日(火曜日)　9時00分
【方法】窓口／電話((053)426-2300)",https://midorina.hama-park.jp/,,イベント,中央区,2026-07-13,,,002823_00
221309,20260707444,静岡県,浜松市,山野草展示会と苗の即売会,サンヤソウテンジカイトナエノソクバイカイ,,2026-10-17,2026-10-18,11:00,16:00,18日は10:00～15:30,"【内容】珍しい山野草の展示会と、一部苗の即売を行います。
【対象】一般
【講師】浜松山草会",0円,,みどり～な,(053)426-2300,,,浜松市緑化推進センター（みどり～な）,浜松市中央区大塚町1876-1,,34.700349,137.784010,,,,,,"申込不要
当日現地受付11:00～",https://midorina.hama-park.jp/,,イベント,中央区,2026-07-13,,,002823_00
221309,20260707445,静岡県,浜松市,押し花で季節のカレンダーづくり,オシバナデキセツノカレンダーヅクリ,,2026-10-21,,10:00,12:00,,"【内容】押し花を使って2か月カレンダーを、季節のデザインで仕上げます。
【対象】一般
【講師】北島美枝子
【その他】持ち物:はさみ、筆記用具",800円,,みどり～な,(053)426-2300,,,浜松市緑化推進センター（みどり～な）,浜松市中央区大塚町1876-1,,34.700349,137.784010,,,10人　先着順,2026-10-14,17:00,"申込必要
【締切】締切
【申込開始】2026年09月15日(火曜日)　9時00分
【方法】窓口／電話((053)426-2300)",https://midorina.hama-park.jp/,,イベント,中央区,2026-07-13,,,002823_00
221309,20260707446,静岡県,浜松市,秋の花と植木の展示即売会,アキノハナトウエキノテンジソクバイカイ,,2026-10-25,,9:00,13:00,,"【内容】秋の花と樹木の即売会と、同時開催で地元の新鮮野菜の朝市。
【対象】一般",0円,無料,みどり～な,(053)426-2300,,,浜松市緑化推進センター（みどり～な）,浜松市中央区大塚町1876-1,,34.700349,137.784010,,,,,,"申込不要
当日現地受付9:00～",https://midorina.hama-park.jp/,,イベント,中央区,2026-07-13,,,002823_00
221309,20260707447,静岡県,浜松市,季節のプリザーブドフラワーアレンジメント講座,キセツノプリザーブドフラワーアレンジメントコウザ,,2026-10-27,,10:00,12:00,,"【内容】初心者でも簡単に楽しめるプリザーブドフラワーアレンジメント講座。
【対象】一般
【講師】三澤純子
【その他】持ち物:クラフトハサミ・ピンセット・持ち帰り用袋",3600円,"材料費3,500円＋保険料100円",みどり～な,(053)426-2300,,,浜松市緑化推進センター（みどり～な）,浜松市中央区大塚町1876-1,,34.700349,137.784010,,,20人　先着順,2026-10-20,17:00,"申込必要
【締切】締切
【申込開始】2026年09月15日(火曜日)　9時00分
【方法】窓口／電話((053)426-2300)",https://midorina.hama-park.jp/,,イベント,中央区,2026-07-13,,,002823_00
221309,20260707448,静岡県,浜松市,みどりと花を愉しむノルディック・ウォーク,ミドリトハナヲタノシムノルディック・ウォーク,,2026-10-01,,10:00,11:30,,"【内容】二本のポールを使って全身運動。初心者大歓迎、指導員が優しく教えます。
【対象】一般
【その他】持ち物:水筒・タオル",300円,ポールレンタル別途200円,みどり～な,(053)426-2300,,,浜松市緑化推進センター（みどり～な）,浜松市中央区大塚町1876-1,,34.700349,137.784010,,,40人　先着順,,,"申込不要
当日現地受付9:30～",https://midorina.hama-park.jp/,,イベント,中央区,2026-07-13,,,002823_00
221309,20260707449,静岡県,浜松市,みどりと花を愉しむノルディック・ウォーク,ミドリトハナヲタノシムノルディック・ウォーク,,2026-10-05,,10:00,11:30,,"【内容】二本のポールを使って全身運動。初心者大歓迎、指導員が優しく教えます。
【対象】一般
【その他】持ち物:水筒・タオル",300円,ポールレンタル別途200円,みどり～な,(053)426-2300,,,浜松市緑化推進センター（みどり～な）,浜松市中央区大塚町1876-1,,34.700349,137.784010,,,40人　先着順,,,"申込不要
当日現地受付9:30～",https://midorina.hama-park.jp/,,イベント,中央区,2026-07-13,,,002823_00
221309,20260707450,静岡県,浜松市,みどりと花を愉しむノルディック・ウォーク,ミドリトハナヲタノシムノルディック・ウォーク,,2026-10-15,,10:00,11:30,,"【内容】二本のポールを使って全身運動。初心者大歓迎、指導員が優しく教えます。
【対象】一般
【その他】持ち物:水筒・タオル",300円,ポールレンタル別途200円,みどり～な,(053)426-2300,,,浜松市緑化推進センター（みどり～な）,浜松市中央区大塚町1876-1,,34.700349,137.784010,,,40人　先着順,,,"申込不要
当日現地受付9:30～",https://midorina.hama-park.jp/,,イベント,中央区,2026-07-13,,,002823_00
221309,20260707451,静岡県,浜松市,みどりと花を愉しむノルディック・ウォーク,ミドリトハナヲタノシムノルディック・ウォーク,,2026-10-19,,10:00,11:30,,"【内容】二本のポールを使って全身運動。初心者大歓迎、指導員が優しく教えます。
【対象】一般
【その他】持ち物:水筒・タオル",300円,ポールレンタル別途200円,みどり～な,(053)426-2300,,,浜松市緑化推進センター（みどり～な）,浜松市中央区大塚町1876-1,,34.700349,137.784010,,,40人　先着順,,,"申込不要
当日現地受付9:30～",https://midorina.hama-park.jp/,,イベント,中央区,2026-07-13,,,002823_00
221309,20260707452,静岡県,浜松市,みどりと花を愉しむノルディック・ウォーク,ミドリトハナヲタノシムノルディック・ウォーク,,2026-10-29,,10:00,11:30,,"【内容】二本のポールを使って全身運動。初心者大歓迎、指導員が優しく教えます。
【対象】一般
【その他】持ち物:水筒・タオル",300円,ポールレンタル別途200円,みどり～な,(053)426-2300,,,浜松市緑化推進センター（みどり～な）,浜松市中央区大塚町1876-1,,34.700349,137.784010,,,40人　先着順,,,"申込不要
当日現地受付9:30～",https://midorina.hama-park.jp/,,イベント,中央区,2026-07-13,,,002823_00
221309,20260707453,静岡県,浜松市,浜松花と緑の祭2026,ハママツハナトミドリノマツリ2026,,2026-10-17,,10:00,16:00,,"【内容】花や緑に関する物販や体験講座、お楽しみステージなどを実施
【対象】どなたでも
【条件】なし",0円,,緑政課,(053)457-2586,2586,浜松市,アクト通り及び東ふれあい公園,浜松市中央区中央一丁目11-1,,34.709885,137.736303,,無し,,,,申込不要,https://www.city.hamamatsu.shizuoka.jp/ryokuka/event.html,,イベント,中央区,2026-07-13,,○,
221309,20260707454,静岡県,浜松市,浜松花と緑の祭2026,ハママツハナトミドリノマツリ2026,,2026-10-18,,9:00,15:00,,"【内容】花や緑に関する物販や体験講座、お楽しみステージなどを実施
【対象】どなたでも
【条件】なし",0円,,緑政課,(053)457-2586,2586,浜松市,アクト通り及び東ふれあい公園,浜松市中央区中央一丁目11-1,,34.709885,137.736303,,無し,,,,申込不要,https://www.city.hamamatsu.shizuoka.jp/ryokuka/event.html,,イベント,中央区,2026-07-13,,○,
221309,20260707455,静岡県,浜松市,浜松花と緑の祭2026講座参加者募集,ハママツハナトミドリノマツリ2026コウザサンカシャボシュウ,,2026-10-17,2026-10-18,,,,"【内容】浜松花と緑の祭内で実施する各講座の参加者を募集。詳しくは、HPへ。
【対象】どなたでも(一部小学生対象)
【条件】なし",,,緑政課,(053)457-2586,2586,浜松市,アクト通り及び東ふれあい公園,浜松市中央区中央一丁目11-1,,34.709885,137.736303,,無し,,2026-10-15,16:00,"申込必要
【締切】締切
【申込開始】2026年09月15日(火曜日)　9時00分
【方法】FAX((050)3535-5217)／ホームページ／E-mail(ryokuka@city.hamamatsu.shizuoka.jp)
先着順",https://www.city.hamamatsu.shizuoka.jp/ryokuka/event.html,,イベント,中央区,2026-07-13,,○,
221309,20260707456,静岡県,浜松市,第12次浜松市交通安全計画(案)の意見募集について,,,2026-09-30,2026-10-29,,,,【内容】パブリック・コメント制度による意見募集です。,,,土木部道路企画課,(053)-457-2232,2232,,,,,,,,,,,,申込不要,https://www.city.hamamatsu.shizuoka.jp/kurashi-tetsuzuki/doro/kotsuanzen/index.html,,おしらせ,,2026-07-13,,,
221309,20260707457,静岡県,浜松市,浜松ウエルネスウィークエンド2026,ハママツウエルネスウィークエンドニセンニジュウロク,"Hamamatsu Wellness Weekend2026",2026-09-19,,10:00,16:00,,"【内容】「浜松ウエルネスウィークエンド2026」は、世界160か国が参加する世界最大の健幸祭「国際スポーツ＆ウェルネスウィークエンド」に登録して行うイベント
【対象】市民
【条件】なし
【講師】なし",,,ウエルネス推進事業本部,(053)457-2129,2129,浜松市,-,浜松市浜名区貴布祢1200番地,,34.7976728,137.7794985,,会場(プレ葉ウォーク浜北)の駐車場の使用可,,,,申込不要,https://www.city.hamamatsu.shizuoka.jp/wellnessproject/index.html,,イベント,浜名区,2026-07-13,,○,
221309,20260707458,静岡県,浜松市,市民の健康やウエルネスの取組に関するアンケート,,,2026-08-14,2026-11-01,15:00,0:00,アンケートは電子的な手法で行います。開始・終了時間は想定です。,"【内容】市民の健康やウエルネスに関する意識・行動、ニーズの実態を捉え、健康増進の取組につなげるためのアンケート調査を実施しています。ご回答に御協力ください。
【対象】浜松市民
【その他】電子フォーム等でアンケートを収集します",,,ウエルネス推進事業本部,(053)457-2129,2129,浜松市,,,,,,,,,,,申込不要,https://www.city.hamamatsu.shizuoka.jp/wellnessproject/index.html,,おしらせ,,2026-07-13,2026-08-06,○,
221309,20260707459,静岡県,浜松市,ウエルネスアップ！健幸フェスティバル2026,ウエルネスアップケンコウフェスティバルニセンニジュウゴ,,2026-10-03,2026-10-04,10:00,16:00,,"【内容】「ウエルネスアップ！健幸フェスティバル2026」では、浜松市とイオン株式会社との健幸に関する連携協定締結式の開催、浜松ウエルネスプロジェクトに参画する企業・団体、MySCUE(マイスキュー)が、市民の皆様の心身の健幸に資する周知啓発や体験をしていただくブースを出展します。
【対象】浜松市民
【条件】なし
【講師】なし",,,ウエルネス推進事業本部,(053)457-2129,2129,浜松市,-,浜松市中央区天王町字諏訪1981-3,,34.7404556,137.7645693,,,,,,申込不要,https://www.city.hamamatsu.shizuoka.jp/wellnessproject/index.html,,イベント,中央区,2026-07-13,,○,
221309,20260707460,静岡県,浜松市,応急手当の方法を学ぼう・上級救命講習,オウキュウテアテノホウホウヲマナボウ・ジョウキュウキュウメイコウシュウ,,2026-10-14,,8:30,17:30,,【条件】市内在住、在勤、通学,,0,消防局警防課,(053)475-7562,,消防局警防課,"浜松市消防局 北消防署",浜松市浜名区細江町三和2173番地の7,,34.814683,137.668595,,有,15人　先着順,2026-10-09,12:00,"申込必要
【締切】必着
【申込開始】2026年10月01日(木曜日)　12時00分
【方法】窓口／FAX((050)3537-8983)／郵送(430-0905　浜松市中央区下池川町19-1　消防局警防課)／ホームページ",https://www.city.hamamatsu.shizuoka.jp/bosai/shobo/koshu/index.html,,講座・教室,浜名区,2026-07-13,,,
221309,20260707461,静岡県,浜松市,応急手当の方法を学ぼう・普通救命講習Ⅰ,オウキュウテアテノホウホウヲマナボウ・フツウキュウメイコウシュウイチ,,2026-10-20,,9:00,12:00,,【条件】市内在住、在勤、通学,,0,消防局警防課,(053)475-7562,,消防局警防課,"浜松市消防局 北消防署",浜松市浜名区細江町三和2173番地の7,,34.814683,137.668595,,有,15人　先着順,2026-10-16,12:00,"申込必要
【締切】必着
【申込開始】2026年10月01日(木曜日)　12時00分
【方法】窓口／FAX((050)3537-8983)／郵送(430-0905　浜松市中央区下池川町19-1　消防局警防課)／ホームページ",https://www.city.hamamatsu.shizuoka.jp/bosai/shobo/koshu/index.html,,講座・教室,浜名区,2026-07-13,,,
221309,20260707462,静岡県,浜松市,応急手当の方法を学ぼう・普通救命講習Ⅰ,オウキュウテアテノホウホウヲマナボウ・フツウキュウメイコウシュウイチ,,2026-10-21,,13:30,16:30,,【条件】市内在住、在勤、通学,,0,消防局警防課,(053)475-7562,,消防局警防課,浜松市防災学習センター,浜松市中央区山下町192,,34.718456,137.729544,,有,30人　先着順,2026-10-19,12:00,"申込必要
【締切】必着
【申込開始】2026年10月01日(木曜日)　12時00分
【方法】窓口／FAX((050)3537-8983)／郵送(430-0905　浜松市中央区下池川町19-1　消防局警防課)／ホームページ",https://www.city.hamamatsu.shizuoka.jp/bosai/shobo/koshu/index.html,,講座・教室,中央区,2026-07-13,,,005095_00
221309,20260707463,静岡県,浜松市,応急手当の方法を学ぼう・普通救命講習Ⅲ,オウキュウテアテノホウホウヲマナボウ・フツウキュウメイコウシュウサン,,2026-10-23,,13:30,16:30,,【条件】市内在住、在勤、通学,,0,消防局警防課,(053)475-7562,,消防局警防課,浜松市防災学習センター,浜松市中央区山下町192,,34.718456,137.729544,,有,30人　先着順,2026-10-21,12:00,"申込必要
【締切】必着
【申込開始】2026年10月01日(木曜日)　12時00分
【方法】窓口／FAX((050)3537-8983)／郵送(430-0905　浜松市中央区下池川町19-1　消防局警防課)／ホームページ",https://www.city.hamamatsu.shizuoka.jp/bosai/shobo/koshu/index.html,,講座・教室,中央区,2026-07-13,,,005095_00
221309,20260707464,静岡県,浜松市,応急手当の方法を学ぼう・普通救命講習Ⅰ,オウキュウテアテノホウホウヲマナボウ・フツウキュウメイコウシュウイチ,,2026-11-10,,13:30,16:30,,【条件】市内在住、在勤、通学,,0,消防局警防課,(053)475-7562,,消防局警防課,"浜松市消防局 北消防署",浜松市浜名区細江町三和2173番地の7,,34.814683,137.668595,,有,15人　先着順,2026-11-06,12:00,"申込必要
【締切】必着
【申込開始】2026年11月02日(月曜日)　12時00分
【方法】窓口／FAX((050)3537-8983)／郵送(430-0905　浜松市中央区下池川町19-1　消防局警防課)／ホームページ",https://www.city.hamamatsu.shizuoka.jp/bosai/shobo/koshu/index.html,,講座・教室,浜名区,2026-07-13,,,
221309,20260707465,静岡県,浜松市,応急手当の方法を学ぼう・普通救命講習ⅠLIVE講習,オウキュウテアテノホウホウヲマナボウ・フツウキュウメイコウシュウイチライブコウシュウ,,2026-11-11,,10:00,12:00,,【条件】市内在住、在勤、通学,,0,消防局警防課,(053)475-7562,,消防局警防課,浜松市消防局,浜松市中央区下池川町19-1,,34.715821,137.726980,,有,30人　先着順,2026-11-10,12:00,"申込必要
【締切】必着
【申込開始】2026年10月15日(木曜日)　12時00分
【方法】ホームページ",https://www.city.hamamatsu.shizuoka.jp/bosai/shobo/koshu/index.html,,講座・教室,中央区,2026-07-13,,,001344_00
221309,20260707466,静岡県,浜松市,応急手当の方法を学ぼう・普通救命講習Ⅰ,オウキュウテアテノホウホウヲマナボウ・フツウキュウメイコウシュウイチ,,2026-11-18,,10:00,13:00,,【条件】市内在住、在勤、通学,,0,消防局警防課,(053)475-7562,,消防局警防課,浜松市防災学習センター,浜松市中央区山下町192,,34.718456,137.729544,,有,30人　先着順,2026-11-16,12:00,"申込必要
【締切】必着
【申込開始】2026年11月02日(月曜日)　12時00分
【方法】窓口／FAX((050)3537-8983)／郵送(430-0905　浜松市中央区下池川町19-1　消防局警防課)／ホームページ",https://www.city.hamamatsu.shizuoka.jp/bosai/shobo/koshu/index.html,,講座・教室,中央区,2026-07-13,,,005095_00
221309,20260707467,静岡県,浜松市,応急手当の方法を学ぼう・普通救命講習Ⅲ,オウキュウテアテノホウホウヲマナボウ・フツウキュウメイコウシュウサン,,2026-11-20,,9:00,12:00,,【条件】市内在住、在勤、通学,,0,消防局警防課,(053)475-7562,,消防局警防課,"浜松市消防局 北消防署",浜松市浜名区細江町三和2173番地の7,,34.814683,137.668595,,有,15人　先着順,2026-11-18,12:00,"申込必要
【締切】必着
【申込開始】2026年11月02日(月曜日)　12時00分
【方法】窓口／FAX((050)3537-8983)／郵送(430-0905　浜松市中央区下池川町19-1　消防局警防課)／ホームページ",https://www.city.hamamatsu.shizuoka.jp/bosai/shobo/koshu/index.html,,講座・教室,浜名区,2026-07-13,,,
221309,20260707468,静岡県,浜松市,応急手当の方法を学ぼう・上級救命講習,オウキュウテアテノホウホウヲマナボウ・ジョウキュウキュウメイコウシュウ,,2026-11-24,,10:00,19:00,,【条件】市内在住、在勤、通学,,0,消防局警防課,(053)475-7562,,消防局警防課,浜松市防災学習センター,浜松市中央区山下町192,,34.718456,137.729544,,有,30人　先着順,2026-11-20,12:00,"申込必要
【締切】必着
【申込開始】2026年11月02日(月曜日)　12時00分
【方法】窓口／FAX((050)3537-8983)／郵送(430-0905　浜松市中央区下池川町19-1　消防局警防課)／ホームページ",https://www.city.hamamatsu.shizuoka.jp/bosai/shobo/koshu/index.html,,講座・教室,中央区,2026-07-13,,,005095_00
221309,20260707469,静岡県,浜松市,応急手当の方法を学ぼう・普通救命講習Ⅰ,オウキュウテアテノホウホウヲマナボウ・フツウキュウメイコウシュウイチ,,2026-11-27,,13:30,16:30,,【条件】市内在住、在勤、通学,,0,消防局警防課,(053)475-7562,,消防局警防課,浜松市防災学習センター,浜松市中央区山下町192,,34.718456,137.729544,,有,30人　先着順,2026-11-25,12:00,"申込必要
【締切】必着
【申込開始】2026年11月02日(月曜日)　12時00分
【方法】窓口／FAX((050)3537-8983)／郵送(430-0905　浜松市中央区下池川町19-1　消防局警防課)／ホームページ",https://www.city.hamamatsu.shizuoka.jp/bosai/shobo/koshu/index.html,,講座・教室,中央区,2026-07-13,,,005095_00
221309,20260707470,静岡県,浜松市,会計年度任用職員(スクールソーシャルワーカー)の募集,カイケイネンドニンヨウショクイン(スクールソーシャルワーカー)ノボシュウ,,2026-11-12,,13:00,,任用選考試験実施日,"【内容】スクールソーシャルワーカー業務(月額報酬)を行う職員を募集します。
【任用予定日】令和9年4月1日以降
【業務内容】問題を抱える児童生徒が置かれた環境への働き掛けや、関係機関とのネットワークの構築、連携など
【その他】週30時間勤務",,,教職員課,(053)457-2414,,,イーステージオフィス棟,浜松市中央区中央一丁目2-1,,34.711628,137.734748,,,若干名,2026-10-16,17:15,"申込必要
【締切】必着
【申込開始】2026年09月14日(月曜日)　8時30分
【方法】窓口／郵送(430-0929　浜松市中央区中央一丁目2番1号　イーステージ浜松オフィス棟　5階　浜松市教育委員会　教職員課　採用担当)
詳細は浜松市公式HPから募集案内を確認してください。",https://www.city.hamamatsu.shizuoka.jp/shise/shokuinsaiyo/hi_oshirase.html,,職員募集,中央区,2026-07-13,,,000031_00
221309,20260707471,静岡県,浜松市,第2回かわな里山体験,ダイ二カイカワナサトヤマタイケン,,2026-12-12,2026-12-13,13:00,13:30,終了時間は13日13:30　1泊2日,"【内容】しめ縄飾り作り、星空観望、餅つき体験とお雑煮づくり
【対象】家族単位(大人だけ、子どもだけの参加は不可)",,"大人8,500円　子ども7,500円",浜松市かわな野外活動センター,(053)544-0219,,浜松市かわな野外活動センター,浜松市かわな野外活動センター,浜松市浜名区引佐町川名455-5,,34.879453,137.698441,,,抽選　10家族　※宿泊棟(25人収容の大部屋、原則1家族1部屋、希望により相部屋可),2026-10-23,,"申込必要
【申込開始】2026年10月14日(水曜日)　
【方法】E-mail(kawana@hamamatsu-sports.or.jp)
Eメールで「参加者全員の氏名(ふりがな)」「学年」「性別」「年齢」「生年月日」「郵便番号」「住所」「電話番号」「同室を希望する家族がいる場合は相手家族の氏名」を記入して申し込んでください。",https://www.kawana-oac.com/,,イベント,浜名区,2026-07-13,,○,000051_00
221309,20260707472,静岡県,浜松市,第2回キラキラわくわく体験教室,ダイ二カイキラキラワクワクタイケンキョウシツ,,2026-11-28,2026-11-29,13:00,13:30,終了時間は29日13:30　1泊2日,"【内容】クリスマスリースと芋まんじゅうづくり
【対象】家族単位(大人だけ、子どもだけの参加は不可)",,"大人8,500円　子ども7,500円",浜松市かわな野外活動センター,(053)544-0219,,浜松市かわな野外活動センター,浜松市かわな野外活動センター,浜松市浜名区引佐町川名455-5,,34.879453,137.698441,,,抽選　10家族　※宿泊棟(25人収容の大部屋、原則1家族1部屋、希望により相部屋可),2026-10-16,,"申込必要
【申込開始】2026年10月07日(水曜日)　
【方法】E-mail(kawana@hamamatsu-sports.or.jp)
Eメールで「参加者全員の氏名(ふりがな)」「学年」「性別」「年齢」「生年月日」「郵便番号」「住所」「電話番号」「同室を希望する家族がいる場合は相手家族の氏名」を記入して申し込んでください。",https://www.kawana-oac.com/,,イベント,浜名区,2026-07-13,,○,000051_00
221309,20260707473,静岡県,浜松市,第4回かわな星空観望会,ダイヨンカイカワナホシゾラカンボウカイ,,2026-10-24,,18:30,20:30,,"【内容】秋の星座と土星・月を見よう
【対象】家族単位(子どもだけの参加は不可)",,"大人500円 子ども300円(保険料・資料代)",浜松市かわな野外活動センター,(053)544-0219,,浜松市かわな野外活動センター,浜松市かわな野外活動センター,浜松市浜名区引佐町川名455-5,,34.879453,137.698441,,,先着順　10家族,2026-10-17,,"申込必要
【申込開始】2026年10月11日(日曜日)　6時00分
【方法】E-mail(kawana@hamamatsu-sports.or.jp)
 Eメールで【参加者全員の氏名(ふりがな)・学年・性別・年齢・生年月日、郵便番号、住所、電話番号】を記入して申し込んでください。",https://www.kawana-oac.com/,,イベント,浜名区,2026-07-13,,○,000051_00
221309,20260707475,静岡県,浜松市,ボディ―ムーブメント2,,,2026-11-01,,10:00,11:30,,"【内容】ラテンリズムに乗ってダンスを楽しみましょう。
【対象】市内在住の小学生以下の子共とその保護者。",0円,,ふれあい交流センター江之島,(053)425-9907,,,浜松市ふれあい交流センター江之島,浜松市中央区江之島町606,,34.666958,137.751839,,,30人　抽選,2026-10-31,,"申込必要
【締切】締切
【申込開始】2026年09月05日(土曜日)　
【方法】窓口／電話((053)425-9907)／FAX((053)425-9907)／E-mail(csw-enoshima@major.ocn.ne.jp)",https://www.hamamatsu-syakyou.jp/,,講座・教室,中央区,2026-07-13,,○,005433_00
221309,20260707476,静岡県,浜松市,そば打ち講座,,,2026-10-11,,10:00,12:00,,"【内容】そば粉から美味しいそばを打ち上げる。
【対象】市内在住の60歳以上の方",4500円,"1,500円×3回",ふれあい交流センター可美,(053)440-0571,,,浜松市ふれあい交流センター可美,浜松市中央区増楽町1645-1,,34.691591,137.693903,,,5人　抽選,2026-09-25,,"申込必要
【締切】締切
【申込開始】2026年09月05日(土曜日)　
【方法】窓口／電話((053)440-0571)／FAX((053)440-0572)",https://www.hamamatsu-syakyou.jp/,,講座・教室,中央区,2026-07-13,,×,005434_00
221309,20260707477,静岡県,浜松市,男の料理,,,2026-10-13,,10:00,12:00,,"【内容】楽しく簡単な料理を学ぶ。
【対象】市内在住の60歳以上の男性",3600円,900円×4回,ふれあい交流センター可美,(053)440-0571,,,浜松市ふれあい交流センター可美,浜松市中央区増楽町1645-1,,34.691591,137.693903,,,7人　抽選,2026-09-25,,"申込必要
【締切】締切
【申込開始】2026年09月05日(土曜日)　
【方法】窓口／電話((053)440-0571)／FAX((053)440-0572)",https://www.hamamatsu-syakyou.jp/,,講座・教室,中央区,2026-07-13,,×,005434_00
221309,20260707478,静岡県,浜松市,親子バルーンアート,,,2026-10-04,,9:30,11:30,,"【内容】親子で楽しく風船を使って造形する。
【対象】市内在住の小学1年生～6年生とその保護者",200円,材料代,ふれあい交流センター可美,(053)440-0571,,,浜松市ふれあい交流センター可美,浜松市中央区増楽町1645-1,,34.691591,137.693903,,,20人　抽選　10組,2026-09-25,,"申込必要
【締切】締切
【申込開始】2026年09月05日(土曜日)　
【方法】窓口／電話((053)440-0571)／FAX((053)440-0572)",https://www.hamamatsu-syakyou.jp/,,講座・教室,中央区,2026-07-13,,○,005434_00
221309,20260707479,静岡県,浜松市,親子陶芸体験教室,,,2026-10-31,,10:00,11:30,,"【内容】親子で来年の干支(ひつじ)のお皿を作ってみよう！
【対象】市内在住の3歳児～5歳児とその保護者",1000円,材料代,ふれあい交流センター青龍,(053)422-2161,,,浜松市ふれあい交流センター青龍,浜松市中央区青屋町300,いきいきプラザ天竜川1階,34.715732,137.782995,,,16人　先着順　8組,2026-10-18,,"申込必要
【締切】締切
【申込開始】2026年09月19日(土曜日)　
【方法】窓口／電話((053)422-2161)／FAX((053)422-2239)／E-mail(csw-seiryu@major.ocn.ne.jp)",https://www.hamamatsu-syakyou.jp/,,講座・教室,中央区,2026-07-13,,○,005435_00
221309,20260707480,静岡県,浜松市,小学生陶芸体験教室,,,2026-11-08,,10:00,11:30,,"【内容】来年の干支(ひつじ)の置物を作ってみよう！
【対象】市内在住の小学生(小学1・2年生は保護者参加が必要)",1000円,材料代,ふれあい交流センター青龍,(053)422-2161,,,浜松市ふれあい交流センター青龍,浜松市中央区青屋町300,いきいきプラザ天竜川1階,34.715732,137.782995,,,16人　先着順,2026-10-25,,"申込必要
【締切】締切
【申込開始】2026年09月26日(土曜日)　
【方法】窓口／電話((053)422-2161)／FAX((053)422-2239)／E-mail(csw-seiryu@major.ocn.ne.jp)",https://www.hamamatsu-syakyou.jp/,,講座・教室,中央区,2026-07-13,,○,005435_00
221309,20260707481,静岡県,浜松市,コアフェイストレーニング講座,,,2026-11-17,,10:00,11:30,,"【内容】お顔の運動、たるみが気になる？！表情が変わると気分も自然と前向きに
【対象】市内在住の60歳以上の方",0円,,ふれあい交流センター青龍,(053)422-2161,,,浜松市ふれあい交流センター青龍,浜松市中央区青屋町300,いきいきプラザ天竜川1階,34.715732,137.782995,,,15人　先着順,2026-11-08,,"申込必要
【締切】締切
【申込開始】2026年09月29日(火曜日)　
【方法】窓口／電話((053)422-2161)／FAX((053)422-2239)／E-mail(csw-seiryu@major.ocn.ne.jp)",https://www.hamamatsu-syakyou.jp/,,講座・教室,中央区,2026-07-13,,,005435_00
221309,20260707482,静岡県,浜松市,男性の料理教室【冬】,,,2026-11-19,,10:00,12:00,,"【内容】かんたん！手軽な定番料理！おせちにもトライ！
【対象】市内在住の60歳以上の方",2700円,材料費(3回分),ふれあい交流センター青龍,(053)422-2161,,,浜松市ふれあい交流センター青龍,浜松市中央区青屋町300,いきいきプラザ天竜川1階,34.715732,137.782995,,,7人　先着順,2026-11-10,,"申込必要
【締切】締切
【申込開始】2026年09月30日(水曜日)　
【方法】窓口／電話((053)422-2161)／FAX((053)422-2239)／E-mail(csw-seiryu@major.ocn.ne.jp)",https://www.hamamatsu-syakyou.jp/,,講座・教室,中央区,2026-07-13,,,005435_00
221309,20260707505,静岡県,浜松市,武道館感謝祭,ブドウカンカンシャサイ,Thanksgiving,2026-09-13,,10:00,16:00,,"【内容】各武道団体の公開練習、ハワイアンコンサート、フラダンス、子供くじ、はちみつ等物販販売
【対象】誰でも入場可能",,入場無料／子供くじ等一部有料,浜松市武道館,(053)456-0314,,三幸株式会社,浜松市武道館,浜松市中央区西浅田二丁目3-1,,34.695976,137.725242,,無料駐車場130台,,,,申込不要,https://hamamatu-budoukan.jp/,,イベント,中央区,2026-07-13,,×,002452_00
221309,20260707506,静岡県,浜松市,髙柳克弘講演会　「切れ字の効果的な使い方を考えます」,タカヤナギカツヒロコウエンカイ「キレジノコウカテキナツカイカタヲカンガエマス」,,2026-11-14,,13:30,15:30,,"【内容】髙柳克弘氏が「切れ字の効果的な使い方」についてお話します。
【対象】どなたでも
【講師】髙柳克弘(俳人・「浜松市民文芸」選者)",700円,,浜松文芸館,(053)453-3933,,浜松文芸館,クリエート浜松,浜松市中央区早馬町2-1,1階　創造活動室,34.710326,137.733836,,,40人　先着順,,,"申込必要
【申込開始】2026年09月20日(日曜日)　
【方法】窓口／電話((053)453-3933)
電話にて、氏名・電話番号をお知らせください。",https://www.hcf.or.jp/facilities/bungei.php,詳しくは電話またはチラシ等で,講座・教室,中央区,2026-07-13,,,004149_00
221309,20260707507,静岡県,浜松市,俳句入門講座Ⅳ初冬　俳句をはじめてみよう,"ハイクニュウモンコウザ4ショトウ ハイクヲハジメテミヨウ",,2026-11-07,,13:30,15:30,,"【内容】俳句を初めて学ぼうとする人のための講座です。俳句の知識や作り方、鑑賞の仕方を学びます。
【対象】どなたでも
【講師】佐藤　升子(俳誌「白魚火」選者)",2800円,,浜松文芸館,(053)453-3933,,浜松文芸館,クリエート浜松,浜松市中央区早馬町2-1,5階　51会議室,34.710326,137.733836,,,42人　抽選,2026-10-15,,"申込必要
【締切】必着
【申込開始】2026年09月20日(日曜日)　
【方法】郵送(430-0916　中央区早馬町2-1　浜松文芸館)
往復はがきに、講座名・郵便番号・住所・氏名(ふりがな)・電話番号、返信用にご自分の住所・氏名を書いて、「浜松文芸館」まで",https://www.hcf.or.jp/facilities/bungei.php,詳しくは電話またはチラシ等で,講座・教室,中央区,2026-07-13,,,004149_00
221309,20260707508,静岡県,浜松市,子ども講座　表現の面白さを体験しよう(2),コドモコウザ　ヒョウゲンノオモシロサヲタイケンシヨウ,,2026-11-01,,9:30,11:30,,"【内容】「オノマトベ」で表現の楽しさを体験しよう

【対象】小3～6年
【講師】池谷　雅敏(文芸館館長)",700円,,浜松文芸館,(053)453-3933,,浜松文芸館,クリエート浜松,浜松市中央区早馬町2-1,5階　51会議室,34.710326,137.733836,,,20人　抽選,2026-10-15,,"申込必要
【締切】必着
【申込開始】2026年09月20日(日曜日)　
【方法】窓口／電話((053)453-3933)／郵送(430-0916　中央区早馬町2-1　浜松文芸館)
往復はがきに、講座名・郵便番号・住所・氏名(ふりがな)・電話番号、返信用にご自分の住所・氏名を書いて、「浜松文芸館」まで",https://www.hcf.or.jp/facilities/bungei.php,詳しくは電話またはチラシ等で,講座・教室,中央区,2026-07-13,,○,004149_00
221309,20260707509,静岡県,浜松市,行政相談委員による行政相談,,,2026-10-06,,9:00,12:00,,【内容】行政相談委員による行政相談,,,東行政センター,(053)424-0164,,,東行政センター,浜松市中央区流通元町20-3,,34.741515,137.791771,,,,,,"申込不要
当日、直接会場へ",https://www.soumu.go.jp/main_sosiki/hyouka/soudan_n/index.html,,そうだん,中央区,2026-07-13,,,002063_00
221309,20260707510,静岡県,浜松市,産後の体型もどし(全8回),サンゴノタイケイモドシ,,2026-10-28,,10:15,11:30,,【対象】産後1ヶ月以上の母子,4400円,,舞阪総合体育館,(053)597-2800,,,浜松市舞阪総合体育館（舞童夢）,浜松市中央区舞阪町舞阪2623-32,,34.679390,137.612750,,,20人　先着順　組数が定員の半数に達しない場合、教室を中止する場合があります。,,,"申込必要
【申込開始】2026年09月15日(火曜日)　9時00分
【方法】窓口／電話",https://www.yuto-maisaka-sports.com/maisaka/event/,,スポーツ,中央区,2026-07-13,,○,002461_00
221309,20260707511,静岡県,浜松市,健康太極拳教室(全9回),ケンコウタイキョクケンキョウシツ,,2026-10-21,,19:30,21:00,,【対象】一般,5400円,,舞阪総合体育館,(053)597-2800,,,浜松市舞阪総合体育館（舞童夢）,浜松市中央区舞阪町舞阪2623-32,,34.679390,137.612750,,,20人　先着順　人数が定員の半数に達しない場合、教室を中止する場合があります。,,,"申込必要
【申込開始】2026年09月15日(火曜日)　9時00分
【方法】窓口／電話",https://www.yuto-maisaka-sports.com/maisaka/event/,,スポーツ,中央区,2026-07-13,2026-07-28,○,002461_00
221309,20260707512,静岡県,浜松市,骨盤底筋トレーニングヨガ(全8回),コツバンテイキントレーニングヨガ,,2026-10-29,,9:30,10:30,,【対象】一般,4400円,,舞阪総合体育館,(053)597-2800,,,浜松市舞阪総合体育館（舞童夢）,浜松市中央区舞阪町舞阪2623-32,,34.679390,137.612750,,,20人　先着順　人数が定員の半数に達しない場合、教室を中止する場合があります。,,,"申込必要
【申込開始】2026年09月15日(火曜日)　9時00分
【方法】窓口／電話",https://www.yuto-maisaka-sports.com/maisaka/event/,,スポーツ,中央区,2026-07-13,,○,002461_00
221309,20260707513,静岡県,浜松市,ビューティーピラティス(全8回),ビューティーピラテス,,2026-10-29,,10:45,11:45,,【対象】一般,4400円,,舞阪総合体育館,(053)597-2800,,,浜松市舞阪総合体育館（舞童夢）,浜松市中央区舞阪町舞阪2623-32,,34.679390,137.612750,,,20人　先着順　人数が定員の半数に達しない場合、教室を中止する場合があります。,,,"申込必要
【申込開始】2026年09月15日(火曜日)　9時00分
【方法】窓口／電話",https://www.yuto-maisaka-sports.com/maisaka/event/,,スポーツ,中央区,2026-07-13,,○,002461_00
221309,20260707514,静岡県,浜松市,はじめての体幹トレーニング(全8回),ハジメテノタイカントレーニング,,2026-10-29,,13:30,14:30,,【対象】一般,4400円,,舞阪総合体育館,(053)597-2800,,,浜松市舞阪総合体育館（舞童夢）,浜松市中央区舞阪町舞阪2623-32,,34.679390,137.612750,,,10人　先着順　人数が定員の半数に達しない場合、教室を中止する場合があります。,,,"申込必要
【申込開始】2026年09月15日(火曜日)　9時00分
【方法】窓口／電話",https://www.yuto-maisaka-sports.com/maisaka/event/,,スポーツ,中央区,2026-07-13,,○,002461_00
221309,20260707515,静岡県,浜松市,かんたんスポーツ教室(全12回),カンタンスポーツキョウシツ,,2026-10-02,,10:00,11:30,,【対象】60歳以上,6000円,,舞阪総合体育館,(053)597-2800,,,浜松市舞阪総合体育館（舞童夢）,浜松市中央区舞阪町舞阪2623-32,,34.679390,137.612750,,,30人　先着順　人数が定員の半数に達しない場合、教室を中止する場合があります。,,,"申込必要
【申込開始】2026年09月15日(火曜日)　9時00分
【方法】窓口／電話",https://www.yuto-maisaka-sports.com/maisaka/event/,,スポーツ,中央区,2026-07-13,,○,002461_00
221309,20260707516,静岡県,浜松市,キッズ運動教室(全8回),キッズウンドウキョウシツ,,2026-10-29,,15:45,16:45,,【対象】3歳以上未就学児,4000円,,舞阪総合体育館,(053)597-2800,,,浜松市舞阪総合体育館（舞童夢）,浜松市中央区舞阪町舞阪2623-32,,34.679390,137.612750,,,30人　先着順　人数が定員の半数に達しない場合、教室を中止する場合があります。,,,"申込必要
【申込開始】2026年09月15日(火曜日)　9時00分
【方法】窓口／電話",https://www.yuto-maisaka-sports.com/maisaka/event/,,スポーツ,中央区,2026-07-13,,○,002461_00
221309,20260707517,静岡県,浜松市,ズンバ,ズンバ,,2026-10-01,,10:30,11:30,,【対象】一般,9600円,,雄踏総合体育館,(053)597-3500,,,浜松市雄踏総合体育館,浜松市中央区雄踏町宇布見9981-1,,34.702529,137.617374,,,25人　先着順　人数の定員の半数に達しない場合、教室を中止する場合があります,,,"申込必要
【申込開始】2026年09月15日(火曜日)　9時00分
【方法】窓口",https://www.yuto-maisaka-sports.com/yuto/event/,,スポーツ,中央区,2026-07-13,,×,002755_00
221309,20260707518,静岡県,浜松市,こどもジャズダンス,コドモジャズダンス,,2026-10-01,,17:00,18:00,,【対象】年中~小学6年生,9600円,,雄踏総合体育館,(053)597-3500,,,浜松市雄踏総合体育館,浜松市中央区雄踏町宇布見9981-1,,34.702529,137.617374,,,20人　先着順　人数の定員の半数に達しない場合、教室を中止する場合があります,,,"申込必要
【申込開始】2026年09月15日(火曜日)　9時00分
【方法】窓口",https://www.yuto-maisaka-sports.com/yuto/event/,,スポーツ,中央区,2026-07-13,,○,002755_00
221309,20260707519,静岡県,浜松市,シェイプエアロビクス,シェイプエアロビクス,,2026-10-01,,20:00,21:00,,【対象】一般,9600円,,雄踏総合体育館,(053)597-3500,,,浜松市雄踏総合体育館,浜松市中央区雄踏町宇布見9981-1,,34.702529,137.617374,,,25人　先着順　人数の定員の半数に達しない場合、教室を中止する場合があります,,,"申込必要
【申込開始】2026年09月15日(火曜日)　9時00分
【方法】窓口",https://www.yuto-maisaka-sports.com/yuto/event/,,スポーツ,中央区,2026-07-13,,×,002755_00
221309,20260707520,静岡県,浜松市,心体すっきりピラティス,カラダスッキリピラティス,,2026-10-01,,13:30,14:30,※クラスにより時間が異なります。詳細はお問い合わせください。,【対象】一般,9600円,,雄踏総合体育館,(053)597-3500,,,浜松市雄踏総合体育館,浜松市中央区雄踏町宇布見9981-1,,34.702529,137.617374,,,20人　先着順　人数の定員の半数に達しない場合、教室を中止する場合があります,,,"申込必要
【申込開始】2026年09月15日(火曜日)　9時00分
【方法】窓口",https://www.yuto-maisaka-sports.com/yuto/event/,,スポーツ,中央区,2026-07-13,,×,002755_00
221309,20260707521,静岡県,浜松市,健康太極拳,ケンコウタイキョクケン,,2026-10-02,,14:30,15:30,,【対象】一般,9600円,,雄踏総合体育館,(053)597-3500,,,浜松市雄踏総合体育館,浜松市中央区雄踏町宇布見9981-1,,34.702529,137.617374,,,15人　先着順　人数の定員の半数に達しない場合、教室を中止する場合があります,,,"申込必要
【申込開始】2026年09月15日(火曜日)　9時00分
【方法】窓口",https://www.yuto-maisaka-sports.com/yuto/event/,,スポーツ,中央区,2026-07-13,,×,002755_00
221309,20260707522,静岡県,浜松市,はじめての大人ジャズダンス,ハジメテノオトナジャズダンス,,2026-10-02,,19:00,20:00,,【対象】一般,9600円,,雄踏総合体育館,(053)597-3500,,,浜松市雄踏総合体育館,浜松市中央区雄踏町宇布見9981-1,,34.702529,137.617374,,,15人　先着順　人数の定員の半数に達しない場合、教室を中止する場合があります,,,"申込必要
【申込開始】2026年09月15日(火曜日)　9時00分
【方法】窓口",https://www.yuto-maisaka-sports.com/yuto/event/,,スポーツ,中央区,2026-07-13,,×,002755_00
221309,20260707523,静岡県,浜松市,快眠ストレッチ,カイミンストレッチ,,2026-10-02,,20:00,21:00,,【対象】一般,9600円,,雄踏総合体育館,(053)597-3500,,,浜松市雄踏総合体育館,浜松市中央区雄踏町宇布見9981-1,,34.702529,137.617374,,,16人　先着順　人数の定員の半数に達しない場合、教室を中止する場合があります,,,"申込必要
【申込開始】2026年09月15日(火曜日)　9時00分
【方法】窓口",https://www.yuto-maisaka-sports.com/yuto/event/,,スポーツ,中央区,2026-07-13,,×,002755_00
221309,20260707524,静岡県,浜松市,キッズテニス,キッズテニス,,2026-10-05,,17:00,18:00,,【対象】小学3~6年生,8550円,,雄踏総合体育館,(053)597-3500,,,浜松市雄踏総合体育館,浜松市中央区雄踏町宇布見9981-1,,34.702529,137.617374,,,16人　先着順　人数の定員の半数に達しない場合、教室を中止する場合があります,,,"申込必要
【申込開始】2026年09月15日(火曜日)　9時00分
【方法】窓口",https://www.yuto-maisaka-sports.com/yuto/event/,,スポーツ,中央区,2026-07-13,,○,002755_00
221309,20260707525,静岡県,浜松市,ワク楽エアロ,ワクラクエアロ,,2026-10-05,,9:30,10:30,,【対象】一般,8550円,,雄踏総合体育館,(053)597-3500,,,浜松市雄踏総合体育館,浜松市中央区雄踏町宇布見9981-1,,34.702529,137.617374,,,15人　先着順　人数の定員の半数に達しない場合、教室を中止する場合があります,,,"申込必要
【申込開始】2026年09月15日(火曜日)　9時00分
【方法】窓口",https://www.yuto-maisaka-sports.com/yuto/event/,,スポーツ,中央区,2026-07-13,,×,002755_00
221309,20260707528,静岡県,浜松市,ソフトエアロビクス,ソフトエアロビクス,,2026-10-07,,10:40,11:40,,【対象】一般,9600円,,雄踏総合体育館,(053)597-3500,,,浜松市雄踏総合体育館,浜松市中央区雄踏町宇布見9981-1,,34.702529,137.617374,,,15人　先着順　人数の定員の半数に達しない場合、教室を中止する場合があります,,,"申込必要
【申込開始】2026年09月15日(火曜日)　9時00分
【方法】窓口",https://www.yuto-maisaka-sports.com/yuto/event/,,スポーツ,中央区,2026-07-13,,×,002755_00
221309,20260707529,静岡県,浜松市,はじめてのヨガ(水曜),ハジメテノヨガスイヨウ,,2026-10-07,,13:30,14:30,,【対象】一般,9600円,,雄踏総合体育館,(053)597-3500,,,浜松市雄踏総合体育館,浜松市中央区雄踏町宇布見9981-1,,34.702529,137.617374,,,20人　先着順　人数の定員の半数に達しない場合、教室を中止する場合があります,,,"申込必要
【申込開始】2026年09月15日(火曜日)　9時00分
【方法】窓口",https://www.yuto-maisaka-sports.com/yuto/event/,,スポーツ,中央区,2026-07-13,,×,002755_00
221309,20260707530,静岡県,浜松市,バランスヨガ,バランスヨガ,,2026-10-07,,18:30,19:30,※3クラス開催しています。詳細はお問い合わせください。,【対象】一般,9600円,,雄踏総合体育館,(053)597-3500,,,浜松市雄踏総合体育館,浜松市中央区雄踏町宇布見9981-1,,34.702529,137.617374,,,30人　先着順　人数の定員の半数に達しない場合、教室を中止する場合があります,,,"申込必要
【申込開始】2026年09月15日(火曜日)　9時00分
【方法】窓口",https://www.yuto-maisaka-sports.com/yuto/event/,,スポーツ,中央区,2026-07-13,,×,002755_00
221309,20260707531,静岡県,浜松市,はじめてのヨガ(金曜),ハジメテノヨガキンヨウ,,2026-10-09,,9:30,10:30,※クラスにより時間が異なります。詳細はお問い合わせください。,【対象】一般,8800円,,雄踏総合体育館,(053)597-3500,,,浜松市雄踏総合体育館,浜松市中央区雄踏町宇布見9981-1,,34.702529,137.617374,,,30人　先着順　人数の定員の半数に達しない場合、教室を中止する場合があります,,,"申込必要
【申込開始】2026年09月15日(火曜日)　9時00分
【方法】窓口",https://www.yuto-maisaka-sports.com/yuto/event/,,スポーツ,中央区,2026-07-13,,×,002755_00
221309,20260707532,静岡県,浜松市,体育,タイイク,,2026-10-09,,15:30,17:30,※年齢、学年により時間が異なります。詳細はお問い合わせください。,【対象】年少~小学6年生,15000円,,雄踏総合体育館,(053)597-3500,,,浜松市雄踏総合体育館,浜松市中央区雄踏町宇布見9981-1,,34.702529,137.617374,,,20人　先着順　人数の定員の半数に達しない場合、教室を中止する場合があります,,,"申込必要
【申込開始】2026年09月15日(火曜日)　9時00分
【方法】窓口",https://www.yuto-maisaka-sports.com/yuto/event/,,スポーツ,中央区,2026-07-13,,○,002755_00
221309,20260707533,静岡県,浜松市,室内サッカー,シツナイサッカー,,2026-10-13,,15:30,16:30,,【対象】年中~小学1年生,15000円,,雄踏総合体育館,(053)597-3500,,,浜松市雄踏総合体育館,浜松市中央区雄踏町宇布見9981-1,,34.702529,137.617374,,,20人　先着順　人数の定員の半数に達しない場合、教室を中止する場合があります,,,"申込必要
【申込開始】2026年09月15日(火曜日)　9時00分
【方法】窓口",https://www.yuto-maisaka-sports.com/yuto/event/,,スポーツ,中央区,2026-07-13,,○,002755_00
221309,20260707534,静岡県,浜松市,新体操,シンタイソウ,,2026-10-14,,15:30,18:30,※年齢、学年により時間が異なります。詳細はお問い合わせください。,【対象】年中～小学6年生,15000円,,雄踏総合体育館,(053)597-3500,,,浜松市雄踏総合体育館,浜松市中央区雄踏町宇布見9981-1,,34.702529,137.617374,,,15人　先着順　人数の定員の半数に達しない場合、教室を中止する場合があります,,,"申込必要
【申込開始】2026年09月15日(火曜日)　9時00分
【方法】窓口",https://www.yuto-maisaka-sports.com/yuto/event/,,スポーツ,中央区,2026-07-13,,○,002755_00
221309,20260707535,静岡県,浜松市,バドミントン,バドミントン,,2026-10-14,,16:30,18:30,※年齢、学年により時間が異なります。詳細はお問い合わせください。,【対象】小学1~6年生,15000円,,雄踏総合体育館,(053)597-3500,,,浜松市雄踏総合体育館,浜松市中央区雄踏町宇布見9981-1,,34.702529,137.617374,,,15人　先着順　人数の定員の半数に達しない場合、教室を中止する場合があります,,,"申込必要
【申込開始】2026年09月15日(火曜日)　9時00分
【方法】窓口",https://www.yuto-maisaka-sports.com/yuto/event/,,スポーツ,中央区,2026-07-13,,○,002755_00
221309,20260707536,静岡県,浜松市,ピックルボール,ピックルボール,,2026-10-05,,13:00,14:30,,"【内容】手軽に始められるピックルボールを楽しもう！
【対象】小学生以上",1100円,"当日現金払い パドルレンタル料込",雄踏総合体育館,(053)597-3500,,,浜松市雄踏総合体育館,浜松市中央区雄踏町宇布見9981-1,,34.702529,137.617374,,,16人　先着順,,,"申込必要
【申込開始】2026年09月15日(火曜日)　9時00分
【方法】窓口／電話
窓口もしくは電話にてお申込み",https://www.yuto-maisaka-sports.com/yuto/event/,,スポーツ,中央区,2026-07-13,,×,002755_00
221309,20260707537,静岡県,浜松市,ピックルボール,ピックルボール,,2026-10-19,,13:00,14:30,,"【内容】手軽に始められるピックルボールを楽しもう！
【対象】小学生以上",1100円,"当日現金払い パドルレンタル料込",雄踏総合体育館,(053)597-3500,,,浜松市雄踏総合体育館,浜松市中央区雄踏町宇布見9981-1,,34.702529,137.617374,,,16人　先着順,,,"申込必要
【申込開始】2026年09月15日(火曜日)　9時00分
【方法】窓口／電話
窓口もしくは電話にてお申込み",https://www.yuto-maisaka-sports.com/yuto/event/,,スポーツ,中央区,2026-07-13,,×,002755_00
221309,20260707538,静岡県,浜松市,ピックルボール,ピックルボール,,2026-10-24,,19:00,20:30,,"【内容】手軽に始められるピックルボールを楽しもう！
【対象】小学生以上",1100円,"当日現金払い パドルレンタル料込",雄踏総合体育館,(053)597-3500,,,浜松市雄踏総合体育館,浜松市中央区雄踏町宇布見9981-1,,34.702529,137.617374,,,16人　先着順,,,"申込必要
【申込開始】2026年09月15日(火曜日)　9時00分
【方法】窓口／電話
窓口もしくは電話にてお申込み",https://www.yuto-maisaka-sports.com/yuto/event/,,スポーツ,中央区,2026-07-13,,×,002755_00
221309,20260707539,静岡県,浜松市,ピックルボール,ピックルボール,,2026-10-30,,10:00,11:30,,"【内容】手軽に始められるピックルボールを楽しもう！
【対象】小学生以上",1100円,"当日現金払い パドルレンタル料込",雄踏総合体育館,(053)597-3500,,,浜松市雄踏総合体育館,浜松市中央区雄踏町宇布見9981-1,,34.702529,137.617374,,,16人　先着順,,,"申込必要
【申込開始】2026年09月15日(火曜日)　9時00分
【方法】窓口／電話
窓口もしくは電話にてお申込み",https://www.yuto-maisaka-sports.com/yuto/event/,,スポーツ,中央区,2026-07-13,,×,002755_00
221309,20260707540,静岡県,浜松市,行政相談委員による行政相談,,,2026-10-20,,10:00,15:00,,,,,西行政センター,(053)597-1115,,,西行政センター,浜松市中央区雄踏一丁目31番1号,1階ホール,34.692738,137.645291,,,,,,"申込不要
当日、直接会場へ",https://www.soumu.go.jp/kanku./chubu/shizuoka.html,,そうだん,中央区,2026-07-13,,,001568_00
221309,20260707541,静岡県,浜松市,楽しく踊ろうキッズダンス1,タノシクオドロウキッズダンス1,,2026-10-06,,16:00,17:00,月3回、火曜日,"【内容】柔軟性・リズム感・体力を身に付けます。初めてでもできる楽しいダンスです。
【対象】幼稚園児～小学2年生
【講師】NINO",900円,1回につき900円、3カ月分を初回に納付,浜松市雄踏文化センター,(053)596-1100,,東海ビル管理(株),浜松市雄踏文化センター,浜松市中央区雄踏町宇布見5427,,34.701630,137.634487,,,15人　先着順,2026-09-30,21:30,"申込必要
【締切】締切
【申込開始】2026年09月15日(火曜日)　9時00分
【方法】窓口／電話((053)596-1100)／FAX((053)596-1771)",http://yutobunka.birukan.jp,,講座・教室,中央区,2026-07-13,,○,002760_00
221309,20260707542,静岡県,浜松市,楽しく踊ろうキッズダンス2,タノシクオドロウキッズダンス2,,2026-10-06,,17:00,18:00,月3回、火曜日,"【内容】柔軟性・リズム感・体力を身に付けます。初めてでもできる楽しいダンスです。
【対象】幼稚園児～小学2年生
【講師】NINO",900円,1回につき900円、3カ月分を初回に納付,浜松市雄踏文化センター,(053)596-1100,,東海ビル管理(株),浜松市雄踏文化センター,浜松市中央区雄踏町宇布見5427,,34.701630,137.634487,,,15人　先着順,2026-09-30,21:30,"申込必要
【締切】締切
【申込開始】2026年09月15日(火曜日)　9時00分
【方法】窓口／電話((053)596-1100)／FAX((053)596-1771)",http://yutobunka.birukan.jp,,講座・教室,中央区,2026-07-13,,○,002760_00
221309,20260707543,静岡県,浜松市,こども英会話,コドモエイカイワ,,2026-10-19,,15:00,15:45,月2回、月曜日,"【内容】英語を使ったゲームを行い、楽しく英語に親しみます。
【対象】年少～小学生
【講師】ケリー・キャサリン",900円,1回につき900円、3カ月分を初回に納付,浜松市雄踏文化センター,(053)596-1100,,東海ビル管理(株),浜松市雄踏文化センター,浜松市中央区雄踏町宇布見5427,,34.701630,137.634487,,,12人　先着順,2026-09-30,21:30,"申込必要
【締切】締切
【申込開始】2026年09月15日(火曜日)　9時00分
【方法】窓口／電話((053)596-1100)／FAX((053)596-1771)",http://yutobunka.birukan.jp,,講座・教室,中央区,2026-07-13,,○,002760_00
221309,20260707544,静岡県,浜松市,親子でENGLISH,オヤコデイングリッシュ,,2026-10-13,,10:00,10:45,月2回、火曜日,"【内容】歌ったり、絵本を読んだりして、楽しく英語を親子で一緒に身に付けます。
【対象】0歳～未就園児
【講師】ケリー・キャサリン",900円,1回につき900円、3カ月分を初回に納付,浜松市雄踏文化センター,(053)596-1100,,東海ビル管理(株),浜松市雄踏文化センター,浜松市中央区雄踏町宇布見5427,,34.701630,137.634487,,,10人　先着順　親子10組,2026-09-30,21:30,"申込必要
【締切】締切
【申込開始】2026年09月15日(火曜日)　9時00分
【方法】窓口／電話((053)596-1100)／FAX((053)596-1771)",http://yutobunka.birukan.jp,,講座・教室,中央区,2026-07-13,,○,002760_00
221309,20260707545,静岡県,浜松市,0歳児のための音楽教室　10:00,"ゼロサイジノタメノオンガクキョウシツ 10:00",,2026-10-09,,10:00,10:45,月2回、金曜日,"【内容】赤ちゃんとお母さんの大切なときを様々な形の音楽体験と共に過ごします。楽しい音楽サロン♪
【対象】生後3ヶ月～1歳3ヶ月
【講師】岡田志奈子、田中敦子",900円,1回につき900円、3カ月分を初回に納付,浜松市雄踏文化センター,(053)596-1100,,東海ビル管理(株),浜松市雄踏文化センター,浜松市中央区雄踏町宇布見5427,,34.701630,137.634487,,,10人　先着順　親子10組,2026-09-30,21:30,"申込必要
【締切】締切
【申込開始】2026年09月15日(火曜日)　9時00分
【方法】窓口／電話((053)596-1100)／FAX((053)596-1771)",http://yutobunka.birukan.jp,,講座・教室,中央区,2026-07-13,,○,002760_00
221309,20260707546,静岡県,浜松市,0歳児のための音楽教室　11:00,"ゼロサイジノタメノオンガクキョウシツ 11:00",,2026-10-09,,11:00,11:45,月2回、金曜日,"【内容】赤ちゃんとお母さんの大切なときを様々な形の音楽体験と共に過ごします。楽しい音楽サロン♪
【対象】生後3ヶ月～1歳3ヶ月
【講師】岡田志奈子、田中敦子",900円,1回につき900円、3カ月分を初回に納付,浜松市雄踏文化センター,(053)596-1100,,東海ビル管理(株),浜松市雄踏文化センター,浜松市中央区雄踏町宇布見5427,,34.701630,137.634487,,,10人　先着順　親子10組,2026-09-30,21:30,"申込必要
【締切】締切
【申込開始】2026年09月15日(火曜日)　9時00分
【方法】窓口／電話((053)596-1100)／FAX((053)596-1771)",http://yutobunka.birukan.jp,,講座・教室,中央区,2026-07-13,,○,002760_00
221309,20260707547,静岡県,浜松市,絵画造形教室「くれぱす」2歳児・幼稚園,カイガゾウケイキョウシツ　クレパス　ニサイジ・ヨウチエン,,2026-10-01,,15:00,16:30,月2回、木曜日,"【内容】いろいろな材料、道具を使って様々な造形活動を親子で楽しみます。
【対象】2歳児～幼稚園
【講師】夏目淳子",900円,1回につき900円、3カ月分を初回に納付,浜松市雄踏文化センター,(053)596-1100,,東海ビル管理(株),浜松市雄踏文化センター,浜松市中央区雄踏町宇布見5427,,34.701630,137.634487,,,15人　先着順　親子15組,2026-09-30,21:30,"申込必要
【締切】締切
【申込開始】2026年09月15日(火曜日)　9時00分
【方法】窓口／電話((053)596-1100)／FAX((053)596-1771)",http://yutobunka.birukan.jp,,講座・教室,中央区,2026-07-13,,○,002760_00
221309,20260707548,静岡県,浜松市,絵画造形教室「パレット」小学生,カイガゾウケイキョウシツ　パレット　ショウガクセイ,,2026-10-08,,16:00,17:30,月2回、木曜日,"【内容】造形活動を通して自主性・自発性を促し、個性へとつなげていきます。
【対象】小学生
【講師】夏目淳子",900円,1回につき900円、3カ月分を初回に納付,浜松市雄踏文化センター,(053)596-1100,,東海ビル管理(株),浜松市雄踏文化センター,浜松市中央区雄踏町宇布見5427,,34.701630,137.634487,,,15人　先着順,2026-09-30,21:30,"申込必要
【締切】締切
【申込開始】2026年09月15日(火曜日)　9時00分
【方法】窓口／電話((053)596-1100)／FAX((053)596-1771)",http://yutobunka.birukan.jp,,講座・教室,中央区,2026-07-13,,○,002760_00
221309,20260707549,静岡県,浜松市,姿勢改善ヨガピラティス,シセイカイゼンヨガピラティス,,2026-10-07,,19:30,20:30,月4回、水曜日,"【内容】美しい姿勢＝身体に負担のない姿勢を意識したヨガピラティス。
【講師】高柳清美",900円,1回につき900円、3カ月分を初回に納付,浜松市雄踏文化センター,(053)596-1100,,東海ビル管理(株),浜松市雄踏文化センター,浜松市中央区雄踏町宇布見5427,,34.701630,137.634487,,,15人　先着順,2026-09-30,21:30,"申込必要
【締切】締切
【申込開始】2026年09月15日(火曜日)　9時00分
【方法】窓口／電話((053)596-1100)／FAX((053)596-1771)",http://yutobunka.birukan.jp,,講座・教室,中央区,2026-07-13,,○,002760_00
221309,20260707550,静岡県,浜松市,だれにでもできる太極拳,ダレニデモデキルタイキョクケン,,2026-10-08,,19:00,20:00,月2回、木曜日,"【内容】ゆっくりした動作、呼吸で体幹を鍛え、心と身体のバランスを整えます。
【講師】成瀬達也",900円,1回につき900円、3カ月分を初回に納付,浜松市雄踏文化センター,(053)596-1100,,東海ビル管理(株),浜松市雄踏文化センター,浜松市中央区雄踏町宇布見5427,,34.701630,137.634487,,,20人　先着順,2026-09-30,21:30,"申込必要
【締切】締切
【申込開始】2026年09月15日(火曜日)　9時00分
【方法】窓口／電話((053)596-1100)／FAX((053)596-1771)",http://yutobunka.birukan.jp,,講座・教室,中央区,2026-07-13,,○,002760_00
221309,20260707551,静岡県,浜松市,男の料理教室,オトコノリョウリキョウシツ,,2026-10-24,,10:00,12:00,月1回、土曜日,"【内容】家庭でできる創作料理教室。男性限定の講座です。
【講師】野崎広路",900円,1回につき900円、3カ月分を初回に納付,浜松市雄踏文化センター,(053)596-1100,,東海ビル管理(株),浜松市雄踏文化センター,浜松市中央区雄踏町宇布見5427,,34.701630,137.634487,,,24人　先着順,2026-09-30,21:30,"申込必要
【締切】締切
【申込開始】2026年09月15日(火曜日)　9時00分
【方法】窓口／電話((053)596-1100)／FAX((053)596-1771)",http://yutobunka.birukan.jp,,講座・教室,中央区,2026-07-13,,○,002760_00
221309,20260707552,静岡県,浜松市,ベリーダンス,ベリーダンス,,2026-10-06,,11:00,12:00,月2回、火曜日,"【内容】心を開放して楽しく踊り、体幹を鍛えることにより心身ともに内側から美しくなりましょう。
【講師】Mai",900円,1回につき900円、3カ月分を初回に納付,浜松市雄踏文化センター,(053)596-1100,,東海ビル管理(株),浜松市雄踏文化センター,浜松市中央区雄踏町宇布見5427,,34.701630,137.634487,,,20人　先着順,2026-09-30,21:30,"申込必要
【締切】締切
【申込開始】2026年09月15日(火曜日)　9時00分
【方法】窓口／電話((053)596-1100)／FAX((053)596-1771)",http://yutobunka.birukan.jp,,講座・教室,中央区,2026-07-13,,○,002760_00
221309,20260707553,静岡県,浜松市,骨盤調整ヨガ(A),コツバンチョウセイヨガ(A),,2026-10-09,,10:30,11:40,月2回、金曜日,"【内容】ゆっくりした呼吸法と簡単なポーズで、リラクゼーションとストレス解消を、目的とするヨガです。
【講師】田中和子",900円,1回につき900円、3カ月分を初回に納付,浜松市雄踏文化センター,(053)596-1100,,東海ビル管理(株),浜松市雄踏文化センター,浜松市中央区雄踏町宇布見5427,,34.701630,137.634487,,,14人　先着順,2026-09-30,21:30,"申込必要
【締切】締切
【申込開始】2026年09月15日(火曜日)　9時00分
【方法】窓口／電話((053)596-1100)／FAX((053)596-1771)",http://yutobunka.birukan.jp,,講座・教室,中央区,2026-07-13,,○,002760_00
221309,20260707554,静岡県,浜松市,骨盤調整ヨガ(B),コツバンチョウセイヨガ(B),,2026-10-07,,10:30,11:40,月2回、水曜日,"【内容】ゆっくりした呼吸法と簡単なポーズで、リラクゼーションとストレス解消を、目的とするヨガです。
【講師】田中和子",900円,1回につき900円、3カ月分を初回に納付,浜松市雄踏文化センター,(053)596-1100,,東海ビル管理(株),浜松市雄踏文化センター,浜松市中央区雄踏町宇布見5427,,34.701630,137.634487,,,14人　先着順,2026-09-30,21:30,"申込必要
【締切】締切
【申込開始】2026年09月15日(火曜日)　9時00分
【方法】窓口／電話((053)596-1100)／FAX((053)596-1771)",http://yutobunka.birukan.jp,,講座・教室,中央区,2026-07-13,,○,002760_00
221309,20260707555,静岡県,浜松市,体幹を鍛えて姿勢改善,タイカンヲキタエテシセイカイゼン,,2026-10-05,,10:00,10:50,月3回、月曜日,"【内容】体幹(インナーマッスル)を鍛え、正しい姿勢で見た目マイナス5歳
【講師】中野まどか",900円,1回につき900円、3カ月分を初回に納付,浜松市雄踏文化センター,(053)596-1100,,東海ビル管理(株),浜松市雄踏文化センター,浜松市中央区雄踏町宇布見5427,,34.701630,137.634487,,,15人　先着順,2026-09-30,21:30,"申込必要
【締切】締切
【申込開始】2026年09月15日(火曜日)　9時00分
【方法】窓口／電話((053)596-1100)／FAX((053)596-1771)",http://yutobunka.birukan.jp,,講座・教室,中央区,2026-07-13,,○,002760_00
221309,20260707556,静岡県,浜松市,肩こり・腰痛予防ピラティス,カタコリ・ヨウツウヨボウピラティス,,2026-10-02,,11:00,12:00,月4回、金曜日,"【内容】ピラティスの動きを取り入れ、肩凝り・腰痛を予防します。
【講師】中野まどか",900円,1回につき900円、3カ月分を初回に納付,浜松市雄踏文化センター,(053)596-1100,,東海ビル管理(株),浜松市雄踏文化センター,浜松市中央区雄踏町宇布見5427,,34.701630,137.634487,,,15人　先着順,2026-09-30,21:30,"申込必要
【締切】締切
【申込開始】2026年09月15日(火曜日)　9時00分
【方法】窓口／電話((053)596-1100)／FAX((053)596-1771)",http://yutobunka.birukan.jp,,講座・教室,中央区,2026-07-13,,○,002760_00
221309,20260707557,静岡県,浜松市,二胡を弾こう(昼),ニコヲヒコウ(ヒル),,2026-10-10,,9:00,12:00,月2回、土曜日,"【内容】中国の伝統的な擦弦楽器の二胡。男女を問わず、どなたにも二胡の世界を楽しんでいただけます。美しい二胡の音色を奏でましょう。
【講師】村松克子",900円,1回につき900円、3カ月分を初回に納付,浜松市雄踏文化センター,(053)596-1100,,東海ビル管理(株),浜松市雄踏文化センター,浜松市中央区雄踏町宇布見5427,,34.701630,137.634487,,,10人　先着順,2026-09-30,21:30,"申込必要
【締切】締切
【申込開始】2026年09月15日(火曜日)　9時00分
【方法】窓口／電話((053)596-1100)／FAX((053)596-1771)",http://yutobunka.birukan.jp,,講座・教室,中央区,2026-07-13,,○,002760_00
221309,20260707558,静岡県,浜松市,二胡を弾こう(夜),ニコヲヒコウ(ヨル),,2026-10-13,,18:00,19:30,月2回、火曜日,"【内容】中国の伝統的な擦弦楽器の二胡。男女を問わず、どなたにも二胡の世界を楽しんでいただけます。美しい二胡の音色を奏でましょう。
【講師】村松克子",900円,1回につき900円、3カ月分を初回に納付,浜松市雄踏文化センター,(053)596-1100,,東海ビル管理(株),浜松市雄踏文化センター,浜松市中央区雄踏町宇布見5427,,34.701630,137.634487,,,10人　先着順,2026-09-30,21:30,"申込必要
【締切】締切
【申込開始】2026年09月15日(火曜日)　9時00分
【方法】窓口／電話((053)596-1100)／FAX((053)596-1771)",http://yutobunka.birukan.jp,,講座・教室,中央区,2026-07-13,,○,002760_00
221309,20260707559,静岡県,浜松市,はじめてみようフラダンス,ハジメテミヨウフラダンス,,2026-10-01,,13:00,13:50,月3回、木曜日,"【内容】フラダンスの基本から楽しく学びます。
【講師】田中照子",900円,1回につき900円、3カ月分を初回に納付,浜松市雄踏文化センター,(053)596-1100,,東海ビル管理(株),浜松市雄踏文化センター,浜松市中央区雄踏町宇布見5427,,34.701630,137.634487,,,15人　先着順,2026-09-30,21:30,"申込必要
【締切】締切
【申込開始】2026年09月15日(火曜日)　9時00分
【方法】窓口／電話((053)596-1100)／FAX((053)596-1771)",http://yutobunka.birukan.jp,,講座・教室,中央区,2026-07-13,,○,002760_00
221309,20260707560,静岡県,浜松市,シニアもヤングも楽しい脳トレ・リハビリ基礎ドラム講座,シニアモヤングモタノシイノウトレリハビリケンコウドラム,,2026-10-05,,10:00,11:00,月2回、月曜日,"【内容】ドラムを楽しく叩いて、脳と身体を鍛えましょう！8Beatを叩きましょう！
【講師】松山哲男",900円,1回につき900円、3カ月分を初回に納付,浜松市雄踏文化センター,(053)596-1100,,東海ビル管理(株),浜松市雄踏文化センター,浜松市中央区雄踏町宇布見5427,,34.701630,137.634487,,,10人　先着順,2026-09-30,21:30,"申込必要
【締切】締切
【申込開始】2026年09月15日(火曜日)　9時00分
【方法】窓口／電話((053)596-1100)／FAX((053)596-1771)",http://yutobunka.birukan.jp,,講座・教室,中央区,2026-07-13,,○,002760_00
221309,20260707561,静岡県,浜松市,ロックドラム講座,ロックドラムコウザ,,2026-10-02,,19:30,20:30,月2回、金曜日,"【内容】1950年代から最近の曲までを取り上げ、楽しく叩きましょう！初めての人、もう一度の方、男女年齢問いません！基礎から学びましょう！
【講師】松山哲男",900円,1回につき900円、3カ月分を初回に納付,浜松市雄踏文化センター,(053)596-1100,,東海ビル管理(株),浜松市雄踏文化センター,浜松市中央区雄踏町宇布見5427,,34.701630,137.634487,,,10人　先着順,2026-09-30,21:30,"申込必要
【締切】締切
【申込開始】2026年09月15日(火曜日)　9時00分
【方法】窓口／電話((053)596-1100)／FAX((053)596-1771)",http://yutobunka.birukan.jp,,講座・教室,中央区,2026-07-13,,○,002760_00
221309,20260707562,静岡県,浜松市,歌とリズムとやさしいエクササイズ,ウタトリズムトヤサシイエクササイズ,,2026-10-05,,13:30,14:30,月2回、月曜日,"【内容】音楽に合わせて身体を動かしたり、声を出すことは脳への刺激となり活性化します。歩くことを中心にイスを使ってトレーニングやストレッチを行います。
【講師】田中敦子",900円,1回につき900円、3カ月分を初回に納付,浜松市雄踏文化センター,(053)596-1100,,東海ビル管理(株),浜松市雄踏文化センター,浜松市中央区雄踏町宇布見5427,,34.701630,137.634487,,,15人　先着順,2026-09-30,21:30,"申込必要
【締切】締切
【申込開始】2026年09月15日(火曜日)　9時00分
【方法】窓口／電話((053)596-1100)／FAX((053)596-1771)",http://yutobunka.birukan.jp,,講座・教室,中央区,2026-07-13,,○,002760_00
221309,20260707563,静岡県,浜松市,はじめての編み物,ハジメテノアミモノ,,2026-10-06,,10:00,12:00,月2回、火曜日,"【内容】皆さんと一緒に編物(かぎ針・棒張り・アフガン編み)を楽しみます。初心者の方には基礎から丁寧に、経験者の方には流行中の作品をご提案いたします。
【講師】わたなべなおこ",900円,1回につき900円、3カ月分を初回に納付,浜松市雄踏文化センター,(053)596-1100,,東海ビル管理(株),浜松市雄踏文化センター,浜松市中央区雄踏町宇布見5427,,34.701630,137.634487,,,10人　先着順,2026-09-30,21:30,"申込必要
【締切】締切
【申込開始】2026年09月15日(火曜日)　9時00分
【方法】窓口／電話((053)596-1100)／FAX((053)596-1771)",http://yutobunka.birukan.jp,,講座・教室,中央区,2026-07-13,,○,002760_00
221309,20260707564,静岡県,浜松市,はじめての養生健身気功,ハジメテノヨウジョウケンシンキコウ,,2026-10-01,,10:00,10:50,全5回、木曜日,"【内容】東洋医学に基づいた動作、呼吸法を行い免疫力を高める
【講師】小崎尊子",900円,1回につき900円、3カ月分を初回に納付,浜松市雄踏文化センター,(053)596-1100,,東海ビル管理(株),浜松市雄踏文化センター,浜松市中央区雄踏町宇布見5427,,34.701630,137.634487,,,10人　先着順,2026-09-30,21:30,"申込必要
【締切】締切
【申込開始】2026年09月15日(火曜日)　9時00分
【方法】窓口／電話((053)596-1100)／FAX((053)596-1771)",http://yutobunka.birukan.jp,,講座・教室,中央区,2026-07-13,,○,002760_00
221309,20260707565,静岡県,浜松市,おうちごはん教室,オウチゴハンキョウシツ,,2026-10-31,,10:00,12:00,月1回、土曜日,"【内容】家庭でできる創作料理教室。女性限定の講座です。
【講師】野崎広路",900円,1回につき900円、3カ月分を初回に納付,浜松市雄踏文化センター,(053)596-1100,,東海ビル管理(株),浜松市雄踏文化センター,浜松市中央区雄踏町宇布見5427,,34.701630,137.634487,,,24人　先着順,2026-09-30,21:30,"申込必要
【締切】締切
【申込開始】2026年09月15日(火曜日)　9時00分
【方法】窓口／電話((053)596-1100)／FAX((053)596-1771)",http://yutobunka.birukan.jp,,講座・教室,中央区,2026-07-13,,○,002760_00
221309,20260707566,静岡県,浜松市,ひとりでも楽しめる！　社交ダンスエクササイズ,ヒトリデモタノシメル！シャコウダンスエクササイズ,,2026-10-05,,16:00,18:00,全5回、月曜日,"【内容】ラテン系の音楽(Cha Cha Cha、Samba、Jive等)に合わせて、みんなで楽しく踊りましょう。ステップも、社交ダンスの足型をベースにしておりますので、どなたにも覚えやすくなっております。他の方との接触(手と手を握る等)もないので、コロナ感染予防にも最適です。
【講師】田口善淳",900円,1回につき900円、3カ月分を初回に納付,浜松市雄踏文化センター,(053)596-1100,,東海ビル管理(株),浜松市雄踏文化センター,浜松市中央区雄踏町宇布見5427,,34.701630,137.634487,,,10人　先着順,2026-09-30,21:30,"申込必要
【締切】締切
【申込開始】2026年09月15日(火曜日)　9時00分
【方法】窓口／電話((053)596-1100)／FAX((053)596-1771)",http://yutobunka.birukan.jp,,講座・教室,中央区,2026-07-13,,○,002760_00
221309,20260707567,静岡県,浜松市,あなたも弾ける！津軽三味線　はじめての一曲講座,アナタモヒケルツガルシャミセンハジメテノイッキョクコウザ,,2026-10-14,,13:30,14:30,全6回、水曜日,"【内容】バチの持ち方、三味線の構え方から始め、簡単な曲を弾けるようにします。
【講師】木下真友美",900円,1回につき900円、3カ月分を初回に納付,浜松市雄踏文化センター,(053)596-1100,,東海ビル管理(株),浜松市雄踏文化センター,浜松市中央区雄踏町宇布見5427,,34.701630,137.634487,,,10人　先着順,2026-09-30,21:30,"申込必要
【締切】締切
【申込開始】2026年09月15日(火曜日)　9時00分
【方法】窓口／電話((053)596-1100)／FAX((053)596-1771)",http://yutobunka.birukan.jp,,講座・教室,中央区,2026-07-13,2026-07-28,○,002760_00
221309,20260707568,静岡県,浜松市,着付け初級講座,キツケショキュウコウザ,,2026-10-10,,14:00,16:00,全6回、土曜日,"【内容】基本的な着物の着付け、浴衣の着付けなど、初めての方向けの講座です。
【講師】鈴木尚美",900円,1回につき900円、3カ月分を初回に納付,浜松市雄踏文化センター,(053)596-1100,,東海ビル管理(株),浜松市雄踏文化センター,浜松市中央区雄踏町宇布見5427,,34.701630,137.634487,,,10人　先着順,2026-09-30,21:30,"申込必要
【締切】締切
【申込開始】2026年09月15日(火曜日)　9時00分
【方法】窓口／電話((053)596-1100)／FAX((053)596-1771)",http://yutobunka.birukan.jp,,講座・教室,中央区,2026-07-13,,○,002760_00
221309,20260707569,静岡県,浜松市,みんなで歌って健康に！楽しく歌レッスン,ミンナデウタッテケンコウニ！タノシクウタレッスン,,2026-10-16,,14:30,15:30,全5回、金曜日,"【内容】声の出し方から抑揚の付け方など、歌唱を通じて体の使い方を学ぶことで健康増進を目指す。
【講師】石田美枝子",900円,1回につき900円、3カ月分を初回に納付,浜松市雄踏文化センター,(053)596-1100,,東海ビル管理(株),浜松市雄踏文化センター,浜松市中央区雄踏町宇布見5427,,34.701630,137.634487,,,10人　先着順,2026-09-30,21:30,"申込必要
【締切】締切
【申込開始】2026年09月15日(火曜日)　9時00分
【方法】窓口／電話((053)596-1100)／FAX((053)596-1771)",http://yutobunka.birukan.jp,,講座・教室,中央区,2026-07-13,,○,002760_00
221309,20260707570,静岡県,浜松市,飾り巻き寿司講座,カザリマキズシコウザ,,2026-10-10,,10:00,12:00,月1回、土曜日,"【内容】～切った時の感動を～　見た目に美しく、食べても美味しい季節の風物詩、花や動物などの飾り巻き寿司を作る。
【講師】徳田智子",900円,1回につき900円、3カ月分を初回に納付,浜松市雄踏文化センター,(053)596-1100,,東海ビル管理(株),浜松市雄踏文化センター,浜松市中央区雄踏町宇布見5427,,34.701630,137.634487,,,10人　先着順,2026-09-30,21:30,"申込必要
【締切】締切
【申込開始】2026年09月15日(火曜日)　9時00分
【方法】窓口／電話((053)596-1100)／FAX((053)596-1771)",http://yutobunka.birukan.jp,,講座・教室,中央区,2026-07-13,,○,002760_00
221309,20260707571,静岡県,浜松市,季節の寄せ植えアレンジメント講座,キセツノヨセウエアレンジメントコウザ,,2026-10-29,,13:30,15:00,,"【内容】季節の植物を使用し、フラワーアレンジメントや寄せ植え作りを楽しむ。
【講師】秋山康子",1000円,"参加費1,000　別途材料費1,500",浜松市雄踏文化センター,(053)596-1100,,東海ビル管理(株),浜松市雄踏文化センター,浜松市中央区雄踏町宇布見5427,,34.701630,137.634487,,,10人　先着順,2026-09-30,21:30,"申込必要
【締切】締切
【申込開始】2026年09月15日(火曜日)　9時00分
【方法】窓口／電話((053)596-1100)／FAX((053)596-1771)",http://yutobunka.birukan.jp,,イベント,中央区,2026-07-13,,○,002760_00
221309,20260707572,静岡県,浜松市,南地域オータムフェスタin中田島2026,ミナミチイキオータムフェスタインナカタジマ2026,,2026-10-03,,10:00,15:00,※荒天の場合は、中止,【内容】ステージイベント、防災体験ブース、煙避難体験、飲食物ブース等,,,南行政センター地域振興担当,(053)425-1120,6611,浜松市,遠州灘海浜公園（風車公園）,浜松市中央区中田島町1674,,34.663588,137.734158,,,,,,"申込不要
当日、直接会場へ",https://nakatajima.com,,イベント,中央区,2026-07-13,,,
221309,20260707573,静岡県,浜松市,星空観望会,ホシゾラカンボウカイ,,2026-09-19,,19:30,21:00,,"【内容】星空を楽しむ観望会
【対象】どなたでも",,無料,浜松市天文台,(053)425-9158,,,浜松市天文台,浜松市中央区福島町242-1,,34.663684,137.768297,"バス:遠鉄バスターミナル7番「遠州浜」行き「福島」バス停下車
車:国道1号「福塚」交差点から国道150号(南)へ入り約5分",40台,300人　先着順　30分毎20組,2026-09-19,15:00,"申込必要
【締切】締切
【申込開始】2026年09月16日(水曜日)　13時00分
【方法】ホームページ",https://www.city.hamamatsu.shizuoka.jp/s-kumin/hao/,,イベント,中央区,2026-07-13,,○,004513_01
221309,20260707574,静岡県,浜松市,星空観望会,ホシゾラカンボウカイ,,2026-09-26,,19:30,21:00,,"【内容】星空を楽しむ観望会
【対象】どなたでも",,無料,浜松市天文台,(053)425-9158,,,浜松市天文台,浜松市中央区福島町242-1,,34.663684,137.768297,"バス:遠鉄バスターミナル7番「遠州浜」行き「福島」バス停下車
車:国道1号「福塚」交差点から国道150号(南)へ入り約5分",40台,300人　先着順　30分毎20組,2026-09-26,15:00,"申込必要
【締切】締切
【申込開始】2026年09月23日(水曜日)　13時00分
【方法】ホームページ",https://www.city.hamamatsu.shizuoka.jp/s-kumin/hao/,,イベント,中央区,2026-07-13,,○,004513_01
221309,20260707575,静岡県,浜松市,星空観望会,ホシゾラカンボウカイ,,2026-10-03,,18:30,20:30,,"【内容】星空を楽しむ観望会
【対象】どなたでも",,無料,浜松市天文台,(053)425-9158,,,浜松市天文台,浜松市中央区福島町242-1,,34.663684,137.768297,"バス:遠鉄バスターミナル7番「遠州浜」行き「福島」バス停下車
車:国道1号「福塚」交差点から国道150号(南)へ入り約5分",40台,400人　先着順　30分毎20組,2026-10-03,15:00,"申込必要
【締切】締切
【申込開始】2026年09月30日(水曜日)　13時00分
【方法】ホームページ",https://www.city.hamamatsu.shizuoka.jp/s-kumin/hao/,,イベント,中央区,2026-07-13,,○,004513_01
221309,20260707576,静岡県,浜松市,星空観望会,ホシゾラカンボウカイ,,2026-10-10,,18:30,20:30,,"【内容】星空を楽しむ観望会
【対象】どなたでも",,無料,浜松市天文台,(053)425-9158,,,浜松市天文台,浜松市中央区福島町242-1,,34.663684,137.768297,"バス:遠鉄バスターミナル7番「遠州浜」行き「福島」バス停下車
車:国道1号「福塚」交差点から国道150号(南)へ入り約5分",40台,400人　先着順　30分毎20組,2026-10-10,15:00,"申込必要
【締切】締切
【申込開始】2026年10月07日(水曜日)　13時00分
【方法】ホームページ",https://www.city.hamamatsu.shizuoka.jp/s-kumin/hao/,,イベント,中央区,2026-07-13,,○,004513_01
221309,20260707577,静岡県,浜松市,星空観望会,ホシゾラカンボウカイ,,2026-10-17,,18:30,20:30,,"【内容】星空を楽しむ観望会
【対象】どなたでも",,無料,浜松市天文台,(053)425-9158,,,浜松市天文台,浜松市中央区福島町242-1,,34.663684,137.768297,"バス:遠鉄バスターミナル7番「遠州浜」行き「福島」バス停下車
車:国道1号「福塚」交差点から国道150号(南)へ入り約5分",40台,400人　先着順　30分毎20組,2026-10-17,15:00,"申込必要
【締切】締切
【申込開始】2026年10月14日(水曜日)　13時00分
【方法】ホームページ",https://www.city.hamamatsu.shizuoka.jp/s-kumin/hao/,,イベント,中央区,2026-07-13,,○,004513_01
221309,20260707578,静岡県,浜松市,太陽・昼間の星観望会,タイヨウ・ヒルマノホシカンボウカイ,,2026-10-04,,14:00,16:00,,"【内容】太陽を専用機材で観察
【対象】どなたでも",,無料,浜松市天文台,(053)425-9158,,,浜松市天文台,浜松市中央区福島町242-1,,34.663684,137.768297,"バス:遠鉄バスターミナル7番「遠州浜」行き「福島」バス停下車
車:国道1号「福塚」交差点から国道150号(南)へ入り約5分",40台,,,,申込不要,https://www.city.hamamatsu.shizuoka.jp/s-kumin/hao/,,イベント,中央区,2026-07-13,,○,004513_01
221309,20260707579,静岡県,浜松市,天文ミニ講座～今夜の星空がもっと楽しくなる～,テンモンミニコウザ～コンヤノホシゾラガモットタノシクナル～,,2026-09-19,,18:30,19:20,,"【内容】当夜の見どころと星座についてのお話
【対象】どなたでも",,無料,浜松市天文台,(053)425-9158,,,浜松市天文台,浜松市中央区福島町242-1,,34.663684,137.768297,"バス:遠鉄バスターミナル7番「遠州浜」行き「福島」バス停下車
車:国道1号「福塚」交差点から国道150号(南)へ入り約5分",40台,50人　先着順　10組,2026-09-19,15:00,"申込必要
【締切】締切
【申込開始】2026年09月16日(水曜日)　13時00分
【方法】ホームページ",https://www.city.hamamatsu.shizuoka.jp/s-kumin/hao/,,イベント,中央区,2026-07-13,,○,004513_01
221309,20260707580,静岡県,浜松市,中秋の名月観望会～スマホdeムーン～,チュウシュウノメイゲツカンボウカイ～スマホデムーン～,,2026-09-25,,19:30,21:00,,"【内容】十五夜を楽しむお月見観望会
【対象】どなたでも",,無料,浜松市天文台,(053)425-9158,,,石人の星公園,浜松市中央区江之島町1706,,34.668910,137.749675,"バス:遠鉄バスターミナル6番「中田島砂丘」行き「県立海浜公園」バス停下車
車:国道1号「中田島東」交差点から南へ入りすぐ",350台,,,,申込不要,https://www.city.hamamatsu.shizuoka.jp/s-kumin/hao/,,イベント,中央区,2026-07-13,,○,
221309,20260707581,静岡県,浜松市,ソムリエ観望会～中秋の名月～,ソムリエカンボウカイ～チュウシュウノメイゲツ～,,2026-09-27,,19:00,21:00,,"【内容】星のソムリエによる解説付き観望会
【対象】どなたでも",,無料,浜松市天文台,(053)425-9158,,,浜松市天文台,浜松市中央区福島町242-1,,34.663684,137.768297,"バス:遠鉄バスターミナル7番「遠州浜」行き「福島」バス停下車
車:国道1号「福塚」交差点から国道150号(南)へ入り約5分",40台,90人　先着順　1時間ごと9組,2026-09-27,15:00,"申込必要
【締切】締切
【申込開始】2026年09月16日(水曜日)　13時00分
【方法】ホームページ",https://www.city.hamamatsu.shizuoka.jp/s-kumin/hao/,,イベント,中央区,2026-07-13,,○,004513_01
221309,20260707582,静岡県,浜松市,天文工作教室～万華鏡を作ろう～,テンモンコウサクキョウシツ～マンゲキョウヲツクロウ～,,2026-10-04,,18:30,19:30,,"【内容】万華鏡の工作と星についての話
【対象】小学生親子",,無料,浜松市天文台,(053)425-9158,,,浜松市天文台,浜松市中央区福島町242-1,,34.663684,137.768297,"バス:遠鉄バスターミナル7番「遠州浜」行き「福島」バス停下車
車:国道1号「福塚」交差点から国道150号(南)へ入り約5分",40台,100人　先着順　20組,2026-10-04,15:00,"申込必要
【締切】締切
【申込開始】2026年09月23日(水曜日)　13時00分
【方法】ホームページ",https://www.city.hamamatsu.shizuoka.jp/s-kumin/hao/,,イベント,中央区,2026-07-13,,○,004513_01
221309,20260707583,静岡県,浜松市,十三夜観望会～スマホdeムーン～,ジュウサンヤカンボウカイ～スマホデムーン～,,2026-10-23,,18:30,20:30,,"【内容】十三夜を楽しむお月見観望会
【対象】どなたでも",,無料,浜松市天文台,(053)425-9158,,,浜松市天文台,浜松市中央区福島町242-1,,34.663684,137.768297,"バス:遠鉄バスターミナル7番「遠州浜」行き「福島」バス停下車
車:国道1号「福塚」交差点から国道150号(南)へ入り約5分",40台,400人　先着順　30分毎20組,2026-10-23,15:00,"申込必要
【締切】締切
【申込開始】2026年10月14日(水曜日)　13時00分
【方法】ホームページ",https://www.city.hamamatsu.shizuoka.jp/s-kumin/hao/,,イベント,中央区,2026-07-13,,○,004513_01
221309,20260707584,静岡県,浜松市,行政相談委員による行政相談,,,2026-09-17,,9:00,11:30,,,,,浜名区役所区民生活課,(053)585-1112,,,浜名区役所,浜松市浜名区貴布祢3000,3階302相談室,34.791664,137.783231,,,,,,"申込不要
当日、直接会場へ",https://www.soumu.go.jp/main_sosiki/hyouka/soudan_n/index.html,,そうだん,浜名区,2026-07-13,,,002404_00
221309,20260707585,静岡県,浜松市,森っこクラブ　日曜コース,モリッコクラブ　ニチヨウコース,,2026-11-01,,10:00,11:30,11月から3月の第1日曜日(1月のみ第2日曜日),"【内容】自然遊び、絵本読み聞かせ、ときどき工作…など、森林公園の自然を親子で楽しみます。
【対象】年少～年長の親子
【その他】応募多数は抽選",6000円,一組5回分,ビジターセンターバードピア浜北,(053)583-0443,,,静岡県立森林公園,静岡県浜松市浜名区尾野2597-7,,34.846234,137.782244,,,13人　抽選,2026-09-30,,"申込必要
【締切】締切
【申込開始】2026年09月01日(火曜日)　9時00分
【方法】ホームページ",https://kenritsu-shinrinkouen.jp,,講座・教室,浜名区,2026-07-13,,○,
221309,20260707586,静岡県,浜松市,森っこクラブ　月曜コース,モリッコクラブ　ゲツヨウコース,,2026-11-09,,10:00,11:30,11月から3月の第2，4月曜日(ただし12月は第2のみ、2月は第4のみ),"【内容】自然遊び、絵本読み聞かせ、ときどき工作…など、森林公園の自然を親子で楽しみます。
【対象】2～3才児の親子
【その他】応募多数は抽選",6000円,一組8回分,ビジターセンターバードピア浜北,(053)583-0443,,,静岡県立森林公園,静岡県浜松市浜名区尾野2597-7,,34.846234,137.782244,,,13人　抽選,2026-09-30,,"申込必要
【締切】締切
【申込開始】2026年09月01日(火曜日)　9時00分
【方法】ホームページ",https://kenritsu-shinrinkouen.jp,,講座・教室,浜名区,2026-07-13,,○,
221309,20260707587,静岡県,浜松市,木の日お楽しみイベント2026　森のクイズラリーにちょうせん！,キノヒオタノシミイベントニセンニジュウロク　モリノクイズラリーニチョウセン！,,2026-10-10,2026-10-11,10:00,12:00,,"【内容】クイズに答えながら木工体験館を目指そう！ゴールすると素敵なプレゼントがもらえるよ。
【対象】どなたでも",0円,,ビジターセンターバードピア浜北,(053)583-0443,,,静岡県立森林公園,静岡県浜松市浜名区尾野2597-7,,34.846234,137.782244,,,,,,"申込不要
当日ビジターセンター・バードピア浜北にて受付",https://kenritsu-shinrinkouen.jp,,講座・教室,浜名区,2026-07-13,,○,
221309,20260707588,静岡県,浜松市,木の日お楽しみイベント2026　森のクイズラリーにちょうせん！,キノヒオタノシミイベントニセンニジュウロク　モリノクイズラリーニチョウセン！,,2026-10-10,2026-10-11,13:00,15:00,,"【内容】クイズに答えながら木工体験館を目指そう！ゴールすると素敵なプレゼントがもらえるよ。
【対象】どなたでも",0円,,ビジターセンターバードピア浜北,(053)583-0443,,,静岡県立森林公園,静岡県浜松市浜名区尾野2597-7,,34.846234,137.782244,,,,,,"申込不要
当日ビジターセンター・バードピア浜北にて受付",https://kenritsu-shinrinkouen.jp,,講座・教室,浜名区,2026-07-13,,○,
221309,20260707589,静岡県,浜松市,キッズ森あそび　秋の森で生きものさがし,キッズモリアソビ　アキノモリデイキモノサガシ,,2026-11-03,,10:00,12:00,,"【内容】秋の森林公園を楽しもう！どんな生きものに出会えるかな？
【対象】小学1～3年生",500円,,ビジターセンターバードピア浜北,(053)583-0443,,,静岡県立森林公園,静岡県浜松市浜名区尾野2597-7,,34.846234,137.782244,,,20人　先着順,,,"申込必要
【申込開始】2026年09月19日(土曜日)　9時00分
【方法】ホームページ",https://kenritsu-shinrinkouen.jp,,講座・教室,浜名区,2026-07-13,,○,
221309,20260707590,静岡県,浜松市,10月の一般開放,ジュウガツノイッパンカイホウ,,2026-10-14,,9:00,12:00,,【内容】卓球,160円,,サーラグリーンアリーナ（浜北総合体育館）,(053)585-1222,,,浜松市浜北総合体育館（サーラグリーンアリーナ）,浜松市浜名区平口5042-133,,34.798113,137.758233,,,,,,申込不要,https://hamakita-greenarena.jp,,スポーツ,浜名区,2026-07-13,,○,002489_01
221309,20260707591,静岡県,浜松市,10月の一般開放,ジュウガツノイッパンカイホウ,,2026-10-21,,9:00,12:00,,【内容】バドミントン／インディアカ／ファミリーバドミントン,160円,,サーラグリーンアリーナ（浜北総合体育館）,(053)585-1222,,,浜松市浜北総合体育館（サーラグリーンアリーナ）,浜松市浜名区平口5042-133,,34.798113,137.758233,,,,,,申込不要,https://hamakita-greenarena.jp,,スポーツ,浜名区,2026-07-13,,○,002489_01
221309,20260707592,静岡県,浜松市,10月の一般開放,ジュウガツノイッパンカイホウ,,2026-10-19,,9:00,12:00,,【内容】バスケットボール,160円,,サーラグリーンアリーナ（浜北総合体育館）,(053)585-1222,,,浜松市浜北総合体育館（サーラグリーンアリーナ）,浜松市浜名区平口5042-133,,34.798113,137.758233,,,,,,申込不要,https://hamakita-greenarena.jp,,スポーツ,浜名区,2026-07-13,,○,002489_01
221309,20260707593,静岡県,浜松市,10月の一般開放,ジュウガツノイッパンカイホウ,,2026-10-26,,9:00,12:00,,【内容】バウンドテニス,160円,,サーラグリーンアリーナ（浜北総合体育館）,(053)585-1222,,,浜松市浜北総合体育館（サーラグリーンアリーナ）,浜松市浜名区平口5042-133,,34.798113,137.758233,,,,,,申込不要,https://hamakita-greenarena.jp,,スポーツ,浜名区,2026-07-13,,○,002489_01
221309,20260707594,静岡県,浜松市,10月の一般開放,ジュウガツノイッパンカイホウ,,2026-10-03,,19:00,21:00,,"【内容】スポーツ広場(陸上利用のみ)
【その他】平口サッカー場スポーツ広場は、専用利用のない時間帯も一般開放(個人利用)となりますので平口サッカー場または浜北総合体育館にお問い合わせください。",100円,,平口サッカー場、サーラグリーンアリーナ,"(053)585-1456,(053)585-1222",,,浜松市浜北平口サッカー場（サーラグリーンフィールド）,浜松市浜名区平口3071番地の1,,34.798052,137.759778,,,,,,申込不要,https://hamakita-greenarena.jp,,スポーツ,浜名区,2026-07-13,,○,002489_02
221309,20260707595,静岡県,浜松市,10月の一般開放,ジュウガツノイッパンカイホウ,,2026-10-11,,19:00,21:00,,"【内容】スポーツ広場(陸上利用のみ)
【その他】平口サッカー場スポーツ広場は、専用利用のない時間帯も一般開放(個人利用)となりますので平口サッカー場または浜北総合体育館にお問い合わせください。",100円,,平口サッカー場、サーラグリーンアリーナ,"(053)585-1456,(053)585-1222",,,浜松市浜北平口サッカー場（サーラグリーンフィールド）,浜松市浜名区平口3071番地の1,,34.798052,137.759778,,,,,,申込不要,https://hamakita-greenarena.jp,,スポーツ,浜名区,2026-07-13,,○,002489_02
221309,20260707596,静岡県,浜松市,10月の一般開放,ジュウガツノイッパンカイホウ,,2026-10-17,,19:00,21:00,,"【内容】スポーツ広場(陸上利用のみ)
【その他】平口サッカー場スポーツ広場は、専用利用のない時間帯も一般開放(個人利用)となりますので平口サッカー場または浜北総合体育館にお問い合わせください。",100円,,平口サッカー場、サーラグリーンアリーナ,"(053)585-1456,(053)585-1222",,,浜松市浜北平口サッカー場（サーラグリーンフィールド）,浜松市浜名区平口3071番地の1,,34.798052,137.759778,,,,,,申込不要,https://hamakita-greenarena.jp,,スポーツ,浜名区,2026-07-13,,○,002489_02
221309,20260707597,静岡県,浜松市,10月の一般開放,ジュウガツノイッパンカイホウ,,2026-10-25,,19:00,21:00,,"【内容】スポーツ広場(陸上利用のみ)
【その他】平口サッカー場スポーツ広場は、専用利用のない時間帯も一般開放(個人利用)となりますので平口サッカー場または浜北総合体育館にお問い合わせください。",100円,,平口サッカー場、サーラグリーンアリーナ,"(053)585-1456,(053)585-1222",,,浜松市浜北平口サッカー場（サーラグリーンフィールド）,浜松市浜名区平口3071番地の1,,34.798052,137.759778,,,,,,申込不要,https://hamakita-greenarena.jp,,スポーツ,浜名区,2026-07-13,,○,002489_02
221309,20260707598,静岡県,浜松市,なゆた・浜北25周年記念事業　楽しい手作り講座(6)あんこのお花絞り体験,ナユタハマキタニジュウゴシュウネンキネンジギョウタノシイテヅクリコウザアンコノオハナシボリタイケン,,2026-10-18,,13:30,15:30,,"【内容】カップケーキの上にあんこで絞ったお花を飾る体験をしていただきます。お子様から大人までのご参加をお待ちしています。
【対象】小学生から大人まで(小学3年生以下は保護者同伴)
【講師】082(おやつ)オムレット専門店　森泉弥寿子",1000円,材料費を含む※記念事業特別料金,なゆた浜北,(053)585-0611,,,浜松市なゆた・浜北,浜松市浜名区貴布祢3000,,34.791664,137.783231,,,12人　抽選,2026-09-24,,"申込必要
【締切】締切
【申込開始】2026年09月18日(金曜日)　
【方法】窓口／電話／ホームページ／E-mail(nayuta@yr.tnc.ne.jp)",http://www.nayuta-hamakita.jp,,講座・教室,浜名区,2026-07-13,,,000106_00
221309,20260707599,静岡県,浜松市,なゆた・浜北25周年記念事業　体験講座　日本茶の魅力と飲み比べ,ナユタハマキタニジュウゴシュウネンキネンジギョウタイケンコウザニホンチャノミリョクトノミクラベ,,2026-10-07,,9:30,11:30,,"【内容】日本茶の魅力を知る、美味しい入れ方を学ぶ、和菓子と一緒に楽しむ、飲み比べをしてみる
【講師】春野茶栗崎園主　栗崎貴史
日本茶インストラクター　栗崎香代子",1000円,お茶のお土産付き※記念事業特別料金,なゆた浜北,(053)585-0611,,,浜松市なゆた・浜北,浜松市浜名区貴布祢3000,,34.791664,137.783231,,,18人　抽選,2026-09-23,,"申込必要
【締切】締切
【申込開始】2026年09月17日(木曜日)　
【方法】窓口／電話／ホームページ／E-mail(nayuta@yr.tnc.ne.jp)",http://www.nayuta-hamakita.jp,,講座・教室,浜名区,2026-07-13,,,000106_00
221309,20260707600,静岡県,浜松市,なゆた・浜北25周年記念事業　なゆた映画まつり,ナユタハマキタニジュウゴシュウネンキネンジギョウナユタエイガマツリ,,2026-11-21,,13:00,,,"【内容】2本立て上映(上映作品はHPにて案内)
～気軽に映画を楽しめるイベントを開催～
【出演・演目など】2本立て上映(上映作品はHPにて案内)",2000円,※記念事業特別料金,なゆた浜北,(053)585-0611,,,浜松市なゆた・浜北,浜松市浜名区貴布祢3000,,34.791664,137.783231,,,400人　先着順,,,"申込必要
【申込開始】2026年09月15日(火曜日)　9時00分
【方法】窓口
なゆた浜北窓口、アクトシティチケットセンター、HCFオンラインショップ",http://www.nayuta-hamakita.jp,,イベント,浜名区,2026-07-13,,○,000106_00
221309,20260707601,静岡県,浜松市,パソコン教室　Excel基礎講座,パソコンキョウシツ　エクセルキソコウザ,,2026-10-28,,9:30,11:30,10月28日(水)～12月2日(水)までの毎週水曜日・金曜日　全11回,"【内容】表の作成方法や数式の使い方等を学びデータ処理力を高めます
【対象】15歳以上(高校生を除く)
【条件】ノートパソコンを持参できる人",,テキスト代　2，200円程度,浜北地域活動・研修センター,(053)588-2740,,,浜松市浜北地域活動・研修センター,浜松市浜名区於呂2829-1,,34.834729,137.801964,遠鉄電車「遠州岩水寺駅」東口より徒歩1分,あり,20人　抽選　応募多数の場合は求職者・在職者・初受講者を優先し抽選,2026-09-30,,"申込必要
【方法】窓口／電話((053)588-2740)／ホームページ",https://www.city.hamamatsu.shizuoka.jp/hk-syokkun/index.html,,講座・教室,浜名区,2026-07-13,,,004266_00
221309,20260707602,静岡県,浜松市,ゆるやかコンサート,ユルヤカコンサート,,2026-10-27,,10:30,,終了時間は11:20(予定),【内容】小さなお子様が声を出しても、周囲に気がねなく楽しめるコンサート,1000円,中学生以下は無料,浜北文化センター,(053)586-5151,,,浜松市浜北文化センター,浜松市浜名区貴布祢291-1,,34.794439,137.783274,,,300人　先着順,,,"申込必要
【申込開始】2026年09月15日(火曜日)　9時00分
【方法】ホームページ",https://www.hcf.or.jp/facilities/hkb/,,おんがく,浜名区,2026-07-13,,○,002410_00
221309,20260707603,静岡県,浜松市,まこも膳,,,2026-10-03,,12:00,13:30,,,3000円,,万葉の森公園,(053)586-8700,,,万葉の森公園,浜松市浜名区平口5051-1,,34.801440,137.760556,,,30人　先着順,,,"申込必要
【申込開始】2026年09月15日(火曜日)　9時00分
【方法】窓口／電話",https://manyou.hama-park.jp/,,イベント,浜名区,2026-07-13,,○,002677_00
221309,20260707604,静岡県,浜松市,染めであそぼう「セイタカアワダチソウの花」,,,2026-10-10,,9:30,12:00,,【対象】小学生以上,600円,,万葉の森公園,(053)586-8700,,,万葉の森公園,浜松市浜名区平口5051-1,,34.801440,137.760556,,,16人　先着順,,,"申込必要
【申込開始】2026年09月15日(火曜日)　9時00分
【方法】窓口／電話",https://manyou.hama-park.jp/,,イベント,浜名区,2026-07-13,,○,002677_00
221309,20260707605,静岡県,浜松市,万葉の森公園の季節の公園散策(解説付き),,,2026-10-04,,11:00,,40分程度,,,無料,万葉の森公園,(053)586-8700,,,万葉の森公園,浜松市浜名区平口5051-1,,34.801440,137.760556,,,,,,"申込不要
当日、直接会場へ",https://manyou.hama-park.jp/,,イベント,浜名区,2026-07-13,,○,002677_00
221309,20260707606,静岡県,浜松市,万葉の森公園の季節の公園散策(解説付き),,,2026-10-18,,11:00,,40分程度,,,無料,万葉の森公園,(053)586-8700,,,万葉の森公園,浜松市浜名区平口5051-1,,34.801440,137.760556,,,,,,"申込不要
当日、直接会場へ",https://manyou.hama-park.jp/,,イベント,浜名区,2026-07-13,,○,002677_00
221309,20260707607,静岡県,浜松市,第31回浜北万葉まつり,ダイ31カイハマキタマンヨウマツリ,,2026-10-24,,10:00,15:10,※荒天中止(少雨決行),"【内容】楽しみながら五感で万葉集とその文化に親しむイベント
【対象】どなたでも
【条件】無
【講師】無
【出演・演目など】演目:奈良時代の歌会「曲水の宴」の再現、万葉コンサート(合唱)、中国舞踊ほか
【その他】体験:「はまきた万葉みくじ」配布、しおりに万葉仮名で名前を書く体験、万葉食・絵手紙・手まりなどの体験、野点茶会、曲水庭園フォトスポット、園内ツアー、万葉クイズ、フォトコンテスト、投稿短歌の展示ほか",0円,一部の体験は有料(材料費等),浜名区役所まちづくり推進課,(053)586-6201,5342,浜松市,万葉の森公園,浜松市浜名区平口5051-1,,34.801440,137.760556,車,有,,,,申込不要,https://www.city.hamamatsu.shizuoka.jp/hk-machi/culture_art/manyou/index.html,,イベント,浜名区,2026-07-13,,○,002677_00
221309,20260707608,静岡県,浜松市,行政相談委員による行政相談,,,2026-09-16,,9:00,12:00,,,,,北行政センター,(053)523-1116,,,三ヶ日支所,浜松市浜名区三ヶ日町三ヶ日500-1,,34.803149,137.556279,,,,,,"申込不要
当日、直接会場へ",https://www.soumu.go.jp/main_sosiki/hyouka/soudan_n/index.html,,そうだん,浜名区,2026-07-13,,,004485_00
221309,20260707609,静岡県,浜松市,令和8年度　横尾歌舞伎定期公演,レイワ8ネンド　ヨコオカブキテイキコウエン,,2026-10-10,2026-10-11,16:00,20:00,,"【内容】静岡県指定無形民俗文化財「横尾歌舞伎」の定期公演が開催されます
【出演・演目など】演目・「寿式三番叟　宝の入船」「菅原伝授手習鑑　車曳きの場」「絵本太功記十段目　尼ヶ崎閑居の場」「鬼一法眼三略巻　大蔵館奥殿の場」",,無料,引佐支所,(053)542-1112,,横尾歌舞伎保存会,横尾歌舞伎伝承館　開明座,浜松市浜名区引佐町横尾889-1,,34.836209,137.659281,浜松駅バスターミナル15番乗り場から遠鉄バス「?奥山行」に乗り、「引佐横尾」停留所下車徒歩3分,引佐総合体育館駐車場をご利用ください。,300人,,,申込不要,https://www.city.hamamatsu.shizuoka.jp/is-kyodo/oshirase.html,,イベント,浜名区,2026-07-13,,○,
221309,20260707610,静岡県,浜松市,行政相談委員による行政相談,,,2026-10-14,,13:30,15:30,,,,,天竜区役所,(053)922-0019,,,天竜区役所,浜松市天竜区二俣町二俣481,,34.872645,137.816250,,,,,,"申込不要
当日、直接会場へ",https://www.soumu.go.jp/main_sosiki/hyouka/soudan_n/soudan_uketuke.html,,そうだん,天竜区,2026-07-13,,,001994_00
221309,20260707611,静岡県,浜松市,行政相談委員による行政相談,,,2026-10-08,,9:00,11:00,,,,,春野支所,(053)983-0001,,,春野支所,浜松市天竜区春野町宮川1467-2,,34.982164,137.896383,,,,,,"申込不要
当日、直接会場へ",https://www.soumu.go.jp/main_sosiki/hyouka/soudan_n/soudan_uketuke.html,,そうだん,天竜区,2026-07-13,,,004486_00
221309,20260707612,静岡県,浜松市,行政相談委員による行政相談,,,2026-10-07,,13:00,15:00,,,,,佐久間支所,(053)966-0002,,,佐久間支所,浜松市天竜区佐久間町中部18-11,,35.082559,137.800108,,,,,,"申込不要
当日、直接会場へ",https://www.soumu.go.jp/main_sosiki/hyouka/soudan_n/soudan_uketuke.html,,そうだん,天竜区,2026-07-13,,,005137_00
221309,20260707613,静岡県,浜松市,行政相談委員による行政相談,,,2026-09-16,,14:00,16:00,,,,,龍山森林文化会館,(053)968-0331,,,浜松市龍山森林文化会館,浜松市天竜区龍山町瀬尻982-2,,35.023371,137.840030,,,,,,"申込不要
当日、直接会場へ",https://www.soumu.go.jp/main_sosiki/hyouka/soudan_n/soudan_uketuke.html,,そうだん,天竜区,2026-07-13,,,002802_00
221309,20260707614,静岡県,浜松市,"写真とアートでめぐる天竜(クリエート浜松会場)　～ みんなのまなざしが映す、天竜の風景 ～",シャシントアートデメグルテンリュウ(クリエートハママツカイジョウ)　～ミンナノマナザシガウツス、テンリュウノフウケイ～,,2026-09-22,2026-09-26,9:00,17:00,,【内容】天竜の風景写真やアート体験イベントで制作したフラッグ作品を展示し、天竜の魅力を発信します。,,入場無料,天竜区まちづくり推進課,(053)922-0033,7312,天竜区まちづくり推進課,クリエート浜松,浜松市中央区早馬町2-1,,34.710326,137.733836,,なし(近くのコインパーキングまたは公共交通機関をご利用ください。),,,,申込不要,,,イベント,中央区,2026-07-13,,○,004149_00
221309,20260707615,静岡県,浜松市,"ステージ演奏体験 Vol.33",ステージエンソウタイケン,,2026-10-12,,10:00,20:30,,【内容】45分間、舞台で自由にピアノを演奏してみませんか？,,1，000円,浜松市天竜壬生ホール,(053)922-3301,,(公財)浜松市文化振興財団,浜松市天竜壬生ホール,浜松市天竜区二俣町二俣20-2,,34.858793,137.815750,,無料駐車場有,先着順　14組　※ひと家族1枠限り,,,"申込必要
【申込開始】2026年09月19日(土曜日)　9時00分
【方法】窓口／電話((053)922-3301)
窓口9時～　電話受付10時～　開始",https://www.hcf.or.jp/facilities/mibu/,,おしらせ,天竜区,2026-07-13,,○,001989_00
221309,20260707616,静岡県,浜松市,内山真龍資料館展示「真龍が遺した書籍」,ウチヤママタツシリョウカンテンジ「マタツガノコシタショセキ」,,2026-09-16,2026-11-29,9:00,17:00,休館日　月曜日、火曜日、祝日,【内容】真龍の書籍を通して国学研究の業績を辿る展示。,,無料,浜松市立内山真龍資料館,(053)925-4832,,浜松市,浜松市内山真龍資料館,浜松市天竜区大谷568,,34.876883,137.814345,,無料駐車場有,,,,申込不要,https://www.city.hamamatsu.shizuoka.jp/tn-machi/culture_art/matatsu/index.html,,おしらせ,天竜区,2026-07-13,,○,002118_00
221309,20260707617,静岡県,浜松市,ウィーン交流コンサート,ウィーンコウリュウコンサート,,2026-10-04,,13:30,16:00,,"【内容】元ウィーン・フィルハーモニー管弦楽団バストロンボーン奏者カール・ヤイトラー氏が指揮をとり、ウィーンの音楽をお届けします。
【出演・演目など】【曲目】序曲「メトゥザレム王子」、佐久間町のための祝賀曲他
【指揮】守下武志、カール・ヤイトラー
【出演】佐久間吹奏楽クラブ、浜松湖北高校佐久間分校吹奏楽部他
【その他】コンサートは2部構成になっています。1部ではお馴染みの日本の曲も演奏されます。",,入場無料,佐久間支所,(053)966-0006,7854,さくま国際交流音楽指導講座実行委員会,浜松市佐久間歴史と民話の郷会館,浜松市天竜区佐久間町佐久間429-1,,35.091760,137.813648,,無料駐車場有,,,,"申込不要
直接会場へお越しください。",https://www.city.hamamatsu.shizuoka.jp/sk-kyodo/concert/sakuma_wien.html,,おんがく,天竜区,2026-07-13,,○,004484_00
221309,20260707619,静岡県,浜松市,子どもの事故予防と応急手当　今と昔,,,2026-09-12,,13:00,15:00,,"【内容】ネットやSNSはいろいろな情報があって、どれが本当かわからない。今と昔の違いなど、専門家とおはなししましょう。
【講師】命のバトン浜松",,,浜松こども館,(053)450-9111,,,浜松こども館,浜松市中央区鍛冶町100-1,ザザシティ浜松中央館6・7階,34.705228,137.730166,,,,,,申込不要,https://kodomokan.entetsuassist-dms.com/event/,,こそだて,中央区,2026-07-13,,○,002327_00
221309,20260707620,静岡県,浜松市,プラネタリウム「月がきれいな夜に話したい3つのこと」,プラネタリウム「ツキガキレイナヨルニハナシタイミッツノコト」,,2026-09-19,2026-10-31,,,平日14:20～15:15、土日祝13:00～13:55、15:40～16:35,"【内容】秋に月がきれいに見えるのはなぜでしょうか？
お月見の時期に、月にまつわるお話をご紹介します。
【対象】どなたでも",,"【常設展入場料+プラネタリウム1回分観覧料】大人1.100円　中人550円　中学生以下・70歳以上 無料",浜松科学館,(053)454-0178,,浜松科学館,浜松科学館,浜松市中央区北寺島町256-3,,34.705034,137.739694,,,190人　先着順,,,申込不要,https://www.mirai-ra.jp,,イベント,中央区,2026-07-13,,○,005123_00
221309,20260707621,静岡県,浜松市,"特別コラボサイエンスショー 「鉄道サイエンスショー ? JR東海踏切安全教室」","トクベツコラボサイエンスショー 「テツドウサイエンスショー ? ジェイアールトウカイフミキリアンゼンキョウシツ」",,2026-09-19,2026-09-20,,,各日(1)10:45～(2)15:30～の2回(各回40分程度),"【内容】鉄道の実験、普段は触れない非常ボタンなどを体験しながら、踏切の安全について楽しく学びます。
【対象】どなたでも",0円,"別途、常設展入場料が必要【常設展入場料】大人600円、高校生300円、中学生以下、70歳以上 無料",浜松科学館,(053)454-0178,,浜松科学館,浜松科学館,浜松市中央区北寺島町256-3,,34.705034,137.739694,,,,,,申込不要,https://www.mirai-ra.jp,,イベント,中央区,2026-07-13,,○,005123_00
221309,20260707622,静岡県,浜松市,夜の科学館,ヨルノカガクカン,,2026-09-26,,17:01,20:00,,"【内容】高校生以上限定のナイトミュージアム。常設展をご覧いただけることに加え、毎月様々なコンテンツを用意しています。
【対象】高校生以上",,"【常設展入場料+プラネタリウム1回分観覧料】大人1.100円、高校生550円、70歳以上 無料",浜松科学館,(053)454-0178,,浜松科学館,浜松科学館,浜松市中央区北寺島町256-3,,34.705034,137.739694,,,,,,申込不要,https://www.mirai-ra.jp,,イベント,中央区,2026-07-13,,×,005123_00
221309,20260707623,静岡県,浜松市,ちょこっと体験「「浜松の偉人」のミニガイドブックを作ろう！」,チョコットタイケン「「ハママツノイジン」ノミニガイドブックヲツクロウ！」,,2026-09-22,2026-09-23,10:00,11:30,,"【内容】本田宗一郎や山葉寅楠など「浜松の偉人」がわかるガイドブックをつくります。チャレンジ！すべて取り組めば全8冊。
【対象】どなたでも",0円,"別途、常設展入場料が必要【常設展入場料】大人600円、高校生300円、中学生以下、70歳以上 無料",浜松科学館,(053)454-0178,,浜松科学館,浜松科学館,浜松市中央区北寺島町256-3,,34.705034,137.739694,,,,,,申込不要,https://www.mirai-ra.jp,,イベント,中央区,2026-07-13,,○,005123_00
221309,20260707624,静岡県,浜松市,ワークショップ「アントシアニンで色変わりカード」,ワークショップ「アントシアニンデイロカワリカード」,,2026-09-12,2026-09-27,13:30,15:30,,"【内容】ある液体を塗ると色が変わる！？
紫色の色素を使ったオリジナルカードを作ります。
【対象】どなたでも",100円,"別途、常設展入場料が必要【常設展入場料】大人600円、高校生300円、中学生以下、70歳以上 無料",浜松科学館,(053)454-0178,,浜松科学館,浜松科学館,浜松市中央区北寺島町256-3,,34.705034,137.739694,,,,,,申込不要,https://www.mirai-ra.jp,,イベント,中央区,2026-07-13,,○,005123_00
221309,20260707625,静岡県,浜松市,1歳誕生日！親子で初めての工作,イッサイタンジョウビ！オヤコデハジメテノコウサク,,2026-10-27,,10:30,11:15,,"【内容】紙粘土を使って1歳記念の手形足型を作ってみましょう。
【対象】10月に誕生日を迎える1歳児とその保護者",500円,,浜松科学館,(053)454-0178,,浜松科学館,浜松科学館,浜松市中央区北寺島町256-3,,34.705034,137.739694,,,4人　抽選,2026-10-13,,"申込必要
【締切】締切
【申込開始】2026年09月05日(土曜日)　
【方法】ホームページ",https://www.mirai-ra.jp,,イベント,中央区,2026-07-13,,○,005123_00
221309,20260707626,静岡県,浜松市,【出店者募集】みなくるマーケット「クリスマスマーケット」,【シュッテンシャボシュウ】ミナクルマーケット「クリスマスマーケット」,,2026-12-20,,10:00,15:00,,"【内容】クリスマスマーケットを一緒に盛り上げてくださる出店者様を募集します。雑貨、スイーツなどの対面販売やワークショップなど。
【対象】浜松市および周辺地域で活動されている方",2000円,キッチンカーおよび屋内1ブースの出店料,浜松科学館,(053)454-0178,,浜松科学館,浜松科学館,浜松市中央区北寺島町256-3,,34.705034,137.739694,,,,2026-10-15,,"申込必要
【締切】締切
【申込開始】2026年09月15日(火曜日)　
【方法】ホームページ",https://www.mirai-ra.jp,,おしらせ,中央区,2026-07-13,,○,005123_00
221309,20260707628,静岡県,浜松市,≪参加者募集≫第14回MATHやらまいか　小学生のみなさん、ゲームを通して算数の能力を競いましょう！,ダイジュウヨンカイマスヤラマイカ,,2026-10-01,2026-10-31,,,※予選大会はインターネットで参加,【内容】算数の計算スピードと思考力を競います。,,,トップガン教育システム協議会事務局,(053)456-1331,,,,,,,,,,,,,,https://math-yaramaika.com/,※小学生上位30名は12/5(土)浜松科学館で開催される決勝戦に参加できます。,おしらせ,,2026-07-13,,,
221309,20260717658,静岡県,浜松市,女性のための短期集中デジタル講座　基礎コース,ジョセイノタメノデジタルコウザキソコースファイブデイズ,,2026-10-22,2026-10-29,9:20,14:15,,"【内容】5日間でWord・Excelなどのオフィスで必須のスキルから、デザインやAIなど多様なスキルを学ぶことができる講座です。
【対象】デジタル知識を習得し、今年度中に就職したい方
【条件】全日程に参加できる方",0円,受講料・テキスト代・パソコンレンタル料無料,浜松市産業部労働政策課,(053)457-2115,,浜松市,浜松市浜北文化センター,浜松市浜名区貴布祢291-1,,34.794439,137.783274,遠州鉄道浜北駅から徒歩5分,無料駐車場有,15人　抽選,2026-10-09,16:00,"申込必要
【方法】電話((053)-424-8811)／ホームページ",https://sasnet.info/hamamatsuwoman_hirakucareer/,,講座・教室,浜名区,2026-07-17,2026-08-06,,002410_00
221309,20260717659,静岡県,浜松市,女性のための短期集中デジタル講座　活用実践コース,ジョセイノタメノデジタルコウザカツヨウジッセンコースファイブデイズ,,2026-11-05,2026-11-13,9:20,14:15,,"【内容】5日間でWord・Excelなどのオフィスで必須のスキルから、デザインやAIなど多様なスキルを学ぶことができる講座です。
【対象】デジタル知識を習得し、今年度中に就職したい方
【条件】全日程に参加できる方",0円,受講料・テキスト代・パソコンレンタル料無料,浜松市産業部労働政策課,(053)457-2115,,浜松市,浜松市浜北文化センター,浜松市浜名区貴布祢291-1,,34.794439,137.783274,遠州鉄道浜北駅から徒歩5分,無料駐車場有,15人　抽選,2026-10-23,16:00,"申込必要
【方法】電話((053)-424-8811)／ホームページ",https://sasnet.info/hamamatsuwoman_hirakucareer/,,講座・教室,浜名区,2026-07-17,2026-08-06,,002410_00
221309,20260728660,静岡県,浜松市,上下水道フェスタ2026,ジョウゲスイドウフェスタ2026,,2026-09-06,,10:00,15:00,,【内容】浜松市上下水道キッズサイト「すいすいクラブ」を通じて、身近な水道・下水道について楽しく学ぶことができるイベントです。,,,上下水道総務課,(053)-474-7011,,,プレ葉ウォーク浜北,浜松市浜名区貴布祢1200,,34.797492,137.779388,,,,,,申込不要,https://www.city.hamamatsu.shizuoka.jp/suidow-s/festa.html,,イベント,浜名区,2026-07-28,,○,
221309,20260728661,静岡県,浜松市,不動産の無料相談会,フドウサンノムリョウソウダンカイ,,2026-10-02,,10:00,16:00,,【内容】不動産の鑑定評価、価格、賃料、売買、交換、借地、借家、相続、贈与、その他不動産に関することの相談,,,公益社団法人静岡県不動産鑑定士協会,(054)253-6715,,公益社団法人静岡県不動産鑑定士協会,浜松商工会議所,浜松市中央区東伊場2丁目7-1,4階A会議室,34.699051,137.717532,,,先着順,2026-09-28,,"申込必要
【締切】締切
【申込開始】2026年09月15日(火曜日)　
【方法】電話((054)253-6715)",https://www.shizuoka-kantei.com,,イベント,中央区,2026-07-28,,,
221309,20260728662,静岡県,浜松市,飛込体験(11月),トビコミタイケン(11ガツ),,2026-11-05,,18:00,20:00,11/5～11/24　火・木曜　全4回,"【内容】陸上でのトレーニング、足からの飛込、頭からの飛込、台からの飛込に挑戦
【対象】小学生
【条件】20m泳げること",2800円,,浜松市スポーツ協会,(053)411-8686,,浜松市スポーツ協会,"古橋廣之進記念浜松市総合水泳場 ToBiO",浜松市中央区篠原町23982番地の1,,34.675306,137.670686,,あり,20人　先着順,,,"申込必要
【申込開始】2026年09月17日(木曜日)　9時00分
【方法】ホームページ",https://hamamatsu-sports.or.jp/,,スポーツ,中央区,2026-07-28,,○,001431_00
221309,20260806001,静岡県,浜松市,CSR活動(社会貢献活動)に取り組む事業者を表彰します,,,2026-09-01,2026-10-09,,,,"【対象】市内に所在する事業所
【その他】応募要件や申込方法は、市ホームページで確認。応募書類のダウンロードもできます。",,,市民協働・地域政策課,(053)457-2094,2094,浜松市,,,,,,,,,2026-10-09,17:15,"申込必要
【締切】必着
【申込開始】2026年09月01日(火曜日)　8時30分
申込方法については浜松市ホームページを確認【10月9日(金)必着】",https://www.city.hamamatsu.shizuoka.jp/shiminkyodo/csr/r8.html,,おしらせ,,2026-08-06,,,
221309,20260806002,静岡県,浜松市,一般向け学習講座「災害時におけるコミュニティFMの役割」,イッパンムケガクシュウコウザ「サイガイジニオケルコミュニティエフエムノヤクワリ」,,2026-11-21,,10:00,11:30,,"【内容】災害時に安心・安全を届けるライフラインのひとつとなる地域密着型ラジオの役割に触れ、いざという時の情報収集や活用法、災害を乗り越えるために必要な情報とは何かを学ぶ機会とします。
【対象】どなたでも
【講師】地域コミュニティFM職員
【出演・演目など】浜松市防災学習センター一般向け学習講座",0円,無料,浜松市防災学習センター,(053)474-8555,,浜松市防災学習センター,浜松市防災学習センター,浜松市中央区山下町192,,34.718456,137.729544,,無料駐車場有,40人　抽選　応募多数時、抽選,2026-11-10,23:59,"申込必要
【締切】必着
【方法】郵送(430-0941　浜松市中央区山下町192番地　浜松市防災学習センター)／ホームページ
お申し込みは防災学習センターの講座申込フォームもしくは往復はがき郵送で",https://www.hamabosai.jp/event/,,講座・教室,中央区,2026-08-13,,○,005095_00
221309,20260806003,静岡県,浜松市,文化の日・施設の無料開放(浜松市楽器博物館),ブンカノヒ・シセツノムリョウカイホウ(ハママツシガッキハクブツカン),,2026-11-03,,9:30,17:00,,【内容】11月3日(火)は文化の日のため、常設展を無料で観覧いただけます。,,,浜松市楽器博物館,(053)451-1128,,,浜松市楽器博物館,浜松市中央区中央三丁目9-1,,34.706816,137.738256,,,,,,申込不要,https://www.city.hamamatsu.shizuoka.jp/kikaku/bunkanohi_muryo.html,,おしらせ,中央区,2026-08-13,,○,000017_00
221309,20260806004,静岡県,浜松市,文化の日・施設の無料開放(木下惠介記念館(浜松市旧浜松銀行協会)),ブンカノヒ・シセツノムリョウカイホウ(キノシタケイスケキネンカン(キュウハママツギンコウキョウカイ)),,2026-11-03,,9:00,17:00,,【内容】11月3日(火)は文化の日のため、無料でご観覧いただけます。,,,木下惠介記念館（旧浜松銀行協会）,(053)457-3450,,,浜松市旧浜松銀行協会（木下恵介記念館）,浜松市中央区栄町3-1,,34.704653,137.724776,,,,,,申込不要,https://www.city.hamamatsu.shizuoka.jp/kikaku/bunkanohi_muryo.html,,おしらせ,中央区,2026-08-13,,○,004327_00
221309,20260806005,静岡県,浜松市,文化の日・施設の無料開放(浜松市立賀茂真淵記念館),ブンカノヒ・シセツノムリョウカイホウ(ハママツシリツカモノマブチキネンカン),,2026-11-03,,,,,【内容】11月3日(火)は文化の日のため、特別展を無料で観覧いただけます。,,,浜松市立賀茂真淵記念館,(053)456-8050,,,浜松市立賀茂真淵記念館,浜松市中央区東伊場一丁目22-2,,34.700942,137.715897,,,,,,申込不要,https://www.city.hamamatsu.shizuoka.jp/kikaku/bunkanohi_muryo.html,,おしらせ,中央区,2026-08-13,,○,000410_00
221309,20260806006,静岡県,浜松市,文化の日・施設の無料開放(浜松市博物館),ブンカノヒ・シセツノムリョウカイホウ(ハママツシハクブツカン),,2026-11-03,,9:00,17:00,,【内容】11月3日(火)は文化の日のため、常設展を無料で観覧いただけます。(※蜆塚遺跡ガイドツアー　13時30分～14時30分),,,浜松市博物館,(053)456-2208,,,浜松市博物館,浜松市中央区蜆塚四丁目22-1,,34.712637,137.703580,,,,,,申込不要,https://www.city.hamamatsu.shizuoka.jp/kikaku/bunkanohi_muryo.html,,おしらせ,中央区,2026-08-13,,○,002340_00
221309,20260806007,静岡県,浜松市,文化の日・施設の無料開放(重要文化財中村家住宅),ブンカノヒ・シセツノムリョウカイホウ(ジュウヨウブンカザイナカムラケジュウタク),,2026-11-03,,9:30,16:30,入館は16:00まで,【内容】11月3日(火)は文化の日のため、無料で観覧いただけます。,,,中央区西行政センター,(053)-597-1117,,,重要文化財中村家住宅,浜松市中央区雄踏町宇布見4912-1,,34.697493,137.633672,,,,,,申込不要,https://www.city.hamamatsu.shizuoka.jp/kikaku/bunkanohi_muryo.html,,おしらせ,中央区,2026-08-13,,○,001198_00
221309,20260806008,静岡県,浜松市,外国人のための無料行政書士相談・外国人と日本人との間のトラブルの調停(行政書士ADR),ガイコクジンノタメノムリョウギョウセイショシソウダン・ガイコクジントニホンジントノアイダノトラブルノチョウテイ,,2026-11-07,,13:00,16:00,,"【内容】在留、自動車登録、国籍、結婚などの手続きの相談及び家庭、学校、職場、地域における外国人と日本人の間の文化的価値観の違いによるトラブル
【対象】外国人およびその代理人、外国人と利害関係にある日本人
【その他】ポルトガル語、英語、中国語、フィリピノ語、スペイン語、ベトナム語、インドネシア語などに対応(他の言語は応相談)",,,多文化共生センター,(053)458-2170,,,クリエート浜松,浜松市中央区早馬町2-1,,34.710326,137.733836,,,4人　先着順,2026-11-04,17:00,"申込必要
【締切】締切
【申込開始】2026年10月15日(木曜日)　9時00分
【方法】窓口／電話",https://www.hi-hice.jp/ja/event-calendar/?event-month=202611,,そうだん,中央区,2026-08-13,,,004149_00
221309,20260806009,静岡県,浜松市,外国人のための無料弁護士相談,ガイコクジンノタメノムリョウベンゴシソウダン,,2026-11-14,,13:00,16:00,,"【内容】法律に関するトラブル全般に関する相談
【対象】外国人およびその代理人、外国人と利害関係にある日本人
【その他】ポルトガル語、英語、中国語、フィリピノ語、スペイン語、ベトナム語、インドネシア語などに対応(他の言語は応相談)",,,多文化共生センター,(053)458-2170,,,クリエート浜松,浜松市中央区早馬町2-1,,34.710326,137.733836,,,4人　先着順,2026-11-11,17:00,"申込必要
【締切】締切
【申込開始】2026年10月15日(木曜日)　9時00分
【方法】窓口／電話",https://www.hi-hice.jp/ja/event-calendar/?event-month=202611,,そうだん,中央区,2026-08-13,,,004149_00
221309,20260806010,静岡県,浜松市,外国人のための無料社労士相談,ガイコクジンノタメノムリョウシャロウシソウダン,,2026-11-19,,13:00,16:00,,"【内容】社会保険や労務に関する相談
【対象】外国人およびその代理人、外国人と利害関係にある日本人
【その他】ポルトガル語、英語、中国語、フィリピノ語、スペイン語、ベトナム語、インドネシア語などに対応(他の言語は応相談)",,,多文化共生センター,(053)458-2170,,,クリエート浜松,浜松市中央区早馬町2-1,,34.710326,137.733836,,,4人　先着順,2026-11-16,17:00,"申込必要
【締切】締切
【申込開始】2026年10月15日(木曜日)　9時00分
【方法】窓口／電話",https://www.hi-hice.jp/ja/event-calendar/?event-month=202611,,そうだん,中央区,2026-08-13,,,004149_00
221309,20260806011,静岡県,浜松市,外国人のための無料弁護士相談,ガイコクジンノタメノムリョウベンゴシソウダン,,2026-11-26,,13:00,16:00,,"【内容】法律に関するトラブル全般に関する相談
【対象】外国人およびその代理人、外国人と利害関係にある日本人
【その他】ポルトガル語、英語、中国語、フィリピノ語、スペイン語、ベトナム語、インドネシア語などに対応(他の言語は応相談)",,,多文化共生センター,(053)458-2170,,,クリエート浜松,浜松市中央区早馬町2-1,,34.710326,137.733836,,,8人　先着順,2026-11-23,17:00,"申込必要
【締切】締切
【申込開始】2026年10月15日(木曜日)　9時00分
【方法】窓口／電話",https://www.hi-hice.jp/ja/event-calendar/?event-month=202611,,そうだん,中央区,2026-08-13,,,004149_00
221309,20260806012,静岡県,浜松市,在留資格に関する無料相談,ザイリュウシカクニカンスルムリョウソウダン,,2026-12-03,,13:00,16:00,,"【内容】在留資格手続き申請の個別相談
【対象】外国人相談者本人
【その他】ポルトガル語、英語、中国語、フィリピノ語、スペイン語、ベトナム語、インドネシア語などに対応(他の言語は応相談)",,,多文化共生センター,(053)458-2170,,,クリエート浜松,浜松市中央区早馬町2-1,,34.710326,137.733836,,,4人　先着順,2026-11-28,17:00,"申込必要
【締切】締切
【申込開始】2026年10月15日(木曜日)　9時00分
【方法】窓口／電話",https://www.hi-hice.jp/ja/event-calendar/?event-month=202612,,そうだん,中央区,2026-08-13,,,004149_00
221309,20260806013,静岡県,浜松市,シンポジウム　「外国人材と働く時代の職場コミュニケーション」,シンポジウム　ガイコクジンザイトハタラクジダイノショクバコミュニケーション,,2026-12-15,,14:00,17:00,,"【内容】外国人部下・同僚を持つ管理職に必要な視点と実践スキルや職場で効果的な日本語教育などについて
【対象】企業人事担当者、管理職、日本語学校関係者など
【講師】小山健太氏(東京経済大学コミュニケーション学部教授／一般社団法人グローバルタレントデベロップメント協議会代表理事)、松葉優子氏(浜松日本語学院校長)",,無料,多文化共生センター,(053)458-2170,,,クリエート浜松,浜松市中央区早馬町2-1,,34.710326,137.733836,,,100人　先着順,2026-12-10,17:00,"申込必要
【締切】締め切り
【申込開始】2026年10月15日(木曜日)　9時00分
【方法】ホームページ",https://www.hi-hice.jp/ja/event-calendar/?event-month=202612,,講座,中央区,2026-08-13,,,004149_00
221309,20260806014,静岡県,浜松市,日本語学習支援者のためのスキルアップ講座「もめごとや対立を解決に導くピアメディエーション(対立解消スキル)を学ぶ」,ニホンゴガクシュウシエンシャノタメノスキルアップコウザモメゴトヤタイリツヲカイケツニミチビクピアメディエーションヲマナブ,,2026-10-21,,9:30,12:30,,"【内容】日本語教室で起こるもめごとや対立を解決に導くスキル(メディエーション)を学びます
【対象】日本語教室で活動をしている人、これから活動に入る人
【条件】市内在住・在勤の方
【講師】山口権治",0円,,外国人学習支援センター（U-ToC）,(053)592-1117,,,浜松市外国人学習支援センター（U-ToC）,浜松市中央区雄踏町宇布見9611-1,,34.694244,137.630520,,,40人　先着順,,,"申込必要
【申込開始】2026年10月15日(木曜日)　9時00分
【方法】窓口／電話",https://www.hi-hice.jp,,講座・教室,中央区,2026-08-13,,,004010_00
221309,20260806015,静岡県,浜松市,第2期日本語ボランティア養成講座,ダイニキニホンゴボランティアヨウセイコウザ,,2026-11-02,,13:30,15:00,,"【内容】日本語教室「読み書きクラス」や放課後学習支援教室などで活動するために必要な知識等を学びます(全16回)
【条件】市内在住・在勤の方
【その他】期間中別曜日に実習あり",0円,,外国人学習支援センター（U-ToC）,(053)592-1117,,,北部協働センター,浜松市中央区葵東一丁目15-1,,34.756907,137.720832,,,20人　先着順,,,"申込必要
【申込開始】2026年10月15日(木曜日)　
【方法】窓口／電話",https://www.hi-hice.jp,,講座・教室,中央区,2026-08-13,,,004496_00
221309,20260806016,静岡県,浜松市,はままつ建設フェスタ2026,ハママツケンセツフェスタ2026,,2026-11-14,,10:00,15:00,荒天中止,"【内容】建設車両の展示や建設のしごとを体験するイベントを行います。
【対象】どなたでも",,入場無料,技術監理課,(053)-457-2620,2620,浜松市,浜松城横　本丸南広場,,,,,公共交通機関をご利用ください,周辺の有料駐車場をご利用ください,,,,申込不要,https://www.city.hamamatsu.shizuoka.jp/gijutsukanri/festa/index.html,,イベント,中央区,2026-08-13,,○,
221309,20260806017,静岡県,浜松市,令和9年度市税納税通知書等送付用封筒の広告主募集,,,2026-10-13,2026-11-13,,,,"【内容】令和9年度の市税納税通知書等送付用封筒(4種類)に広告掲載を希望する事業者を募集するもの。
【その他】所定の申請書類一式を、直接または郵送で問い合わせ先へ",,,"資産税課（固定資産税・都市計画税）
市民税課（市民税・県民税・森林環境税、特別徴収、軽自動車税）","(053)457-2629
(053)457-2162",,,,,,,,,,,,,,,,おしらせ,,2026-08-13,,,
221309,20260806018,静岡県,浜松市,相続・何でも無料相談会(予約制),ソウゾクナンデモムリョウソウダンカイ(ヨヤクセイ),,2026-11-03,,13:30,16:30,,,,,静岡県司法書士会,(054)289-3700,,東海税理士会静岡県支部連合会,浜松労政会館,浜松市中央区東伊場2丁目7-1,,34.699051,137.717532,,,30人　先着順,,,"申込必要
【申込開始】2026年10月19日(月曜日)　9時00分
【方法】電話((054)289-3700)
予約受付時間:平日9:00～17:00(12:00～13:00除く)",https://tukasanet.jp/,,そうだん,中央区,2026-08-13,,,
221309,20260806019,静岡県,浜松市,無料調停手続相談,ムリョウチョウテイテツヅキソウダン,,2026-11-07,,10:00,14:30,受付終了14:00,,,,浜松簡易裁判所,(053)453-7179,,日本調停協会連合会,浜松市市民協働センター,浜松市中央区中央一丁目13-3,,34.709652,137.734603,,,45人　先着順,,,申込不要,https://www.choutei.jp/consultation,,そうだん,中央区,2026-08-13,,,004142_00
221309,20260806020,静岡県,浜松市,すずめの学校吹奏楽部ブルーウィンズ　3rdコンサート2026,スズメノガッコウスイソウガクブブルーウィンズサードコンサートニセンニジュウロク,,2026-12-12,,14:00,16:00,13:15開場,"【内容】吹奏楽演奏
【対象】入場はどなたでも
【出演・演目など】すずめの学校吹奏楽部ブルーウィンズ",,一般500円(未就学児無料)全席自由,あいホール,(053)412-0350,,すずめの学校吹奏楽部ブルーウィンズ,アクトシティ浜松,浜松市中央区板屋町111-1,中ホール,34.705528,137.735724,,,先着順,,,"申込必要
【申込開始】2026年10月15日(木曜日)　10時00分
【方法】窓口",https://ai-hall.com/events/20261212/,,イベント,中央区,2026-08-13,,○,000015_00
221309,20260806021,静岡県,浜松市,あいホールアニバーサリー2026,アイホールアニバーサリーニセンニジュウロク,,2026-11-07,2026-11-08,10:00,20:00,11/8(日)は16:00終了,【内容】日頃あいホールを利用していただいている団体の楽器演奏・ダンスの発表。雑貨の販売や作品展示等。,,,あいホール,(053)412-0350,,あいホール,浜松市男女共同参画・文化芸術活動推進センター（あいホール）,浜松市中央区幸三丁目3-1,,34.741648,137.726455,,1回100円,,,,申込不要,https://ai-hall.com/events/2026anniversary/,,イベント,中央区,2026-08-13,,○,004617_00
221309,20260806022,静岡県,浜松市,"令和8年度男女共同参画フェスタ 「はじめよう、私の選挙アクション　～知れば選挙はもっと面白い～」(託児無料)",レイワハチネンドダンジョキョウドウサンカクフェスタ,,2026-12-13,,13:30,15:30,,"【内容】「なんとなく行く選挙から、考えて選ぶ一票へ。」選挙を分かりやすく学びながら、自分なりの選挙アクションを見つける講演会とワークショップに気軽に参加してみませんか。どなたでも安心してご参加いただけます。
【その他】託　児:6か月以上就学前まで対象(無料、定員あり、12月4日(金)締切)",,,あいホール,(053)412-0351,,浜松市,浜松市男女共同参画・文化芸術活動推進センター（あいホール）,浜松市中央区幸三丁目3-1,,34.741648,137.726455,,,50人　先着順,,,"申込必要
【申込開始】2026年10月15日(木曜日)　10時00分
【方法】電話／ホームページ",https://ai-hall.com/events/genderequality_20260627/,,イベント,中央区,2026-08-13,,○,004617_00
221309,20260806023,静岡県,浜松市,"今日はココが「あいホール」in はままちプラス 無料イベント",キョウハココガアイホールインハママチプラス,,2026-10-24,,10:00,16:00,,"【内容】あいホールがはままちプラス(新浜松駅前)に出張し、ワークショップや参加型展示などを通じてあいホールの男女共同参画推進事業について知ってもらうイベント。
【対象】一般市民",,,あいホール男女共同参画推進事業担当,(053)412-0351,,浜松市,,,,,,,なし,,,,申込不要,https://ai-hall.com/events/kyoukoko_20261024/,,イベント,中央区,2026-08-13,,○,
221309,20260806024,静岡県,浜松市,"その「怒り」どこから来る？「自分を知るアンガーマネジメント講座」 連続2回/受講・託児無料",ソノイカリドコカラクル？　ジブンヲシルアンガーマネジメントコウザ,,2026-11-21,,10:00,12:00,,"【内容】「私たちをおこらせるもの」の正体って何だろう？怒りは誰にでもある自然な感情ですが、その背景にはさまざまな思いが隠れています。怒りが生まれるメカニズムや感情のしくみを理解し、「怒り」の感情との向き合い方やコントロールする技術を身につけます。
【対象】50代～60代のテーマに関心のある男性
【その他】託　児:6か月以上就学前まで対象(無料、定員あり、11月13日(金)締切)",,,あいホール,(053)412-0351,,浜松市,浜松市男女共同参画・文化芸術活動推進センター（あいホール）,浜松市中央区幸三丁目3-1,,34.741648,137.726455,,,10人　先着順,,,"申込必要
【申込開始】2026年10月15日(木曜日)　10時00分
【方法】電話／ホームページ",https://ai-hall.com/events/angermanagement_20261121/,,講座・教室,中央区,2026-08-13,,○,004617_00
221309,20260806025,静岡県,浜松市,"パートナーとの関係に悩んだら～もやもやの理由に気づき、自分を大切に生きるために～ 連続2回/受講・託児無料",パートナートノカンケイニナヤンダラ～モヤモヤノリユウニキヅキ、ジブンヲタイセツニイキルタメニ～,,2026-11-29,,14:00,16:00,,"【内容】パートナーとの対等なパートナーシップを見つめ直し、セルフケアやコミュニケーションについて学ぶ。
【対象】パートナーとの関係に悩んでいる女性
【その他】託　児:6か月以上就学前まで対象(無料、定員あり、11月13日(金)締切)",,,あいホール男女共同参画推進事業担当,(053)412-0351,,浜松市,浜松市男女共同参画・文化芸術活動推進センター（あいホール）,浜松市中央区幸三丁目3-1,,34.741648,137.726455,,,10人　先着順,,,"申込必要
【申込開始】2026年10月15日(木曜日)　10時00分
【方法】電話／ホームページ
×",https://ai-hall.com/events/partner20261129/,,講座・教室,中央区,2026-08-13,,○,004617_00
221309,20260806026,静岡県,浜松市,プロムナードコンサート,プロムナードコンサート,,2026-10-17,,15:00,16:50,※雨天中止,"【内容】浜松市内の吹奏楽団体による屋外コンサート
【出演・演目など】浜名高校OBOG吹奏楽団、すずめの学校吹奏楽団、浜松学芸中学校・高等学校",,,（公財）浜松市文化振興財団　文化事業課,(053)451-1151,,浜松市,JR浜松駅北口広場「キタラ」,浜松市中央区旭町,,34.704388,137.734165,,,,,,申込不要,https://www.hcf.or.jp/machinaka,,おんがく,中央区,2026-08-13,,×,
221309,20260806027,静岡県,浜松市,プロムナードコンサート,プロムナードコンサート,,2026-10-31,,14:00,16:20,※雨天中止,"【内容】浜松市内の吹奏楽団体による屋外コンサート
【出演・演目など】北部中学校、浜松商業高等学校、江西中学校＆オイスカ浜松国際高等学校、ファンファーレ",,,（公財）浜松市文化振興財団　文化事業課,(053)451-1151,,浜松市,JR浜松駅北口広場「キタラ」,浜松市中央区旭町,,34.704388,137.734165,,,,,,申込不要,https://www.hcf.or.jp/machinaka,,おんがく,中央区,2026-08-13,,×,
221309,20260806028,静岡県,浜松市,まちなかにぎわいコンサート,マチナカニギワイコンサート,,2026-11-01,,13:30,16:00,※雨天中止,"【内容】浜松市内のフォークソング団体を中心とした屋外コンサート
【出演・演目など】FFFフレンズ、らいと♪ハーモニー、りっぷるとぉん、名倉バンド",,,（公財）浜松市文化振興財団　文化事業課,(053)451-1151,,浜松市,JR浜松駅北口広場「キタラ」,浜松市中央区旭町,,34.704388,137.734165,,,,,,申込不要,https://www.hcf.or.jp/machinaka,,おんがく,中央区,2026-08-13,,○,
221309,20260806029,静岡県,浜松市,浜松市民文化フェスティバル「詩吟・琵琶演奏会」,ハママツシミンブンカフェスティバルシギン・ビワエンソウカイ,,2026-10-25,,13:00,,,【内容】“市民による芸術文化の祭典”と位置付け、市内の様々なジャンルの文化団体が、日頃の研鑽の成果を発表する場として開催する。,,,（公財）浜松市文化振興財団　文化事業課,(053)451-1151,,(公財)浜松市文化振興財団,浜松市福祉交流センター,浜松市中央区成子町140-8,小ホール,34.700201,137.728214,,,,,,申込不要,https://www.hcf.or.jp/shiminkyodo/citizenfestival/,,おんがく,中央区,2026-08-13,,×,002342_00
221309,20260806030,静岡県,浜松市,"HAMAMATSU JUNIOR CHORUS FESTIVAL 2027",ハママツジュニアコーラスフェスティバル,,2027-01-17,,13:30,16:30,開場13:00,"【内容】市内外の児童合唱団が日頃の研鑽の成果を発表し、交流を深める場として開催する。
【条件】4歳未満入場不可",,全席自由500円,（公財）浜松市文化振興財団　文化事業課,(053)451-1150,,浜松市,アクトシティ浜松,浜松市中央区板屋町111-1,中ホール,34.705528,137.735724,,,,,,"申込必要
【申込開始】2026年11月15日(日曜日)",https://www.hacam.jp/,,おしらせ,中央区,2026-08-13,,○,000015_00
221309,20260806031,静岡県,浜松市,"アクト・プレミアム・シリーズ2026 ニコライ・ルガンスキー",,,2027-02-16,,18:45,20:45,,"【内容】偉大な「ロシア・ピアニズム」の正統派として、正確無比な演奏技巧と繊細な詩情を併せ持つ世界的に高く評価されているピアニスト！
【条件】未就学児入場不可
【出演・演目など】【出演】
ニコライ・ルガンスキー(ピアノ)

【曲目】
ワーグナー(ルガンスキー編):「神々の黄昏」より 4つの場面
(ブリュンヒルデとジークフリートの愛の二重唱、ジークフリートのラインの旅、ジークフリートの葬送行進曲、ブリュンヒルデの告別の歌)
ワーグナー(リスト編):「トリスタンとイゾルデ」より イゾルデの愛の死　ほか",,"【全席指定・税込】S席6,500円　A席5,500円　B席4,000円　学生B席1,500円(24歳以下)","公益財団法人 浜松市文化振興財団",(053)451-1114,,"公益財団法人 浜松市文化振興財団",アクトシティ浜松,浜松市中央区板屋町111-1,中ホール,34.705528,137.735724,,,,,,"申込必要
【申込開始】2026年10月18日(日曜日)　10時00分
【方法】窓口／ホームページ",https://www.hcf.or.jp/,,おんがく,中央区,2026-08-13,,×,000015_00
221309,20260806032,静岡県,浜松市,"宇崎竜童 弾き語りLIVE 2027",ウザキリュウドウ　ヒキガタリライブ　2027,,2027-03-21,,15:00,17:00,,"【条件】未就学児不可
【出演・演目など】出演:宇崎竜童(歌＆ギター)",,"【全席指定・税込】一般8,000円　学生3,000円(24歳以下)","公益財団法人 浜松市文化振興財団",(053)451-1114,,"公益財団法人 浜松市文化振興財団／サモンプロモーション",アクトシティ浜松,浜松市中央区板屋町111-1,中ホール,34.705528,137.735724,,,,,,"申込必要
【申込開始】2026年10月24日(土曜日)　10時00分
【方法】窓口／ホームページ",https://www.hcf.or.jp/,,おんがく,中央区,2026-08-13,,×,000015_00
221309,20260806033,静岡県,浜松市,"尾崎亜美 50th Amii-versary Concert Tour 2027",オザキアミ　フィフティース　アミバーサリー　コンサート　ツアー　2027,,2027-03-22,,17:30,19:30,,"【条件】未就学児不可
【出演・演目など】出演:尾崎亜美(Vo.Key)　ほか",,"【全席指定・税込】一般8,500円　学生3,000円(24歳以下)","公益財団法人 浜松市文化振興財団",(053)451-1114,,"公益財団法人 浜松市文化振興財団／サモンプロモーション",アクトシティ浜松,浜松市中央区板屋町111-1,中ホール,34.705528,137.735724,,,,,,"申込必要
【申込開始】2026年10月24日(土曜日)　10時00分
【方法】窓口／ホームページ",https://www.hcf.or.jp/,,おんがく,中央区,2026-08-13,,×,000015_00
221309,20260806034,静岡県,浜松市,浜松市文化振興財団(非常勤嘱託員),ハママツシブンカシンコウザイダン　ヒジョウキンショクタクイン,,2026-10-01,2026-11-01,,,,"【内容】内容　文化ホールの受け付け、施設貸出、事務、経理、企画補助、広報補助ほか
勤務　アクトシティ浜松、天竜壬生ホール、サーラ音楽ホール
定員　4人程度
採用　2027(令和9)年4月1日(週30時間勤務)
申込　オンラインエントリー【11月1日(日)締切】",,,公益財団法人浜松市文化振興財団,(053)451-1113,,,,,,,,,,,2026-11-01,,"申込必要
【締切】締切
【申込開始】2026年10月01日(木曜日)　
【方法】ホームページ",https://www.hcf.or.jp/aboutus/recruit/,,職員募集,,2026-08-13,,×,
221309,20260806035,静岡県,浜松市,ミニコンサート「バリ舞踊」,ミニコンサート「バリブヨウ」,,2026-10-17,,14:00,15:00,,"【内容】バリ舞踊のコンサート
【対象】来館者
【出演・演目など】出演:森下千裕",,入館料のみでご覧いただけます。,浜松市楽器博物館,(053)451-1128,,浜松市楽器博物館,浜松市楽器博物館,浜松市中央区中央三丁目9-1,"館内 天空ホール",34.706816,137.738256,,なし,,,,申込不要,https://www.gakkihaku.jp/,,おんがく,中央区,2026-08-13,,○,000017_00
221309,20260806036,静岡県,浜松市,ミニコンサート「中世音楽アンサンブル」,ミニコンサート「チュウセイオンガクアンサンブル」,,2026-11-04,,14:00,15:00,,"【内容】たかまつ国際古楽祭出演者によるミニコンサート
【対象】来館者
【出演・演目など】出演:アモール・セウ",,入館料のみでご覧いただけます。,浜松市楽器博物館,(053)451-1128,,浜松市楽器博物館,浜松市楽器博物館,浜松市中央区中央三丁目9-1,"館内 天空ホール",34.706816,137.738256,,なし,,,,申込不要,https://www.gakkihaku.jp/,,おんがく,中央区,2026-08-13,,○,000017_00
221309,20260806037,静岡県,浜松市,くるとしのはりこ【全2回】,クルトシノハリコ【ゼンニカイ】,,2026-12-06,,10:00,12:00,全2回で完結。両日ともに10；00～12；00,"【内容】来年の干支である「ひつじ」をモチーフに張り子をつくります。
【対象】両日のご参加が可能な方。ハサミ・カッターを使用するときに保護者のサポートが必要なお子様は保護者もお申込みください。",1500円,全2回分,浜松市鴨江アートセンター,(053)-458-5360,,浜松市鴨江アートセンター(指定管理者:一般社団法人浜松創造都市協議会・東海ビル管理グループ),浜松市鴨江アートセンター,浜松市中央区鴨江町1番地,,34.704995,137.724658,,,20人　先着順,2026-12-05,21:30,"申込必要
【締切】締切
【申込開始】2026年10月20日(火曜日)　9時00分
【方法】窓口／電話((053)-458-5360)／E-mail(event@kamoeartcenter.org)",https://kamoeartcenter.org/,,イベント,中央区,2026-08-13,,○,004601_00
221309,20260806038,静岡県,浜松市,ちょこっと銅版画体験　静岡県立美術館移動美術展ワークショップ,チョコットドウハンガタイケン,,2026-11-15,,10:00,,用意した分がなくなり次第終了,"【内容】ロダンやモネなど静岡県立美術館のコレクションの図柄を、小型のプレス機を使って、はがき大の紙に刷ります。手軽だけど、ちょっとだけ本格的なプリント体験をお楽しみください。
【対象】どなたでも",,無料,浜松市鴨江アートセンター,(053)-458-5360,,浜松市鴨江アートセンター(指定管理者:一般社団法人浜松創造都市協議会・東海ビル管理グループ)　静岡県立美術館,浜松市鴨江アートセンター,浜松市中央区鴨江町1番地,,34.704995,137.724658,,,50人　先着順,,,"申込不要
当日、直接会場へ",https://kamoeartcenter.org/,,イベント,中央区,2026-08-13,,○,004601_00
221309,20260806039,静岡県,浜松市,アーティストとの交流会＋鑑賞会　静岡県立美術館移動美術展ワークショップ,アーティストトノコウリュウカイ＋カンショウカイ,,2026-11-14,,13:30,15:30,,"【内容】鴨江アートセンターは、アーティスト・イン・レジデンスで制作中のアーティスト、ご来場のみなさん、スタッフが参加するアットホームな交流会を開催しています。今回は、移動展の出品作の鑑賞なども行うスペシャル版です。
【対象】どなたでも",,無料,浜松市鴨江アートセンター,(053)-458-5360,,浜松市鴨江アートセンター(指定管理者:一般社団法人浜松創造都市協議会・東海ビル管理グループ)　静岡県立美術館,浜松市鴨江アートセンター,浜松市中央区鴨江町1番地,,34.704995,137.724658,,,20人　先着順,,,"申込不要
当日、直接会場へ",https://kamoeartcenter.org/,,イベント,中央区,2026-08-13,,○,004601_00
221309,20260806040,静岡県,浜松市,静岡⇔浜松　アートの往来　静岡県立美術館移動美術展,シズオカ⇔ハママツ　アートノオウライ　シズオカケンリツビジュツカンイドウビジュツテン,,2026-11-06,2026-11-16,10:00,19:00,,"【内容】11月に静岡県立美術館収蔵作品4点を迎えて展覧会を開催、並行して年間を通して当館アーティスト・イン・レジデンスのアーティストから任意の数名が静岡県立美術館にてリサーチを行い、制作活動に活かしていきます。静岡県立美術館と浜松市鴨江アートセンターがコラボレーションし、作品とアーティストが往来する1年間のプロジェクトです。
【対象】どなたでも",,無料,浜松市鴨江アートセンター,(053)-458-5360,,浜松市鴨江アートセンター(指定管理者:一般社団法人浜松創造都市協議会・東海ビル管理グループ)　静岡県立美術館,浜松市鴨江アートセンター,浜松市中央区鴨江町1番地,,34.704995,137.724658,,,,,,"申込不要
当日、直接会場へ",https://kamoeartcenter.org/,,イベント,中央区,2026-08-13,,○,004601_00
221309,20260806041,静岡県,浜松市,制作場所提供事業アーティスト・イン・レジデンス後期　制作スタート,セイサクバショテイキョウジギョウアーティスト・イン・レジデンスコウキ　セイサクスタート,,2026-11-01,2027-02-28,9:00,21:30,※オープンアトリエの日は見学可,,,,浜松市鴨江アートセンター,(053)-458-5360,,浜松市鴨江アートセンター(指定管理者:一般社団法人浜松創造都市協議会・東海ビル管理グループ),浜松市鴨江アートセンター,浜松市中央区鴨江町1番地,,34.704995,137.724658,,,,,,申込不要,https://kamoeartcenter.org/,,イベント,中央区,2026-08-13,,○,004601_00
221309,20260806042,静岡県,浜松市,木下惠介記念館映画上映会『お嬢さん乾杯!』,キノシタケイスケキネンカンエイガジョウエイカイ「オジョウサンカンパイ」,,2026-11-15,,,,午前10時～／午後2時～(開場は上映30分前より),"【内容】木下惠介作品や木下惠介に纏わる映画作品を毎月第3日曜日に上映。
【対象】小学生以上",100円,,木下惠介記念館（浜松市旧浜松銀行協会）,(053)-457-3450,,木下惠介記念館(旧浜松銀行協会),浜松市旧浜松銀行協会（木下恵介記念館）,浜松市中央区栄町3-1,,34.704653,137.724776,,,80人　先着順,,,"申込不要
当日、直接会場へ",https://keisukemuseum.org/,,イベント,中央区,2026-08-13,,×,004327_00
221309,20260806043,静岡県,浜松市,木下忠司生誕110周年記念上映会『この広い空のどこかに』＆講演会「あゝ人生に映画(シネマ)あり―木下忠司と戦後『映画音楽』の歩み」,キノシタチュウジタンジョウヒャクジュッシュウネンキネンジョウエイカイ『コノヒロイソラノドコカニ』＆コウエンカイ「アアジンセイニエイガアリ―キノシタチュウジトセンゴ『エイガオンガク』ノアユミ」,,2026-12-06,,13:30,17:00,,【対象】中学生以上,500円,,木下惠介記念館（浜松市旧浜松銀行協会）,(053)-457-3450,,木下惠介記念館(旧浜松銀行協会),浜松市旧浜松銀行協会（木下恵介記念館）,浜松市中央区栄町3-1,,34.704653,137.724776,,,40人　先着順,2026-12-05,21:30,"申込必要
【締切】締切
【申込開始】2026年10月20日(火曜日)　9時00分
【方法】窓口／電話((053)-457-3450)／E-mail(k.m.m@keisukemuseum.org)",https://keisukemuseum.org/,,イベント,中央区,2026-08-13,,×,004327_00
221309,20260806044,静岡県,浜松市,"京都 建仁寺西来院より「西来院開山 蘭渓道隆禅師750年遠忌茶会」",キョウトケンニンジセイラインヨリ「セイラインカイサンランケイドウリュウゼンシ750ネンオンキチャカイ」,,2026-12-05,,10:30,15:00,,"【内容】西来院住職による「禅の茶～不易流行～」
【講師】雲林院宗碩",2500円,茶席一席,茶室松韻亭,(053)473-4310,,茶室松韻亭,浜松市茶室（松韻亭）,浜松市中央区鹿谷町11-4,,34.715141,137.723579,,,60人　先着順,,,"申込必要
【申込開始】2026年10月15日(木曜日)　9時00分
【方法】窓口／電話((053)473-4310)／FAX((053)473-4310)／郵送(432-8014　浜松市中央区鹿谷町11-4　浜松市茶室松韻亭)／ホームページ／E-mail(info@shouintei.jp)",https://www.shouintei.jp,,イベント,中央区,2026-08-13,,×,001852_00
221309,20260806045,静岡県,浜松市,"観世流茶室能～松韻亭 月見台にて「能舞」の鑑賞～",チャシツノウ～ショウインテイツキミダイニテ「ノウマイ」ノカンショウ,,2026-11-28,,11:00,13:00,二部14時から,"【内容】紅葉の時期の茶室月見台での能楽師による「能舞」の鑑賞
【講師】山階彌右衛門",5500円,呈茶付,茶室松韻亭,(053)473-4310,,茶室松韻亭,浜松市茶室（松韻亭）,浜松市中央区鹿谷町11-4,,34.715141,137.723579,,,60人　先着順,,,"申込必要
【申込開始】2026年10月15日(木曜日)　9時00分
【方法】窓口／電話((053)473-4310)／FAX((053)473-4310)／郵送(432-8014　浜松市中央区鹿谷町11-4　浜松市茶室松韻亭)／ホームページ／E-mail(info@shouintei.jp)",https://www.shouintei.jp,,イベント,中央区,2026-08-13,,×,001852_00
221309,20260806046,静岡県,浜松市,"サーラ音楽ホール ミュージックフェスティバル","サーラオンガクホール ミュージックフェスティバル",,2026-11-08,,11:00,16:00,,"【対象】どなたでも
【出演・演目など】吹奏楽団・ダンス・和太鼓",,,サーラ音楽ホール,(053)428-5700,,公益財団法人浜松市文化振興財団,浜松市市民音楽ホール（サーラ音楽ホール）,浜松市浜名区新都田三丁目2-1,,34.818031,137.737562,,あり(30分以上100円),,,,申込不要,https://www.hcf.or.jp/facilities/music-hall/,,イベント,浜名区,2026-08-13,,○,005258_00
221309,20260806047,静岡県,浜松市,"ハママツ・ジャズ・ウィーク　ストリート ジャズ フェスティバル",ハママツジャズウィークストリートジャズフェスティバル,,2026-10-24,2026-10-25,,,会場により時間が異なります。,【内容】街角のオープンスペースで実施されるストリートイベント。浜松市内外で活動する凄腕ミュージシャンの熱演を気軽に楽しめるコンサート。,0円,無料,ハママツ・ジャズ・ウィーク事務局,(053)460-3325,,浜松市、公益財団法人浜松市文化振興財団、静岡新聞社・静岡放送、ヤマハ株式会社、ヤマハ音楽振興会,24日…キタラ、ソラモ、クリエート浜松ホール　25日…キタラ、ソラモ、かじまちヤマハホール他,,,,,,,,,,申込不要,https://hamamatsujazzweek.com/,,おんがく,中央区,2026-08-13,,×,
221309,20260806048,静岡県,浜松市,ハママツ・ジャズ・ウィーク　街のジャズクラブ,ハママツ・ジャズ・ウィーク　マチノジャズクラブ,,2026-10-17,2026-10-25,,,会場により時間が異なります。,【内容】ハママツ・ジャズ・ウィーク開催期間中、市内のジャズクラブ、ショッピングモール等で繰り広げられるジャズイベント。,,詳細は各会場へお問合せください。,ハママツ・ジャズ・ウィーク事務局,(053)460-3325,,浜松市、公益財団法人浜松市文化振興財団、静岡新聞社・静岡放送、ヤマハ株式会社、ヤマハ音楽振興会,浜松市内ジャズクラブ等,,,,,,,,,,詳細は各会場へお問合せください。,https://hamamatsujazzweek.com/,,おんがく,,2026-08-13,,×,
221309,20260806050,静岡県,浜松市,科学の学園祭2026,カガクノガクエンサイ2026,,2026-10-03,2026-10-25,9:30,17:00,"10月5,13,19日は休館","【内容】浜松市および近隣の学生たちが、日々取り組んでいる科学をはじめとするさまざまな探究活動の発表の場です。実験、工作のブース出展や、研究成果のポスター展示を行います。
【対象】どなたでも",0円,期間中、学生は常設展入場料無料(身分証が必要),浜松科学館,(053)454-0178,,浜松科学館,浜松科学館,浜松市中央区北寺島町256-3,,34.705034,137.739694,,,,,,申込不要,https://www.mirai-ra.jp,,イベント,中央区,2026-08-13,,○,005123_00
221309,20260806051,静岡県,浜松市,夜の科学館,ヨルノカガクカン,,2026-10-24,,17:01,20:00,,"【内容】高校生以上限定のナイトミュージアム。常設展をご覧いただけることに加え、毎月様々なコンテンツを用意しています。
【対象】高校生以上",,"【常設展入場料+プラネタリウム1回分観覧料】大人1.100円、高校生550円、70歳以上 無料",浜松科学館,(053)454-0178,,浜松科学館,浜松科学館,浜松市中央区北寺島町256-3,,34.705034,137.739694,,,,,,申込不要,https://www.mirai-ra.jp,,イベント,中央区,2026-08-13,,×,005123_00
221309,20260806052,静岡県,浜松市,"大人のための健康講座 Healthy Training ＆ Lunch (1)上半身編","オトナノタメノケンコウコウザ ヘルシートレーニングアンドランチ (1)ジョウハンシンヘン",,2026-11-25,,10:30,12:00,,"【内容】パーソナルトレーナー資格をもつ科学館職員が、お家できる簡単なトレーニングや健康的な食事についてご紹介します。「Caf? 一莉」のヘルシー弁当付き！
【対象】18歳以上",1500円,弁当代含む,浜松科学館,(053)454-0178,,浜松科学館,浜松科学館,浜松市中央区北寺島町256-3,,34.705034,137.739694,,,10人　抽選,2026-11-11,,"申込必要
【締切】締切
【申込開始】2026年10月05日(月曜日)　
【方法】ホームページ",https://www.mirai-ra.jp,,イベント,中央区,2026-08-13,,○,005123_00
221309,20260806053,静岡県,浜松市,"大人のための健康講座 Healthy Training ＆ Lunch (2)下半身編","オトナノタメノケンコウコウザ ヘルシートレーニングアンドランチ (2)カハンシンヘン",,2026-12-02,,10:30,12:00,,"【内容】パーソナルトレーナー資格をもつ科学館職員が、お家できる簡単なトレーニングや健康的な食事についてご紹介します。「Caf? 一莉」のヘルシー弁当付き！
【対象】18歳以上",1500円,弁当代含む,浜松科学館,(053)454-0178,,浜松科学館,浜松科学館,浜松市中央区北寺島町256-3,,34.705034,137.739694,,,10人　抽選,2026-11-18,,"申込必要
【締切】締切
【申込開始】2026年10月05日(月曜日)　
【方法】ホームページ",https://www.mirai-ra.jp,,イベント,中央区,2026-08-13,,○,005123_00
221309,20260806054,静岡県,浜松市,1歳誕生日！親子で初めての工作,イッサイタンジョウビ！オヤコデハジメテノコウサク,,2026-11-10,,10:30,11:15,,"【内容】紙粘土を使って1歳記念の手形足型を作ってみましょう。
【対象】11月に誕生日を迎える1歳児とその保護者",500円,,浜松科学館,(053)454-0178,,浜松科学館,浜松科学館,浜松市中央区北寺島町256-3,,34.705034,137.739694,,,4人　抽選,2026-10-27,,"申込必要
【締切】締切
【申込開始】2026年10月05日(月曜日)　
【方法】ホームページ",https://www.mirai-ra.jp,,イベント,中央区,2026-08-13,,○,005123_00
221309,20260806055,静岡県,浜松市,みなくるマーケット～カレーなる実りの秋まつり～,ミナクルマーケット～カレーナルミノリノアキマツリ～,,2026-11-03,,11:00,15:00,少雨決行(雨天の場合は11月8日に延期),"【内容】家族で楽しめるカレーフェスを実施。さまざまな味や香りのカレーを通して、食の多様性やその楽しさにふれていただける場をつくります。
【対象】どなたでも",0円,飲食は有料,浜松科学館,(053)454-0178,,浜松科学館,浜松科学館,浜松市中央区北寺島町256-3,,34.705034,137.739694,,,,,,申込不要,https://www.mirai-ra.jp,,イベント,中央区,2026-08-13,,○,005123_00
221309,20260806056,静岡県,浜松市,「第11回小・中学生理科研究プレゼンテ―ションコンテスト決勝大会」参観のお知らせ,,,2026-10-25,,9:50,16:30,,【内容】小・中学生が理科自由研究や科学部の研究成果を発表し、研究内容や発表技術を競うコンテストの決勝大会,,,トップガン教育システム協議会事務局,(053)456-1331,,,浜松科学館,浜松市中央区北寺島町256-3,,34.705034,137.739694,,,,,,申込不要,https://topgun.ed.shizuoka.ac.jp/,,おしらせ,中央区,2026-08-13,,○,005123_00
221309,20260806057,静岡県,浜松市,ボウリング(12月),ボウリング(12ガツ),,2026-12-12,,10:00,12:00,12/12～3/20　土曜　全8回,"【内容】エチケットやマナーをはじめ、ボウリングの基礎や面白さを体験
【対象】小学5年生以上",8000円,,浜松市スポーツ協会,(053)411-8686,,浜松市スポーツ協会,毎日ボウル芳川,浜松市中央区四本松町460-11,,34.685657,137.766767,,あり,20人　先着順,,,"申込必要
【申込開始】2026年10月20日(火曜日)　9時00分
【方法】ホームページ",https://hamamatsu-sports.or.jp/,,スポーツ,中央区,2026-08-13,,○,
221309,20260806058,静岡県,浜松市,少林寺拳法(湖東),ショウリンジケンポウ(コトウ),,2026-12-01,,19:00,21:00,12/1～12/24　火・木曜　全8回,"【内容】準備運動、ストレッチ、基本練習、技など
【対象】5歳以上",3000円,,浜松市スポーツ協会,(053)411-8686,,浜松市スポーツ協会,遠江西道院,浜松市中央区湖東町997,,34.759468,137.668057,,あり,20人　先着順,,,"申込必要
【申込開始】2026年10月20日(火曜日)　9時00分
【方法】ホームページ",https://hamamatsu-sports.or.jp/,,スポーツ,中央区,2026-08-13,,○,
221309,20260806059,静岡県,浜松市,合気道,アイキドウ,,2026-12-01,,19:00,21:00,12/1～12/22　火曜　全4回,"【内容】真向法体操うや護身術
【対象】小学生以上",3000円,,浜松市スポーツ協会,(053)411-8686,,浜松市スポーツ協会,浜松市天竜武道館,浜松市天竜区二俣町二俣557-1,,34.872226,137.813766,,あり,20人　先着順,,,"申込必要
【申込開始】2026年10月21日(水曜日)　9時00分
【方法】ホームページ",https://hamamatsu-sports.or.jp/,,スポーツ,天竜区,2026-08-13,,○,002003_00
221309,20260806060,静岡県,浜松市,健康乗馬,ケンコウジョウバ,,2026-12-05,,8:30,10:00,初回12/5　土曜　※2回目は要相談　全2回,"【内容】馬への接し方、乗馬、下馬、発進、停止、誘導、馬の上でのバランス練習
【対象】小学生",2000円,,浜松市スポーツ協会,(053)411-8686,,浜松市スポーツ協会,HAS浜松乗馬クラブ,浜松市中央区三方原町2691,,34.789174,137.696846,,あり,20人　先着順,,,"申込必要
【申込開始】2026年10月20日(火曜日)　9時00分
【方法】ホームページ",https://hamamatsu-sports.or.jp/,,スポーツ,中央区,2026-08-13,,○,
221309,20260806061,静岡県,浜松市,楽しく学べるレスリング,タノシクマナベルレスリング,,2026-12-04,,19:00,21:00,12/4～12/25　金曜　全4回,"【内容】マット運動、縄跳び、柔軟体操、レスリングの基本練習
【対象】小学生以上",3000円,,浜松市スポーツ協会,(053)411-8686,,浜松市スポーツ協会,笠井柔道館内,浜松市中央区中郡町72,,34.776210,137.784267,,あり,20人　先着順,,,"申込必要
【申込開始】2026年10月22日(木曜日)　9時00分
【方法】ホームページ",https://hamamatsu-sports.or.jp/,,スポーツ,中央区,2026-08-13,,○,
221309,20260806062,静岡県,浜松市,飛込体験(12月),トビコミタイケン(12ガツ),,2026-12-01,,18:00,20:00,12/1～12/22　火・木曜　全4回,"【内容】陸上でのトレーニング、足からの飛込、頭からの飛込、台からの飛込に挑戦
【対象】小学生
【条件】20m泳げること",2800円,,浜松市スポーツ協会,(053)411-8686,,浜松市スポーツ協会,"古橋廣之進記念浜松市総合水泳場 ToBiO",浜松市中央区篠原町23982番地の1,,34.675306,137.670686,,あり,20人　先着順,,,"申込必要
【申込開始】2026年10月16日(金曜日)　9時00分
【方法】ホームページ",https://hamamatsu-sports.or.jp/,,スポーツ,中央区,2026-08-13,,○,001431_00
221309,20260806063,静岡県,浜松市,アーティスティックスイミング(12月),アーティスティックスイミング(12ガツ),,2026-12-14,,18:45,20:00,12/14～12/21　月曜　全2回,"【内容】ダイビングプールで音楽に合わせて楽しく泳ぐ
【対象】小学生
【条件】25m泳げること",2000円,,浜松市スポーツ協会,(053)411-8686,,浜松市スポーツ協会,"古橋廣之進記念浜松市総合水泳場 ToBiO",浜松市中央区篠原町23982番地の1,,34.675306,137.670686,,あり,20人　先着順,,,"申込必要
【申込開始】2026年10月16日(金曜日)　9時00分
【方法】ホームページ",https://hamamatsu-sports.or.jp/,,スポーツ,中央区,2026-08-13,,○,001431_00
221309,20260806064,静岡県,浜松市,ジョギング,ジョギング,,2026-11-22,,8:00,10:00,当日は直接会場まで,"【内容】初心者へ注意事項説明、指導者と記録走(3㎞、5㎞、10㎞)(伴走)、記録走の結果及び講評、指導者レース体験発表
【対象】小学生以上～一般",200円,年度初回のみ,浜松市レクリエーション協会,(053)411-8686,,浜松市スポーツ協会,佐鳴湖公園　ひょうたん池駐車場,浜松市中央区大平台,,34.713810,137.688393,,あり,30人　先着順,,,"申込不要
直接会場までお越しください",,,スポーツ,中央区,2026-08-13,,,
221309,20260806065,静岡県,浜松市,【講演会】スポーツ健康相談講演会「スポーツと栄養」,スポーツケンコウソウダンコウエンカイ「スポーツトエイヨウ」,,2026-11-28,,15:00,16:30,,"【内容】スポーツと栄養について
【対象】中学生以上
【講師】河合明音先生(公認スポーツ栄養士)",0円,,浜松アリーナ,(053)461-1111,,指定管理者　(公財)浜松市スポーツ協会グループ,浜松アリーナ,浜松市中央区和田町808-1,,34.718016,137.766559,,あり(1回200円),30人　先着順,,,"申込必要
【申込開始】2026年10月15日(木曜日)　9時00分
【方法】窓口",https://hamamatsu-arena.jp,,けんこう,中央区,2026-08-13,,○,002326_00
221309,20260806066,静岡県,浜松市,わんぱくスポーツクラブ,ワンパクスポーツクラブ,,2026-12-14,,16:00,17:00,"12/14 全1回","【内容】運動の基礎づくりとなる動きを取り入れた体操など
【対象】年少",1000円,傷害保険料含,浜松アリーナ,(053)461-1111,,指定管理者　(公財)浜松市スポーツ協会グループ,浜松アリーナ,浜松市中央区和田町808-1,,34.718016,137.766559,,あり(1回200円),10人　先着順,,,"申込必要
【申込開始】2026年10月30日(金曜日)　9時00分
【方法】窓口／電話((053)461-1111)",https://hamamatsu-arena.jp,,スポーツ,中央区,2026-08-13,,○,002326_00
221309,20260806067,静岡県,浜松市,キッズ陸上((1)前半),キッズリクジョウ(ゼンハン),,2026-12-12,,17:00,17:45,12月12日～2月27日(土曜・全10回),"【内容】「走る」を中心に「投げる」「跳ぶ」の基本動作を楽しく学ぼう。
【対象】年中～小学2年生",15000円,傷害保険料含む,サーラグリーンアリーナ,(053)585-1222,,指定管理者　(公財)浜松市スポーツ協会グループ,浜松市浜北平口サッカー場（サーラグリーンフィールド）,浜松市浜名区平口3071番地の1,,34.798052,137.759778,,あり,80人　先着順,2026-12-02,,"申込必要
【申込開始】2026年11月11日(水曜日)　9時00分
【方法】ホームページ
Web申込締切後、定員に達していなければ電話申込可",https://hamamatsu-sports.or.jp/,,スポーツ,浜名区,2026-08-13,,○,002489_02
221309,20260806068,静岡県,浜松市,キッズ陸上((2)後半),キッズリクジョウ(コウハン),,2026-12-12,,18:00,18:45,12月12日～2月27日(土曜・全10回),"【内容】「走る」を中心に「投げる」「跳ぶ」の基本動作を楽しく学ぼう。
【対象】小学3～6年生",15000円,傷害保険料含む,サーラグリーンアリーナ,(053)585-1222,,指定管理者　(公財)浜松市スポーツ協会グループ,浜松市浜北平口サッカー場（サーラグリーンフィールド）,浜松市浜名区平口3071番地の1,,34.798052,137.759778,,あり,80人　先着順,2026-12-02,,"申込必要
【申込開始】2026年11月11日(水曜日)　9時00分
【方法】ホームページ
Web申込締切後、定員に達していなければ電話申込可",https://hamamatsu-sports.or.jp/,,スポーツ,浜名区,2026-08-13,,○,002489_02
221309,20260806069,静岡県,浜松市,HIPHOPダンス(1)年中・年長,ヒップホップダンス(ネンチュウ・ネンチョウ),,2026-12-07,,15:30,16:30,12月7日～3月15日(月曜・全14回),"【内容】初心者向けダンス教室。楽しく踊りましょう
【対象】年中・年長",12000円,傷害保険料含む,サーラグリーンアリーナ,(053)585-1222,,指定管理者　(公財)浜松市スポーツ協会グループ,浜松市浜北総合体育館（サーラグリーンアリーナ）,浜松市浜名区平口5042-133,,34.798113,137.758233,,あり,15人　先着順,,,"申込必要
【申込開始】2026年11月12日(木曜日)　10時00分
【方法】窓口／電話((053)585-1222)",https://hamamatsu-sports.or.jp/,,スポーツ,浜名区,2026-08-13,,○,002489_01
221309,20260806070,静岡県,浜松市,キッズダンス(1)年少～年長,ジャズダンス(1)ネンショウ～ネンチョウ,,2026-12-08,,15:30,16:30,12月8日～3月23日(火曜・全14回),"【内容】初心者向けダンス教室。ジャズダンスを中心にその他ジャンルの動きを取り入れたダンスで楽しく身体を動かそう。
【対象】年少～年長",12000円,傷害保険料含む,サーラグリーンアリーナ,(053)585-1222,,指定管理者　(公財)浜松市スポーツ協会グループ,浜松市浜北総合体育館（サーラグリーンアリーナ）,浜松市浜名区平口5042-133,,34.798113,137.758233,,あり,15人　先着順,,,"申込必要
【申込開始】2026年11月12日(木曜日)　10時00分
【方法】窓口／電話((053)585-1222)",https://hamamatsu-sports.or.jp/,,スポーツ,浜名区,2026-08-13,,○,002489_01
221309,20260806071,静岡県,浜松市,キッズダンス(2)小学1～3年,ジャズダンス(2)ショウガク1～3ネン,,2026-12-08,,16:40,17:40,12月8日～3月23日(火曜・全14回),"【内容】初心者向けダンス教室。ジャズダンスを中心にその他ジャンルの動きを取り入れたダンスで楽しく身体を動かそう。
【対象】小学1～3年生",12000円,傷害保険料含む,サーラグリーンアリーナ,(053)585-1222,,指定管理者　(公財)浜松市スポーツ協会グループ,浜松市浜北総合体育館（サーラグリーンアリーナ）,浜松市浜名区平口5042-133,,34.798113,137.758233,,あり,15人　先着順,,,"申込必要
【申込開始】2026年11月12日(木曜日)　10時00分
【方法】窓口／電話((053)585-1222)",https://hamamatsu-sports.or.jp/,,スポーツ,浜名区,2026-08-13,,○,002489_01
221309,20260806072,静岡県,浜松市,キッズダンス(3)小学3～6年,ジャズダンス(3)ショウガク3～6ネン,,2026-12-08,,17:50,18:50,12月8日～3月23日(火曜・全14回),"【内容】初心者向けダンス教室。ジャズダンスを中心にその他ジャンルの動きを取り入れたダンスで楽しく身体を動かそう。
【対象】小学3～6年生",12000円,傷害保険料含む,サーラグリーンアリーナ,(053)585-1222,,指定管理者　(公財)浜松市スポーツ協会グループ,浜松市浜北総合体育館（サーラグリーンアリーナ）,浜松市浜名区平口5042-133,,34.798113,137.758233,,あり,15人　先着順,,,"申込必要
【申込開始】2026年11月12日(木曜日)　10時00分
【方法】窓口／電話((053)585-1222)",https://hamamatsu-sports.or.jp/,,スポーツ,浜名区,2026-08-13,,○,002489_01
221309,20260806073,静岡県,浜松市,ジャズダンス(4)中学生～一般,ジャズダンス(4)チュウガクセイ～イッパン,,2026-12-08,,20:00,21:00,12月8日～3月23日(火曜・全14回),"【内容】初心者向けジャズダンス教室。聞きなじみのある曲で楽しく踊りましょう
【対象】中学1年～一般",12000円,傷害保険料含む,サーラグリーンアリーナ,(053)585-1222,,指定管理者　(公財)浜松市スポーツ協会グループ,浜松市浜北総合体育館（サーラグリーンアリーナ）,浜松市浜名区平口5042-133,,34.798113,137.758233,,あり,15人　先着順,,,"申込必要
【申込開始】2026年11月12日(木曜日)　10時00分
【方法】窓口／電話((053)585-1222)",https://hamamatsu-sports.or.jp/,,スポーツ,浜名区,2026-08-13,,○,002489_01
221309,20260806074,静岡県,浜松市,テーマパークジャズ(1)年少～年長,テーマパークジャズ(1)ネンショウ～ネンチョウ,,2026-12-09,,15:30,16:30,12月9日～3月17日(水曜・全14回),"【内容】初心者向けジャズダンス教室。テーマパーク曲やJ-POPで楽しく踊りましょう
【対象】年少～年長",12000円,傷害保険料含む,サーラグリーンアリーナ,(053)585-1222,,指定管理者　(公財)浜松市スポーツ協会グループ,浜松市浜北総合体育館（サーラグリーンアリーナ）,浜松市浜名区平口5042-133,,34.798113,137.758233,,あり,15人　先着順,,,"申込必要
【申込開始】2026年11月12日(木曜日)　10時00分
【方法】窓口／電話((053)585-1222)",https://hamamatsu-sports.or.jp/,,スポーツ,浜名区,2026-08-13,,○,002489_01
221309,20260806075,静岡県,浜松市,テーマパークジャズ(2)小学1～3年,テーマパークジャズ(2)ショウガク1～3ネン,,2026-12-09,,16:40,17:40,12月9日～3月17日(水曜・全14回),"【内容】初心者向けジャズダンス教室。テーマパーク曲やJ-POPで楽しく踊りましょう
【対象】小学1～3年生",12000円,傷害保険料含む,サーラグリーンアリーナ,(053)585-1222,,指定管理者　(公財)浜松市スポーツ協会グループ,浜松市浜北総合体育館（サーラグリーンアリーナ）,浜松市浜名区平口5042-133,,34.798113,137.758233,,あり,15人　先着順,,,"申込必要
【申込開始】2026年11月12日(木曜日)　10時00分
【方法】窓口／電話((053)585-1222)",https://hamamatsu-sports.or.jp/,,スポーツ,浜名区,2026-08-13,,○,002489_01
221309,20260806076,静岡県,浜松市,キッズフィールドスポーツ(小学1～4年),キッズフィールドスポーツ(ショウガク1～4ネン),,2026-10-28,,16:00,17:00,10月28日～12月16日(水曜・全7回),"【内容】サッカー・ドッジボール等の球技やかけっこで楽しく体力つくり
【対象】小学1～4年生",6000円,傷害保険料含む,サーラグリーンアリーナ,(053)585-1222,,指定管理者　(公財)浜松市スポーツ協会グループ,浜松市浜北平口サッカー場（サーラグリーンフィールド）,浜松市浜名区平口3071番地の1,,34.798052,137.759778,,あり,20人　先着順,,,"申込必要
【申込開始】2026年10月15日(木曜日)　10時00分
【方法】窓口／電話((053)585-1222)",https://hamamatsu-sports.or.jp/,,スポーツ,浜名区,2026-08-13,,○,002489_02
221309,20260806077,静岡県,浜松市,K-POPダンス(小学1～3年),ケーポップダンス(1)ショウガク1～3ネン,,2026-12-03,,16:40,17:40,12月3日～3月18日(木曜・全14回),"【内容】初級者向けダンス教室。メンズK-POP曲で楽しく踊りましょう
【対象】小学1～3年生",12000円,傷害保険料含む,浜北体育館,(053)585-1173,,指定管理者　(公財)浜松市スポーツ協会グループ,浜松市浜北体育館,浜松市浜名区西美薗29,,34.793814,137.789980,,あり,15人　先着順,,,"申込必要
【申込開始】2026年11月12日(木曜日)　10時00分
【方法】窓口／電話((053)585-1173)",https://hamamatsu-sports.or.jp/,,スポーツ,浜名区,2026-08-13,,○,002408_00
221309,20260806078,静岡県,浜松市,不登校の子が自由に”ホッ”と楽しく過ごせる場【11月】,フトウコウノコガジユウニ”ホッ”トタノシクスゴセルバ,,2026-11-27,,10:00,12:00,,"【内容】不登校児と保護者を対象に、体を動かしたりボードゲームしたりと、のんびり過ごす中で地域の方や異年齢交流を図りましょう
【対象】不登校の小中学生と保護者",1000円,傷害保険料含む,サーラグリーンアリーナ,(053)585-1222,,指定管理者　(公財)浜松市スポーツ協会グループ,浜松市浜北総合体育館（サーラグリーンアリーナ）,浜松市浜名区平口5042-133,,34.798113,137.758233,,あり,20人　先着順　10組20名程度,,,"申込必要
【申込開始】2026年10月24日(土曜日)　9時00分
【方法】E-mail(allformam514@gmail.com)
当日申込でも可",https://hamamatsu-sports.or.jp/,,イベント,浜名区,2026-08-13,,○,002489_01
221309,20260806079,静岡県,浜松市,"杉山良雄　秋葉街道画展― 信仰の道のおもかげをたどる ―",スギヤマヨシオ　アキハカイドウガテン　シンコウノミチノオモカゲヲタドル,,2026-10-23,2026-12-20,9:00,17:00,月曜日は休館,"【内容】江戸時代、全国に流行した秋葉信仰の中心地であり、現在も火防の御利益で知られる秋葉山。太平の世を迎えた江戸時代、人々が恐れたものの一つに火災がありました。大勢の人が遠方各地から御利益を求めて秋葉山を目指し、参詣道は旅人をもてなす宿屋や茶屋で賑わい、各地の道の辻には石の道しるべや秋葉山の常夜燈が建てられました。
この展覧会では、かつての秋葉街道の風景を故・杉山良雄氏の作品と文章をとおしてたどります。",0円,無料,文化財課,(053)457-2466,,浜松市文化財課,浜松市地域遺産センター,浜松市浜名区引佐町井伊谷616-5,,34.834528,137.669707,,,,,,申込不要,https://www.city.hamamatsu.shizuoka.jp/bunkazai/event/20261023-1220akiha.html,,イベント,浜名区,2026-08-13,,○,005055_00
221309,20260806080,静岡県,浜松市,講演会「江戸時代の秋葉街道」,コウエンカイ　エドジダイノアキハカイドウ,,2026-11-22,,14:00,15:30,,"【内容】講師に坪井俊三氏(浜松市文化財保護審議会委員)をお迎えし、「江戸時代の秋葉街道」と題した講演会を開催します。
【講師】講師:坪井俊三氏(浜松市文化財保護審議会委員)
【出演・演目など】「江戸時代の秋葉街道」",0円,無料,文化財課,(053)457-2466,,浜松市文化財課,引佐支所,浜松市浜名区引佐町井伊谷616-5,,34.834554,137.670504,,,,2026-11-11,17:15,"申込必要
【締切】締切
【申込開始】2026年10月20日(火曜日)　8時30分
【方法】ホームページ
専用フォーム",https://logoform.jp/form/Savd/1698689,,イベント,浜名区,2026-08-13,,○,004483_00
221309,20260806081,静岡県,浜松市,特別展　猫愛に包まれる―秋野不矩から現代作家による猫たち―,トクベツテン　ネコアイニツツマレル　アキノフクカラゲンダイサッカニヨルネコタチ,,2026-10-10,2026-11-23,9:30,17:00,入館は16:30まで,【対象】全員,,"観覧料:大人1000円、70歳以上・大学生・専門学校生・高校生500円、中学生以下および障害者手帳等所持者とその介護者 無料",浜松市秋野不矩美術館,(053)922-0315,,浜松市,浜松市秋野不矩美術館,浜松市天竜区二俣町二俣130,,34.864797,137.819398,,無料駐車場あり,,,,申込不要,https://akinofuku-museum.jp,,イベント,天竜区,2026-08-13,,,001172_00
221309,20260806082,静岡県,浜松市,第74回市展作品募集,ダイナナジュウヨンカイシテンサクヒンボシュウ,,2027-01-23,,10:00,14:00,12:00～13:00は休憩。,"【内容】優れた作品に大賞等が授与されます。入選以上の作品は2月11日(木)～3月12日(金)まで浜松市美術館に展示されます。
【対象】絵画・写真部門のみ
【条件】市内に在住または通勤・通学する15歳以上の方(中学生は除く)で、本展募集要項のすべてに承諾できる方。",,,浜松市美術館,(053)454-6801,,浜松市,二俣ふれあいセンター,浜松市天竜区二俣町二俣184-32,,34.864436,137.817703,,,,2027-01-16,17:00,"申込必要
【締切】締切
【申込開始】2026年12月01日(火曜日)　10時00分
【方法】ホームページ
詳細は市展募集要項(HPに10月上旬掲載予定)で確認。HPおよび募集要項に掲載の専用フォームから、事前申し込みが必須。事前申し込みのしていない作品の搬入は受け付けできません。",https://www.city.hamamatsu.shizuoka.jp/artmuse/,,おしらせ,天竜区,2026-08-13,,,004523_00
221309,20260806083,静岡県,浜松市,第74回市展作品募集,ダイナナジュウヨンカイシテンサクヒンボシュウ,,2027-01-23,,13:00,15:00,,"【内容】優れた作品に大賞等が授与されます。入選以上の作品は2月11日(木)～3月12日(金)まで浜松市美術館に展示されます。
【対象】全部門(業者・団体搬入)
【条件】市内に在住または通勤・通学する15歳以上の方(中学生は除く)で、本展募集要項のすべてに承諾できる方。",,,浜松市美術館,(053)454-6801,,浜松市,浜松市美術館,浜松市中央区松城町100-1,,34.711967,137.723557,,,,2027-01-16,17:00,"申込必要
【締切】締切
【申込開始】2026年12月01日(火曜日)　10時00分
【方法】ホームページ
詳細は市展募集要項(HPに10月上旬掲載予定)で確認。HPおよび募集要項に掲載の専用フォームから、事前申し込みが必須。事前申し込みのしていない作品の搬入は受け付けできません。",https://www.city.hamamatsu.shizuoka.jp/artmuse/,,おしらせ,中央区,2026-08-13,,,002341_00
221309,20260806084,静岡県,浜松市,第74回市展作品募集,ダイナナジュウヨンカイシテンサクヒンボシュウ,,2027-01-24,,10:00,15:00,12:00～13:00は休憩。,"【内容】優れた作品に大賞等が授与されます。入選以上の作品は2月11日(木)～3月12日(金)まで浜松市美術館に展示されます。
【対象】全部門(個人)
【条件】市内に在住または通勤・通学する15歳以上の方(中学生は除く)で、本展募集要項のすべてに承諾できる方。",,,浜松市美術館,(053)454-6801,,浜松市,浜松市美術館,浜松市中央区松城町100-1,,34.711967,137.723557,,,,2027-01-16,17:00,"申込必要
【締切】締切
【申込開始】2026年12月01日(火曜日)　10時00分
【方法】ホームページ
詳細は市展募集要項(HPに10月上旬掲載予定)で確認。HPおよび募集要項に掲載の専用フォームから、事前申し込みが必須。事前申し込みのしていない作品の搬入は受け付けできません。",https://www.city.hamamatsu.shizuoka.jp/artmuse/,,おしらせ,中央区,2026-08-13,,,002341_00
221309,20260806085,静岡県,浜松市,新美術館構想市民ワークショップの開催,,,2026-10-31,,13:00,16:00,,"【内容】市民の意見を基本構想の理念や事業活動等に反映することを目的に、館内見学と「新美術館でやってみたいこと」「求める美術館の役割」をテーマとしたワークショップを行います。
【対象】市内在住の方
【その他】申込方法は、市ホームページで確認",,無料(展覧会チケットはワークショップ参加特典),浜松市美術館,(053)454-6801,454-6801,浜松市,浜松市美術館,浜松市中央区松城町100-1,,34.711967,137.723557,,,30人　先着順,2026-10-23,17:15,"申込必要
【締切】締切
【申込開始】2026年10月05日(月曜日)　12時00分",https://www.city.hamamatsu.shizuoka.jp/artmuse,,おしらせ,中央区,2026-08-13,,,002341_00
221309,20260806086,静岡県,浜松市,新美術館構想親子ワークショップの開催,,,2026-11-03,,14:00,16:00,,"【内容】親子で美術館を利用する際のニーズを美術館整備に反映することを目的に、館内見学と、「子供のやってみたいこと」と「保護者のお出かけニーズ」をテーマとしたワークショップを行います。
【対象】市内在住の親子
【条件】(小学校中学年程度とその保護者)
【その他】申込方法は、市ホームページで確認",,無料(展覧会チケットはワークショップ参加特典),浜松市美術館,(053)454-6801,454-6801,浜松市,浜松市美術館,浜松市中央区松城町100-1,,34.711967,137.723557,,,24人　抽選　親子12組,2026-10-27,17:15,"申込必要
【締切】締切
【申込開始】2026年10月05日(月曜日)　12時00分",https://www.city.hamamatsu.shizuoka.jp/artmuse,,おしらせ,中央区,2026-08-13,,,002341_00
221309,20260806087,静岡県,浜松市,郷土研究講座　講師と読み解く地域の古文書とその背景(全2回),キョウドケンキュウコウザ　コウシトヨミトクチイキノコモンジョトソノハイケイ(ゼンニカイ),,2026-11-21,,14:00,15:30,11月21日～11月28日の毎週土曜日(全2回),"【内容】浜松ゆかりの史料を用いて、古文書の解読とその歴史背景についてご紹介します。
【対象】どなたでも
【講師】坪井俊三さん(元浜松市史編さん執筆委員)",,,中央図書館,(053)457-2618,,中央図書館,浜松市立中央図書館,浜松市中央区松城町214番地の21,,34.709665,137.725399,,,30人　抽選,2026-11-05,,"申込必要
【方法】郵送(430-0947　中央区松城町214番地の21　中央図書館)／ホームページ
往復はがき、Web申込(Webフォーム)のいずれか。【往復はがき】(1)講座名(2)氏名(ふりがな)(3)郵便番号(4)住所(5)電話番号、返信用に宛名を記入し、中央図書館(〒430-0947 浜松市中央区松城町214-21)へ。11月5日(木)必着。はがきは1人1 通まで。【Webフォーム】11月5日(木)までにWebにて必要事項を入力。入力後、入力したメールアドレスに受付完了メールを送信※図書館HP「郷土研究講座」の「Webフォーム」のリンクから入力が可能。",https://www.lib-city-hamamatsu.jp/access/chuo/event/chuo_kyoudokenkyu_komonjo_2026.html,,講座・教室,中央区,2026-08-13,,,001861_00
221309,20260806088,静岡県,浜松市,あかちゃんのための絵本講座,アカチャンノタメノエホンコウザ,,2026-11-08,,10:30,11:30,,"【内容】絵本の読み聞かせ、わらべうた遊びの実演、絵本の選び方などの講話
【対象】令和7年4月1日以後に生まれた子を持つ保護者
【条件】子ども連れの参加も可能(ただし託児はなし)、妊娠中の人の参加も可能
【講師】図書館職員",,,浜松市立中央図書館,(053)456-0234,,浜松市立中央図書館,浜松市立はまゆう図書館,浜松市中央区大人見町1750-394,,34.737857,137.657554,,,10人　先着順,,,"申込必要
【申込開始】2026年10月15日(木曜日)　9時00分
【方法】ホームページ
LoGoフォームによるweb受付",https://www.lib-city-hamamatsu.jp/service/jidou/picturebook/baby_2026_02.html,,こそだて,中央区,2026-08-13,,○,000110_00
221309,20260806089,静岡県,浜松市,あかちゃんのための絵本講座,アカチャンノタメノエホンコウザ,,2026-11-12,,10:30,11:30,,"【内容】絵本の読み聞かせ、わらべうた遊びの実演、絵本の選び方などの講話
【対象】令和7年4月1日以後に生まれた子を持つ保護者
【条件】子ども連れの参加も可能(ただし託児はなし)、妊娠中の人の参加も可能
【講師】図書館職員",,,浜松市立中央図書館,(053)456-0234,,浜松市立中央図書館,浜松市立浜北図書館,浜松市浜名区貴布祢3000,,34.791673,137.783232,,,10人　先着順,,,"申込必要
【申込開始】2026年10月15日(木曜日)　9時00分
【方法】ホームページ
LoGoフォームによるweb受付",https://www.lib-city-hamamatsu.jp/service/jidou/picturebook/baby_2026_02.html,,こそだて,浜名区,2026-08-13,,○,000106_01
221309,20260806090,静岡県,浜松市,あかちゃんのための絵本講座,アカチャンノタメノエホンコウザ,,2026-11-16,,14:30,15:30,,"【内容】絵本の読み聞かせ、わらべうた遊びの実演、絵本の選び方などの講話
【対象】令和7年4月1日以後に生まれた子を持つ保護者
【条件】子ども連れの参加も可能(ただし託児はなし)、妊娠中の人の参加も可能
【講師】図書館職員",,,浜松市立中央図書館,(053)456-0234,,浜松市立中央図書館,浜松市立中央図書館,浜松市中央区松城町214番地の21,,34.709665,137.725399,,,10人　先着順,,,"申込必要
【申込開始】2026年10月15日(木曜日)　9時00分
【方法】ホームページ
LoGoフォームによるweb受付",https://www.lib-city-hamamatsu.jp/service/jidou/picturebook/baby_2026_02.html,,こそだて,中央区,2026-08-13,,○,001861_00
221309,20260806091,静岡県,浜松市,あかちゃんのための絵本講座,アカチャンノタメノエホンコウザ,,2026-11-20,,10:30,11:30,,"【内容】絵本の読み聞かせ、わらべうた遊びの実演、絵本の選び方などの講話
【対象】令和7年4月1日以後に生まれた子を持つ保護者
【条件】子ども連れの参加も可能(ただし託児はなし)、妊娠中の人の参加も可能
【講師】図書館職員",,,浜松市立中央図書館,(053)456-0234,,浜松市立中央図書館,浜松市立西図書館,浜松市中央区西伊場町52-17,,34.697643,137.702293,,,10人　先着順,,,"申込必要
【申込開始】2026年10月15日(木曜日)　9時00分
【方法】ホームページ
LoGoフォームによるweb受付",https://www.lib-city-hamamatsu.jp/service/jidou/picturebook/baby_2026_02.html,,こそだて,中央区,2026-08-13,,○,001583_00
221309,20260806092,静岡県,浜松市,図書館で学ぶいきいき健康講座「いま、知っておきたい認知症予防」,トショカンデマナブイキイキケンコウコウザ　イマシッテオキタイニンチショウヨボウ,,2026-11-28,,14:00,15:30,,"【内容】作業療法士から認知症予防の講義と簡単なエクササイズの紹介
【対象】一般",,,積志図書館,(053)435-0744,,積志図書館・高齢者福祉課,浜松市立積志図書館,浜松市中央区積志町1819,,34.769767,137.761581,,あり,20人　先着順,,,"申込必要
【申込開始】2026年10月29日(木曜日)　9時00分
【方法】窓口／電話((053)435-0744)
定員に達し次第受付終了",https://www.lib-city-hamamatsu.jp/osirase/2026_kenkokouza.html,,講座・教室,中央区,2026-08-13,,×,001639_00
221309,20260806093,静岡県,浜松市,"市民公開講座「今を生きる僕の""たしなみ""」","シミンコウカイコウザ「イマヲイキルボクノ""タシナミ""」",,2026-11-22,,11:00,15:00,11:00から地域の物産販売やセニアカー試乗、健康チェックのブースがあります。,"【内容】講師に髙嶋弘之さんをお招きし、これまで手掛けたヒット作やアーティストについてのお話を聞きながら、今後の人生の歩み方を一緒に考えてみませんか。
【対象】市内在住
【講師】音楽プロデューサー　髙嶋弘之氏",,,地域包括支援センター細江,(053)528-2288,,引佐郡医師会,浜松市みをつくし文化センター,浜松市浜名区細江町気賀369,大ホール,34.806923,137.651116,,あり,200人　先着順,2026-11-21,,"申込必要
【申込開始】2026年10月15日(木曜日)　
【方法】電話
QRコード読み取り https://forms.gle/4269eofUsJbn1ieEA",https://www.city.hamamatsu.shizuoka.jp/kourei/20171112shika-kouenkai.html,,イベント,浜名区,2026-08-13,2026-09-07,,000937_00
221309,20260806094,静岡県,浜松市,福祉の就職相談会,フクシノシュウショクソウダンカイ,,2026-11-18,,9:45,11:45,,"【内容】福祉事業所との個別相談(職務内容や雇用条件等)、冊子の配布
【対象】福祉職に興味のある方
【その他】※参加事業所1か所以上と相談した雇用保険受給中の方は、求職活動の一貫となります。",,,浜松市福祉人材バンク,(053)458-9205,,,浜松市福祉交流センター,浜松市中央区成子町140-8,,34.700201,137.728214,,,,,,申込不要,http://www.hamamatsu-syakyou.jp/person/,,そうだん,中央区,2026-08-13,,,002342_00
221309,20260806095,静岡県,浜松市,就職ガイダンス,シュウショクガイダンス,,2026-11-18,,9:15,9:45,,"【内容】福祉職につくにあたっての心がまえや求人事業者との面接時に役立つ情報等の提供
【対象】福祉職に興味のある方",,,浜松市福祉人材バンク,(053)458-9205,,,浜松市福祉交流センター,浜松市中央区成子町140-8,,34.700201,137.728214,,,20人,2026-11-17,17:00,"申込必要
【方法】窓口／電話((053)458-9205)／FAX((053)453-0716)／E-mail(hamajinzai@aroma.ocn.ne.jp)",http://www.hamamatsu-syakyou.jp/person/,,そうだん,中央区,2026-08-13,,,002342_00
221309,20260806096,静岡県,浜松市,介護のDVD視聴会,カイゴノデーブイデーシチョウカイ,,2026-11-18,,10:00,12:00,,"【内容】介護のDVD視聴会
【対象】福祉職に興味のある方",,,浜松市福祉人材バンク,(053)458-9205,,,浜松市福祉交流センター,浜松市中央区成子町140-8,,34.700201,137.728214,,,,,,申込不要,http://www.hamamatsu-syakyou.jp/person/,,そうだん,中央区,2026-08-13,,,002342_00
221309,20260806097,静岡県,浜松市,人権いきいき市民講座「デートDVって何？」,,,2026-11-21,,14:00,15:30,,"【内容】人権いきいき市民講座第1回
【講師】浜松市人権擁護委員　下石精子",,,人権啓発センター（日曜・祝日休館、臨時休館日:11月16日（月））,(053)457-2031,,,クリエート浜松,浜松市中央区早馬町2-1,,34.710326,137.733836,,駐車場はありませんので公共交通機関をご利用ください。,30人　先着順,,,"申込必要
【申込開始】2026年10月15日(木曜日)　
【方法】電話((053)457-2031)／ホームページ",https://www.city.hamamatsu.shizuoka.jp/jinken/hrights/human/index.html,,講座・教室,中央区,2026-08-13,,,004149_00
221309,20260806098,静岡県,浜松市,親子・陶芸教室(干支(えと)の置物),オヤコ・トウゲイキョウシツ(エトノオキモノ),,2026-11-01,,10:00,11:30,,"【内容】親子で来年の干支(ひつじ)の置物を作る
【対象】市内在住の未就学児～小学2年生とその保護者
【講師】間淵由可
【その他】持物:エプロン、ハンドタオル、フェイスタオルサイズの雑巾、室内用の履物",,"材料費親子1組1,300円",ふれあい交流センターいたや,(053)413-5570,,,浜松市ふれあい交流センターいたや,浜松市中央区板屋町596,いきいきプラザ中央1階,34.707486,137.736947,,なし(公共交通機関をご利用ください。),8人　抽選　親子8組。応募者多数の場合は抽選。受講決定者のみに電話で連絡します。,2026-10-21,16:30,"申込必要
【締切】締切
【申込開始】2026年10月07日(水曜日)　9時00分
【方法】窓口／電話((053)413-5570)／E-mail(csw-itaya@major.ocn.ne.jp)",https://www.hamamatsu-syakyou.jp/,9/25社協ホームページ参加者募集,講座・教室,中央区,2026-08-13,,○,005426_00
221309,20260806099,静岡県,浜松市,小学生・陶芸教室(干支(えと)の置物),ショウガクセイ・トウゲイキョウシツ(エトノオキモノ),,2026-11-01,,13:00,14:30,,"【内容】来年の干支(ひつじ)の置物を作る
【対象】市内在住の小学3年生～小学6年生
【講師】間淵由可
【その他】持物:エプロン、ハンドタオル、フェイスタオルサイズの雑巾、室内用の履物",,"材料費　1,300円",ふれあい交流センターいたや,(053)413-5570,,,浜松市ふれあい交流センターいたや,浜松市中央区板屋町596,いきいきプラザ中央1階,34.707486,137.736947,,なし(公共交通機関をご利用ください。),16人　抽選　応募者多数の場合は抽選。受講決定者のみに電話で連絡します。,2026-10-21,16:30,"申込必要
【締切】締切
【申込開始】2026年10月07日(水曜日)　9時00分
【方法】窓口／電話((053)413-5570)／E-mail(csw-itaya@major.ocn.ne.jp)",https://www.hamamatsu-syakyou.jp/,9/25社協ホームページ参加者募集,講座・教室,中央区,2026-08-13,,○,005426_00
221309,20260806100,静岡県,浜松市,旬の食材を使った免疫力アップ料理　全2回,シュンノショクザイヲツカッタメンエキリョクアップリョウリ　ゼン2カイ,,2026-11-19,,10:00,12:00,"11月19日(木)、12月17日(木) 全2回","【内容】メニュー:11月19日:鮭ときのこのパスタ、季節の蒸し野菜、根菜スープ、紅茶のゼリー　12月17日:手羽元オーブン焼き、じゃがいものポタージュ、きのこマリネ、焼きりんご
【対象】市内にお住まいの60歳以上の方
【講師】丸井智美(管理栄養士)
【その他】持ち物:エプロン・三角巾(バンダナ)・布巾二枚・ハンドタオル・筆記用具",1700円,材料費として(2回分),ふれあい交流センター萩原,(053)439-4178,,,浜松市ふれあい交流センター萩原,浜松市中央区初生町1,,34.754588,137.733052,,普通車92台軽自動車14台,7人　抽選　応募者多数の場合は抽選,2026-10-31,16:30,"申込必要
【締切】締切
【申込開始】2026年10月10日(土曜日)　9時00分
【方法】窓口／電話((053)439-4178)／FAX((053)439-4178)／ホームページ",https://www.hamamatsu-syakyou.jp/,9/25掲載予定,講座・教室,中央区,2026-08-13,,×,005436_00
221309,20260806101,静岡県,浜松市,歯医者さんのお料理教室,ハイシャサンノオリョウリキョウシツ,,2026-11-21,,10:00,12:00,,"【内容】メニュー:包まない！かみかみシュウマイ、秋の炊き込みおにぎり
【対象】市内にお住まいの小学3年生～中学生(保護者様見学可)
【講師】わくだ歯科(管理栄養士)
【その他】持ち物:エプロン・三角巾(バンダナ)・布巾二枚・ハンドタオル・筆記用具",650円,材料費として,ふれあい交流センター萩原,(053)439-4178,,,浜松市ふれあい交流センター萩原,浜松市中央区初生町1,,34.754588,137.733052,,普通車92台軽自動車14台,7人　抽選　応募者多数の場合は抽選,2026-11-07,16:30,"申込必要
【締切】締切
【申込開始】2026年10月17日(土曜日)　9時00分
【方法】窓口／電話((053)439-4178)／FAX((053)439-4178)／ホームページ",https://www.hamamatsu-syakyou.jp/,9/25掲載予定,講座・教室,中央区,2026-08-13,,○,005436_00
221309,20260806102,静岡県,浜松市,そば打ち体験講座　2コース,ソバウチタイケンコウザ　2コース,,2026-12-02,,,,"12月2日(水) 10:00～12:00、13:30～15:30　の2コース","【内容】粉をこねるところから始めて、切るまでの工程を楽しめる体験講座です
【対象】市内にお住まいの60歳以上の方
【講師】金森徳之
【その他】持ち物:エプロン・三角巾(バンダナ)・タオル・大きめのタッパー(お持ち帰り用)、飲み物　※爪の手入れをしておいてください",1200円,材料費として(1コース分),ふれあい交流センター萩原,(053)439-4178,,,浜松市ふれあい交流センター萩原,浜松市中央区初生町1,,34.754588,137.733052,,普通車92台軽自動車14台,10人　抽選　応募者多数の場合は抽選,2026-11-14,16:30,"申込必要
【締切】締切
【申込開始】2026年10月24日(土曜日)　9時00分
【方法】窓口／電話((053)439-4178)／FAX((053)439-4178)／ホームページ",https://www.hamamatsu-syakyou.jp/,9/25掲載予定,講座・教室,中央区,2026-08-13,,×,005436_00
221309,20260806103,静岡県,浜松市,ペーパーフラワーでボードを飾ろう,ペーパーフラワーデボードヲカザロウ,,2026-11-27,,10:00,12:00,,"【内容】ペーパー(紙)で花びらを作り立体的な花を作ろう
【対象】市内にお住まいの60歳以上の方
【講師】菊池あゆみ
【その他】持ち物:はさみ、ボンド、カッター、カッターマット(持っている方)",900円,材料費として,ふれあい交流センター萩原,(053)439-4178,,,浜松市ふれあい交流センター萩原,浜松市中央区初生町1,,34.754588,137.733052,,普通車92台軽自動車14台,10人　抽選　応募者多数の場合は抽選,2026-11-14,16:30,"申込必要
【締切】締切
【申込開始】2026年10月24日(土曜日)　9時00分
【方法】窓口／電話((053)439-4178)／FAX((053)439-4178)／ホームページ",https://www.hamamatsu-syakyou.jp/,9/25掲載予定,講座・教室,中央区,2026-08-13,,×,005436_00
221309,20260806104,静岡県,浜松市,親子であそぼう「ははは広場」,オヤコデアソボウハハハヒロバ,,2026-10-18,,10:00,11:00,,"【内容】プチ運動会
【対象】浜松市内在住の1歳から3歳までのこどもとその保護者",,,ふれあい交流センター竜西,(053)433-9045,,,浜松市ふれあい交流センター竜西,浜松市中央区中郡町684-1,,34.775442,137.775131,,,30人　先着順,,,"申込不要
当日、直接会場へ",https://fureaikouryu-center.jp,,こそだて,中央区,2026-08-13,,○,005427_00
221309,20260806105,静岡県,浜松市,読み聞かせ・パネルシアター,ヨミキカセ・パネルシアター,,2026-10-25,,10:30,11:30,,"【内容】読み聞かせ・パネルシアター
【対象】浜松市内在住の3歳から小学6年生以下のこどもと保護者",,,ふれあい交流センター竜西,(053)433-9045,,,浜松市ふれあい交流センター竜西,浜松市中央区中郡町684-1,,34.775442,137.775131,,,20人　先着順,,,"申込不要
当日、直接会場へ",https://fureaikouryu-center.jp,,こそだて,中央区,2026-08-13,,○,005427_00
221309,20260806106,静岡県,浜松市,親子ベビーマッサージ,オヤコベビーマッサージ,,2026-11-17,,10:00,11:00,,"【内容】ベビーマッサージ
【対象】浜松市内在住の0歳児と保護者",,,ふれあい交流センター竜西,(053)433-9045,,,浜松市ふれあい交流センター竜西,浜松市中央区中郡町684-1,,34.775442,137.775131,,,24人　先着順　12組,2026-11-10,16:30,"申込必要
【締切】締切
【申込開始】2026年10月20日(火曜日)　9時00分
【方法】窓口／電話／FAX／E-mail
定員になり次第終了　二次元コードからの申し込みも可",https://fureaikouryu-center.jp,,こそだて,中央区,2026-08-13,,○,005427_00
221309,20260806107,静岡県,浜松市,親子であそぼう「ははは広場」,オヤコデアソボウハハハヒロバ,,2026-11-01,,10:00,11:00,,"【内容】絵本の読み聞かせ、手遊び、簡単な体操など
【対象】浜松市内の1～3歳と、その保護者
【講師】佐野　ふみ子",,無料,ふれあい交流センター浜北,(053)587-4830,,,浜松市ふれあい交流センター浜北,浜松市浜名区小林1272-1,,34.806958,137.793509,,,10人　先着順　親子10組,,,"申込不要
当日、直接会場へ",https://fureaikouryu-center.jp,,講座・教室,浜名区,2026-08-13,2026-08-18,○,005437_00
221309,20260806108,静岡県,浜松市,こどものための読み聞かせ,コドモノタメノヨミキカセ,,2026-11-15,,10:00,10:30,,"【内容】絵本の読み聞かせや紙芝居
【対象】浜松市内の2歳～小学3年生と、その保護者
【講師】元小学校校長など読み聞かせボランティアの皆さん",,無料,ふれあい交流センター浜北,(053)587-4830,,,浜松市ふれあい交流センター浜北,浜松市浜名区小林1272-1,,34.806958,137.793509,,,18人　先着順,,,"申込不要
当日、直接会場へ",https://fureaikouryu-center.jp,,講座・教室,浜名区,2026-08-13,2026-08-18,○,005437_00
221309,20260806109,静岡県,浜松市,認知症はあたりまえの時代だからこそ、知識を味方にしましょう,ニンチショウハアタリマエノジダイダカラコソ、チシキヲミカタニシマショウ,,2026-12-15,,13:30,15:00,,"【内容】認知症の基礎知識・脳トレ・体操
【対象】浜松市内の60歳以上の方
【講師】包括支援センター北浜
【その他】持ち物:筆記用具",,無料,ふれあい交流センター浜北,(053)587-4830,,,浜松市ふれあい交流センター浜北,浜松市浜名区小林1272-1,,34.806958,137.793509,,,30人　先着順　最少催行5名,2026-12-08,16:30,"申込必要
【締切】締切
【申込開始】2026年10月24日(土曜日)　9時00分
【方法】窓口／電話((053)587-4830)／ホームページ",https://fureaikouryu-center.jp,,講座・教室,浜名区,2026-08-13,,×,005437_00
221309,20260806112,静岡県,浜松市,佐久間親子ひろば,,,2026-09-08,,10:00,12:00,,"【内容】子育て親子同士の交流や育児相談、情報提供を行っています。ぜひ遊びに来てください。
【対象】中山間地域に住む乳幼児とその保護者
【その他】「遠州北・浜松市北部」にレベル3以上の警報発令時は中止とします。悪天候などにより危険が予測される場合は、参加を控えてください。",,,佐久間支所市民・福祉グループ,(053)966-0002,,,佐久間支所,浜松市天竜区佐久間町中部18-11,,35.082559,137.800108,,17台(共用),,,,,,,こそだて,天竜区,2026-08-13,,○,005137_00
221309,20260806113,静岡県,浜松市,佐久間親子ひろば,,,2026-09-29,,10:00,12:00,,"【内容】子育て親子同士の交流や育児相談、情報提供を行っています。ぜひ遊びに来てください。
【対象】中山間地域に住む乳幼児とその保護者
【その他】「遠州北・浜松市北部」にレベル3以上の警報発令時は中止とします。悪天候などにより危険が予測される場合は、参加を控えてください。",,,佐久間支所市民・福祉グループ,(053)966-0002,,,佐久間支所,浜松市天竜区佐久間町中部18-11,,35.082559,137.800108,,17台(共用),,,,,,,こそだて,天竜区,2026-08-13,,○,005137_00
221309,20260806114,静岡県,浜松市,佐久間親子ひろば,,,2026-10-13,,10:00,12:00,,"【内容】子育て親子同士の交流や育児相談、情報提供を行っています。ぜひ遊びに来てください。
【対象】中山間地域に住む乳幼児とその保護者
【その他】「遠州北・浜松市北部」にレベル3以上の警報発令時は中止とします。悪天候などにより危険が予測される場合は、参加を控えてください。",,,佐久間支所市民・福祉グループ,(053)966-0002,,,佐久間支所,浜松市天竜区佐久間町中部18-11,,35.082559,137.800108,,17台(共用),,,,,,,こそだて,天竜区,2026-08-13,,○,005137_00
221309,20260806115,静岡県,浜松市,佐久間親子ひろば,,,2026-10-27,,10:00,12:00,,"【内容】子育て親子同士の交流や育児相談、情報提供を行っています。ぜひ遊びに来てください。
【対象】中山間地域に住む乳幼児とその保護者
【その他】「遠州北・浜松市北部」にレベル3以上の警報発令時は中止とします。悪天候などにより危険が予測される場合は、参加を控えてください。",,,佐久間支所市民・福祉グループ,(053)966-0002,,,佐久間支所,浜松市天竜区佐久間町中部18-11,,35.082559,137.800108,,17台(共用),,,,,,,こそだて,天竜区,2026-08-13,,○,005137_00
221309,20260806117,静岡県,浜松市,水窪親子ひろば,,,2026-09-30,,14:30,15:30,,"【内容】子育て親子同士の交流や育児相談、情報提供を行っています。ぜひ遊びに来てください。
【対象】中山間地域に住む乳幼児とその保護者
【その他】「遠州北・浜松市北部」にレベル3以上の警報発令時は中止とします。悪天候などにより危険が予測される場合は、参加を控えてください。",,,水窪支所　市民・福祉グループ,(053)982-0002,,,水窪支所,浜松市天竜区水窪町奥領家2980-1,,35.165959,137.869545,,10台(共用),,,,,,,こそだて,天竜区,2026-08-13,,○,004487_00
221309,20260806118,静岡県,浜松市,水窪親子ひろば,,,2026-10-14,,14:30,15:30,,"【内容】子育て親子同士の交流や育児相談、情報提供を行っています。ぜひ遊びに来てください。
【対象】中山間地域に住む乳幼児とその保護者
【その他】「遠州北・浜松市北部」にレベル3以上の警報発令時は中止とします。悪天候などにより危険が予測される場合は、参加を控えてください。",,,水窪支所　市民・福祉グループ,(053)982-0002,,,水窪支所,浜松市天竜区水窪町奥領家2980-1,,35.165959,137.869545,,10台(共用),,,,,,,こそだて,天竜区,2026-08-13,,○,004487_00
221309,20260806120,静岡県,浜松市,龍山親子ひろば,,,2026-10-23,,10:00,11:30,,"【内容】子育て親子同士の交流や育児相談、情報提供を行っています。ぜひ遊びに来てください。
【対象】中山間地域に住む乳幼児とその保護者
【その他】「遠州北・浜松市北部」にレベル3以上の警報発令時は中止とします。悪天候などにより危険が予測される場合は、参加を控えてください。",,,龍山保健センター（やすらぎ）,(053)969-0082,,,龍山保健センター,浜松市天竜区龍山町戸倉711-2,,34.979060,137.830739,,18台(共用),,,,,,,こそだて,天竜区,2026-08-13,,○,002812_00
221309,20260806123,静岡県,浜松市,春野親子ひろば,,,2026-09-15,,10:00,12:00,,"【内容】子育て親子同士の交流や育児相談、情報提供を行っています。ぜひ遊びに来てください。
【対象】中山間地域に住む乳幼児とその保護者
【その他】「遠州北・浜松市北部」にレベル3以上の警報発令時は中止とします。悪天候などにより危険が予測される場合は、参加を控えてください。",,,春野支所,(053)983-0001,,,浜松市春野福祉センター,浜松市天竜区春野町宮川1330,,34.979531,137.896839,,20台(共用),,,,,,,こそだて,天竜区,2026-08-13,,○,001219_00
221309,20260806124,静岡県,浜松市,春野親子ひろば,,,2026-10-20,,10:00,12:00,,"【内容】子育て親子同士の交流や育児相談、情報提供を行っています。ぜひ遊びに来てください。
【対象】中山間地域に住む乳幼児とその保護者
【その他】「遠州北・浜松市北部」にレベル3以上の警報発令時は中止とします。悪天候などにより危険が予測される場合は、参加を控えてください。",,,春野支所,(053)983-0001,,,浜松市春野福祉センター,浜松市天竜区春野町宮川1330,,34.979531,137.896839,,20台(共用),,,,,,,こそだて,天竜区,2026-08-13,,○,001219_00
221309,20260806125,静岡県,浜松市,障がいのある人のための講座,,,2026-11-13,,9:30,11:30,全8回,"【内容】書道A
【対象】18歳以上の障がいのある人
【その他】材料費実費",,,"浜松市発達医療総合福祉センター はままつ友愛のさと",(053)586-8800,,,浜松市発達医療総合福祉センター,浜松市浜名区高薗775-1,,34.777945,137.815343,,,10人　抽選,2026-11-05,,"申込必要
【締切】締切
【方法】窓口／電話((053)586-8800)",https://www.h-hattatsu.com/center/fukushi/,※応募者多数の場合、抽選となります。,講座・教室,浜名区,2026-08-13,,,002270_00
221309,20260806126,静岡県,浜松市,障がいのある人のための講座,,,2026-11-13,,13:00,15:00,全8回,"【内容】書道B
【対象】18歳以上の障がいのある人
【その他】材料費実費",,,"浜松市発達医療総合福祉センター はままつ友愛のさと",(053)586-8800,,,浜松市発達医療総合福祉センター,浜松市浜名区高薗775-1,,34.777945,137.815343,,,10人　抽選,2026-11-05,,"申込必要
【締切】締切
【方法】窓口／電話((053)586-8800)",https://www.h-hattatsu.com/center/fukushi/,※応募者多数の場合、抽選となります。,講座・教室,浜名区,2026-08-13,,,002270_00
221309,20260806127,静岡県,浜松市,障がいのある人のための講座,,,2026-11-17,,13:00,15:00,全5回,"【内容】英会話
【対象】18歳以上の障がいのある人",,,"浜松市発達医療総合福祉センター はままつ友愛のさと",(053)586-8800,,,浜松市発達医療総合福祉センター,浜松市浜名区高薗775-1,,34.777945,137.815343,,,10人　抽選,2026-11-05,,"申込必要
【締切】締切
【方法】窓口／電話((053)586-8800)",https://www.h-hattatsu.com/center/fukushi/,※応募者多数の場合、抽選となります。,講座・教室,浜名区,2026-08-13,,,002270_00
221309,20260806128,静岡県,浜松市,ささえあいポイント事業ボランティア登録研修会(下半期分),,,2026-10-26,,14:00,16:00,,"【内容】施設や地域でボランティア活動などを行うと換金可能なポイントが貯まります。初めての方は、事前に研修会を受講しボランティア登録する必要があります。(オンラインでいつでも受講可)
【対象】主に65歳以上の市民",,,高齢者福祉課,(053)457-2789,2789,,天竜区役所,浜松市天竜区二俣町二俣481,21・22会議室,34.872645,137.816250,,,,2026-10-23,,"申込必要
【締切】締切
【方法】電話((053)457-7011)／ホームページ",https://www.city.hamamatsu.shizuoka.jp/kourei/care_net/sasaeaipoint.html,※オンラインでいつでも登録研修会を受講できます,おしらせ,天竜区,2026-08-13,,,001994_00
221309,20260806129,静岡県,浜松市,ささえあいポイント事業ボランティア登録研修会(下半期分),,,2026-11-27,,14:00,16:00,,"【内容】施設や地域でボランティア活動などを行うと換金可能なポイントが貯まります。初めての方は、事前に研修会を受講しボランティア登録する必要があります。(オンラインでいつでも受講可)
【対象】主に65歳以上の市民",,,高齢者福祉課,(053)457-2789,2789,,北行政センター,浜松市浜名区細江町気賀305,31・32会議室,34.806210,137.650988,,,,2026-11-26,,"申込必要
【締切】締切
【方法】電話((053)457-7011)／ホームページ",https://www.city.hamamatsu.shizuoka.jp/kourei/care_net/sasaeaipoint.html,※オンラインでいつでも登録研修会を受講できます,おしらせ,浜名区,2026-08-13,,,000935_00
221309,20260806130,静岡県,浜松市,ささえあいポイント事業ボランティア登録研修会(下半期分),,,2027-03-12,,14:00,16:00,,"【内容】施設や地域でボランティア活動などを行うと換金可能なポイントが貯まります。初めての方は、事前に研修会を受講しボランティア登録する必要があります。(オンラインでいつでも受講可)
【対象】主に65歳以上の市民",,,高齢者福祉課,(053)457-2789,2789,,浜名区役所,浜松市浜名区貴布祢3000,第2会議室A・B,34.791664,137.783231,,,,2027-03-11,,"申込必要
【締切】締切
【方法】電話((053)457-7011)／ホームページ",https://www.city.hamamatsu.shizuoka.jp/kourei/care_net/sasaeaipoint.html,※オンラインでいつでも登録研修会を受講できます,おしらせ,浜名区,2026-08-13,,,002404_00
221309,20260806131,静岡県,浜松市,「第30回静岡県すこやか長寿祭美術展」の開催および作品募集,「ダイ30カイシズオカケンスコヤカチョウジュサイビジュツテン」ノカイサイオヨビサクヒンボシュウ,,2027-02-02,2027-02-14,,,〈日本画・彫刻・工芸・書・写真〉令和9年2月2日(火)～7日(日)10:00～17:00(最終日は13:00)〈洋画〉令和9年2月9日(火)～14日(日)10:00～17:00(最終日は13:00),"【内容】静岡県立美術館にて出品頂いた全作品を展示します※令和9年度のねんりんピック美術展につきましては通常開催がないことから代表作品選考会を兼ねません
【対象】2028(令和10)年4月1日時点で年齢が60歳以上(1968[昭和43]年4月1日以前に生まれた人)で県内在住者のアマチュアの人が創作した未発表作品",2500円,1作品につき2500円(1人1部門につき1点まで),（公財）しずおか健康長寿財団,(054)253-4221,,(公財)しずおか健康長寿財団、静岡県,静岡県立美術館,静岡市駿河区谷田53-2,県民ギャラリー,34.992012,138.446325,,,,2026-11-30,,"申込必要
【締切】締切
【申込開始】2026年11月04日(水曜日)　
【方法】ホームページ
(公財)しずおか健康長寿財団ホームページからお申し込みください。",https://www.sukoyaka.or.jp/,,おしらせ,,2026-08-13,,,
221309,20260806132,静岡県,浜松市,浜松医療センター病院ボランティア「しらゆり」募集説明会,ハママツイリョウセンタービョウインボランティア「シラユリ」ボシュウセツメイカイ,,2026-11-26,,9:30,11:30,,"【内容】浜松医療センターで活動する病院ボランティアの内容説明と体験
【条件】週1回ボランティアとして活動できる方",,,浜松医療センター　看護部長室,(053)451-2735,,公益財団法人　浜松市医療公社,浜松医療センター,浜松市中央区富塚町328,,34.716341,137.701756,自家用車・公共交通機関等,有り,,2026-11-19,17:00,"申込必要
【締切】締切
【申込開始】2026年10月19日(月曜日)　
【方法】電話((053)451-2735)",https://www.hmedc.or.jp/about-us/volunteer/,,おしらせ,中央区,2026-08-13,,,020001_00
221309,20260806133,静岡県,浜松市,市民公開講座,シミンコウカイコウザ,,2026-11-08,,10:00,12:00,,"【内容】 早川龍講師(日本小児歯科医学会理事)が、誰もが健康で長く元気に過ごすために、子どもの頃から大切な口の健康と機能の保ち方について、分かりやすくお話しします。
【対象】浜松市民
【講師】早川　龍(日本小児歯科医学会理事)
【出演・演目など】健やかな老いは健康なお口から　～成長期から口を育てる～",,,（一般社団法人）浜松市歯科医師会,(053)453-8847,,浜松市,浜松プレスタワー,浜松市中央区旭町11-1,17階　静岡新聞ホール,34.704792,137.732442,,,150人,2026-11-02,,"申込必要
【方法】電話((053)453-8847)／ホームページ／E-mail(office@hamashi.com)
二次元コード",https://hamashi.com/,,イベント,中央区,2026-08-13,,,
221309,20260806134,静岡県,浜松市,"成人健康相談 11月",,,2026-11-02,,9:00,11:00,,"【内容】保健師・栄養士による健康相談
【対象】市民で生活習慣病や禁煙など、健康に関する相談がある人",,無料,中央健康づくりセンター,(053)413-5577,,,中央保健福祉センター,浜松市中央区板屋町596,,34.707462,137.737033,,,,,,申込不要,https://www.city.hamamatsu.shizuoka.jp/kenkozoshin/health/soudan/seijin.html,※禁煙に関する相談は1週間前までに要予約,けんこう,中央区,2026-08-13,,,000025_00
221309,20260806135,静岡県,浜松市,"成人健康相談 11月",,,2026-11-16,,9:00,11:00,,"【内容】保健師・栄養士による健康相談
【対象】市民で生活習慣病や禁煙など、健康に関する相談がある人",,無料,中央健康づくりセンター,(053)413-5577,,,中央保健福祉センター,浜松市中央区板屋町596,,34.707462,137.737033,,,,,,申込不要,https://www.city.hamamatsu.shizuoka.jp/kenkozoshin/health/soudan/seijin.html,※禁煙に関する相談は1週間前までに要予約,けんこう,中央区,2026-08-13,,,000025_00
221309,20260806136,静岡県,浜松市,"成人健康相談 11月",,,2026-11-12,,9:30,11:30,,"【内容】保健師・栄養士による健康相談
【対象】市民で生活習慣病や禁煙など、健康に関する相談がある人",,無料,中央健康づくりセンター（東）,(053)424-0122,,,東行政センター,浜松市中央区流通元町20-3,,34.741515,137.791771,,,,,,申込不要,https://www.city.hamamatsu.shizuoka.jp/kenkozoshin/health/soudan/seijin.html,※禁煙に関する相談は1週間前までに要予約,けんこう,中央区,2026-08-13,,,002063_00
221309,20260806137,静岡県,浜松市,"成人健康相談 11月",,,2026-11-24,,9:30,11:30,,"【内容】保健師・栄養士による健康相談
【対象】市民で生活習慣病や禁煙など、健康に関する相談がある人",,無料,中央健康づくりセンター（西）,(053)597-1174,,,西部保健センター,浜松市中央区雄踏一丁目31-1,,34.692659,137.645323,,,,,,申込不要,https://www.city.hamamatsu.shizuoka.jp/kenkozoshin/health/soudan/seijin.html,※禁煙に関する相談は1週間前までに要予約,けんこう,中央区,2026-08-13,,,001568_01
221309,20260806138,静岡県,浜松市,"成人健康相談 11月",,,2026-11-10,,13:30,15:00,,"【内容】保健師・栄養士による健康相談
【対象】市民で生活習慣病や禁煙など、健康に関する相談がある人",,無料,中央健康づくりセンター（西）,(053)597-1174,,,舞阪保健センター,浜松市中央区舞阪町舞阪2668-349,,34.679020,137.614316,,,,,,申込不要,https://www.city.hamamatsu.shizuoka.jp/kenkozoshin/health/soudan/seijin.html,※禁煙に関する相談は1週間前までに要予約,けんこう,中央区,2026-08-13,,,005430_01
221309,20260806139,静岡県,浜松市,"成人健康相談 11月",,,2026-11-20,,13:30,15:00,,"【内容】保健師・栄養士による健康相談
【対象】市民で生活習慣病や禁煙など、健康に関する相談がある人",,無料,中央健康づくりセンター（南）,(053)425-1590,,,南行政センター,浜松市中央区江之島町600-1,,34.667355,137.752214,,,,,,申込不要,https://www.city.hamamatsu.shizuoka.jp/kenkozoshin/health/soudan/seijin.html,※禁煙に関する相談は1週間前までに要予約,けんこう,中央区,2026-08-13,,,002131_00
221309,20260806140,静岡県,浜松市,"成人健康相談 11月",,,2026-11-11,,9:00,11:30,,"【内容】保健師・栄養士による健康相談
【対象】市民で生活習慣病や禁煙など、健康に関する相談がある人",,無料,浜名健康づくりセンター,(053)585-1120,,,浜名区役所,浜松市浜名区貴布祢3000,,34.791664,137.783231,,,,,,申込不要,https://www.city.hamamatsu.shizuoka.jp/kenkozoshin/health/soudan/seijin.html,※禁煙に関する相談は1週間前までに要予約,けんこう,浜名区,2026-08-13,,,002404_00
221309,20260806141,静岡県,浜松市,"成人健康相談 11月",,,2026-11-25,,9:00,11:30,,"【内容】保健師・栄養士による健康相談
【対象】市民で生活習慣病や禁煙など、健康に関する相談がある人",,無料,浜名健康づくりセンター,(053)585-1120,,,浜名区役所,浜松市浜名区貴布祢3000,,34.791664,137.783231,,,,,,申込不要,https://www.city.hamamatsu.shizuoka.jp/kenkozoshin/health/soudan/seijin.html,※禁煙に関する相談は1週間前までに要予約,けんこう,浜名区,2026-08-13,,,002404_00
221309,20260806142,静岡県,浜松市,"成人健康相談 11月",,,2026-11-02,,9:00,11:30,,"【内容】保健師・栄養士による健康相談
【対象】市民で生活習慣病や禁煙など、健康に関する相談がある人",,無料,浜名健康づくりセンター（北）,(053)523-3121,,,細江健康センター,浜松市浜名区細江町気賀305番地,,34.806109,137.650537,,,,,,申込不要,https://www.city.hamamatsu.shizuoka.jp/kenkozoshin/health/soudan/seijin.html,※禁煙に関する相談は1週間前までに要予約,けんこう,浜名区,2026-08-13,,,000930_00
221309,20260806143,静岡県,浜松市,"成人健康相談 11月",,,2026-11-09,,9:30,11:30,,"【内容】保健師・栄養士による健康相談
【対象】市民で生活習慣病や禁煙など、健康に関する相談がある人",,無料,天竜健康づくりセンター,(053)922-0075,,,天竜保健福祉センター,浜松市天竜区二俣町二俣530-18,,34.871333,137.814592,,,,,,申込不要,https://www.city.hamamatsu.shizuoka.jp/kenkozoshin/health/soudan/seijin.html,※禁煙に関する相談は1週間前までに要予約,けんこう,天竜区,2026-08-13,,,002518_00
221309,20260806144,静岡県,浜松市,"成人健康相談 11月",,,2026-11-11,,9:30,11:30,,"【内容】保健師・栄養士による健康相談
【対象】市民で生活習慣病や禁煙など、健康に関する相談がある人",,無料,春野支所,(053)983-0006,,,春野支所,浜松市天竜区春野町宮川1467-2,,34.982164,137.896383,,,,,,申込不要,https://www.city.hamamatsu.shizuoka.jp/kenkozoshin/health/soudan/seijin.html,※禁煙に関する相談は1週間前までに要予約,けんこう,天竜区,2026-08-13,,,004486_00
221309,20260806145,静岡県,浜松市,"成人健康相談 11月",,,2026-11-18,,9:30,11:30,,"【内容】保健師・栄養士による健康相談
【対象】市民で生活習慣病や禁煙など、健康に関する相談がある人",,無料,佐久間保健センター,(053)966-0005,,,佐久間保健センター,浜松市天竜区佐久間町中部18-11,(佐久間ヘルストピアセンター),35.082559,137.800108,,,,,,申込不要,https://www.city.hamamatsu.shizuoka.jp/kenkozoshin/health/soudan/seijin.html,※禁煙に関する相談は1週間前までに要予約,けんこう,天竜区,2026-08-13,,,005137_01
221309,20260806146,静岡県,浜松市,"成人健康相談 11月",,,2026-11-05,,9:30,11:30,,"【内容】保健師・栄養士による健康相談
【対象】市民で生活習慣病や禁煙など、健康に関する相談がある人",,無料,水窪保健福祉センター,(053)982-0004,,,水窪保健福祉センター,浜松市天竜区水窪町奥領家2980-1,,35.165976,137.869545,,,,,,申込不要,https://www.city.hamamatsu.shizuoka.jp/kenkozoshin/health/soudan/seijin.html,※禁煙に関する相談は1週間前までに要予約,けんこう,天竜区,2026-08-13,,,004487_02
221309,20260806147,静岡県,浜松市,保健師・管理栄養士によるオンライン相談11月,,,2026-11-09,,9:30,10:00,,"【内容】保健師・栄養士による健康相談
【対象】市民で生活習慣病や禁煙など、健康に関する相談がある人
【条件】Zoomを利用できる方",,無料,健康増進課,(053)453-6125,,,,,,,,,,1人　先着順,2026-11-02,,"申込必要
【締切】締切
【申込開始】2026年10月16日(金曜日)　
【方法】ホームページ",https://www.city.hamamatsu.shizuoka.jp/kenkozoshin/soudankenko.html,※1週間前までに要予約,けんこう,オンライン,2026-08-13,,,
221309,20260806148,静岡県,浜松市,保健師・管理栄養士によるオンライン相談11月,,,2026-11-09,,10:30,11:00,,"【内容】保健師・栄養士による健康相談
【対象】市民で生活習慣病や禁煙など、健康に関する相談がある人
【条件】Zoomを利用できる方",,無料,健康増進課,(053)453-6125,,,,,,,,,,1人　先着順,2026-11-02,,"申込必要
【締切】締切
【申込開始】2026年10月16日(金曜日)　
【方法】ホームページ",https://www.city.hamamatsu.shizuoka.jp/kenkozoshin/soudankenko.html,※1週間前までに要予約,けんこう,オンライン,2026-08-13,,,
221309,20260806149,静岡県,浜松市,保健師・管理栄養士によるオンライン相談11月,,,2026-11-26,,9:30,10:00,,"【内容】保健師・栄養士による健康相談
【対象】市民で生活習慣病や禁煙など、健康に関する相談がある人
【条件】Zoomを利用できる方",,無料,健康増進課,(053)453-6125,,,,,,,,,,1人　先着順,2026-11-19,,"申込必要
【締切】締切
【申込開始】2026年10月16日(金曜日)　
【方法】ホームページ",https://www.city.hamamatsu.shizuoka.jp/kenkozoshin/soudankenko.html,※1週間前までに要予約,けんこう,オンライン,2026-08-13,,,
221309,20260806150,静岡県,浜松市,保健師・管理栄養士によるオンライン相談11月,,,2026-11-26,,10:30,11:00,,"【内容】保健師・栄養士による健康相談
【対象】市民で生活習慣病や禁煙など、健康に関する相談がある人
【条件】Zoomを利用できる方",,無料,健康増進課,(053)453-6125,,,,,,,,,,1人　先着順,2026-11-19,,"申込必要
【締切】締切
【申込開始】2026年10月16日(金曜日)　
【方法】ホームページ",https://www.city.hamamatsu.shizuoka.jp/kenkozoshin/soudankenko.html,※1週間前までに要予約,けんこう,オンライン,2026-08-13,,,
221309,20260806151,静岡県,浜松市,夜間禁煙相談(オンライン面談も可),,,2026-11-19,,19:00,,,"【内容】喫煙タイプテスト、禁煙補助剤、禁煙外来の紹介など
【対象】市民でたばこをやめたいと思っている人、家族にたばこをやめてもらいたい人",,無料,健康増進課,(053)453-6125,,,浜松市保健所,浜松市中央区鴨江二丁目11-2,,34.705122,137.712872,,,,2026-11-12,,"申込必要
【締切】締切
【方法】電話((053)453-6125)",https://www.city.hamamatsu.shizuoka.jp/kenkozoshin/health/soudan/kinen.html,※1週間前までに要予約,けんこう,中央区,2026-08-13,,,002516_00
221309,20260806152,静岡県,浜松市,夜間禁煙相談(オンライン面談も可),,,2026-11-19,,20:00,,,"【内容】喫煙タイプテスト、禁煙補助剤、禁煙外来の紹介など
【対象】市民でたばこをやめたいと思っている人、家族にたばこをやめてもらいたい人",,無料,健康増進課,(053)453-6125,,,浜松市保健所,浜松市中央区鴨江二丁目11-2,,34.705122,137.712872,,,,2026-11-12,,"申込必要
【締切】締切
【方法】電話((053)453-6125)",https://www.city.hamamatsu.shizuoka.jp/kenkozoshin/health/soudan/kinen.html,※1週間前までに要予約,けんこう,中央区,2026-08-13,,,002516_00
221309,20260806153,静岡県,浜松市,大人のための食育講座,オトナノタメノショクイクコウザ,,2026-11-19,,9:30,11:30,,【内容】毎日の食事で骨活！骨の健康を保つ食習慣,,,引佐健康センター,(053)542-0857,,,浜松市みをつくし文化センター,浜松市浜名区細江町気賀369,,34.806923,137.651116,,,10人　先着順,,,"申込必要
【申込開始】2026年10月15日(木曜日)　
【方法】電話",https://www.city.hamamatsu.shizuoka.jp/kenkozoshin/kenko21/eating_habits/shokuikukouza.html,,けんこう,浜名区,2026-08-13,,,000937_00
221309,20260806154,静岡県,浜松市,免疫系難病医療相談会,,,2026-11-14,,9:30,11:30,,"【内容】医師による免疫系難病の個別相談(各家族20分)
【対象】全身性エリテマトーデス、皮膚筋炎/多発性筋炎、全身性強皮症などの免疫系難病と診断された方とその家族",,,健康増進課,(053)453-6116,4110,,浜松市保健所,浜松市中央区鴨江二丁目11-2,,34.705122,137.712872,,,6人　先着順,,,"申込必要
【申込開始】2026年10月21日(水曜日)　
【方法】電話((053)453-6116)",https://www.city.hamamatsu.shizuoka.jp/kenkozoshin/nanbyo/jyose/08_sennta.html,,けんこう,中央区,2026-08-13,,,002516_00
221309,20260806155,静岡県,浜松市,休日検診(子宮頸がん検診、乳がん検診、浜松市国保特定健診),キュウジツケンシン(シキュウケイガンケンシン、ニュウガンケンシン、ハママツシコクホトクテイケンシン),,2026-12-06,,10:00,16:00,,"【内容】日曜日にショッピングモール内で子宮頸がん検診・乳がん検診・特定健診を受診できます。
【対象】がん検診:子宮頸がん検診は20歳以上、乳がん検診は40歳以上かつ偶数年齢で浜松市に住民票を有する方　特定健診:浜松市国民健康保険に加入している40歳以上の方(年齢は令和9年3月31日時点)
【条件】がん検診は浜松市国民健康保険に加入している方または職場等でがん検診を受診する機会のない方のみ",,検査内容や年齢により料金が異なるため、詳細はHPに掲載。,健康増進課（がん検診）、国保年金課（特定健診）,"(053)453-6119,(053)457-2638",,浜松市健康増進課、国保年金課,プレ葉ウォーク浜北,浜松市浜名区貴布祢1200,,34.797492,137.779388,,,先着順　午前は女性限定,2026-11-04,17:00,"申込必要
【締切】締切
【申込開始】2026年10月15日(木曜日)　9時00分
【方法】電話((0120)247-569)／ホームページ",https://www.city.hamamatsu.shizuoka.jp/kenkozoshin/health/check/kyuzitsukenshin2026.html,,イベント,浜名区,2026-08-13,2026-09-07,○,
221309,20260806156,静岡県,浜松市,休日検診(子宮頸がん検診、乳がん検診、浜松市国保特定健診),キュウジツケンシン(シキュウケイガンケンシン、ニュウガンケンシン、ハママツシコクホトクテイケンシン),,2026-12-20,,10:00,16:00,,"【内容】日曜日にショッピングモール内で子宮頸がん検診・乳がん検診・特定健診を受診できます。
【対象】がん検診:子宮頸がん検診は20歳以上、乳がん検診は40歳以上かつ偶数年齢で浜松市に住民票を有する方　特定健診:浜松市国民健康保険に加入している40歳以上の方(年齢は令和9年3月31日時点)
【条件】がん検診は浜松市国民健康保険に加入している方または職場等でがん検診を受診する機会のない方のみ",,検査内容や年齢により料金が異なるため、詳細はHPに掲載。,健康増進課（がん検診）、国保年金課（特定健診）,"(053)453-6119,(053)457-2638",,浜松市健康増進課、国保年金課,プレ葉ウォーク浜北,浜松市浜名区貴布祢1200,,34.797492,137.779388,,,先着順　午後は女性限定,2026-11-27,17:00,"申込必要
【締切】締切
【申込開始】2026年10月15日(木曜日)　9時00分
【方法】電話((0120)247-569)／ホームページ",https://www.city.hamamatsu.shizuoka.jp/kenkozoshin/health/check/kyuzitsukenshin2026.html,,イベント,浜名区,2026-08-13,2026-09-07,○,
221309,20260806157,静岡県,浜松市,子宮頸がん・感染症啓発講演会in浜松,シキユウケイガン・カンセンシヨウケイハツコウエンカイインハママツ,,2026-10-25,,13:50,16:35,開場は13:00から,"【内容】子宮頸がん、感染症対策等についての講演会
【対象】市民
【講師】第1講演_浜松医科大学医学部附属病院　産婦人科　柴田　俊章先生
第2講演_浜松医療センター感染症内科　感染症管理特別顧問　矢野　邦夫先生
特別講演_よつばの会代表・俳優　原　千晶氏
【出演・演目など】第1講演_子宮頸がんに関する講演
第2講演_感染症対策に関する講演
特別講演_「大事にしたい自分の身体」",,無料,健康増進課,(053)453-6119,4114,一般社団法人メディカルチェック推進機構、浜松市,えんてつホール,浜松市中央区旭町12-1,,34.704608,137.733338,,,162人　先着順,,,"申込必要
【方法】ホームページ",https://info-mcpo.com/category/information/,,イベント,中央区,2026-08-13,,○,
221309,20260806158,静岡県,浜松市,離乳食教室,リニュウショクキョウシツ,,2026-11-04,,13:30,15:45,"(1)13:30～14:25(受付は13:00～13:20)
(2)14:50～15:45(受付は14:30～14:45)
※(1)、(2)どちらかの時間帯での申込","【内容】離乳食についての講話とデモンストレーション
【対象】令和8年6月生まれの子どもの保護者",,,中央健康づくりセンター,(053)413-5577,2822,,東部協働センター,浜松市中央区相生町23-1,,34.706816,137.748813,,,24人　先着順,,,"申込必要
【申込開始】2026年10月15日(木曜日)　12時30分
【方法】ホームページ",https://www.hamamatsu-pippi.net/contents/7894.html,,こそだて,中央区,2026-08-13,,○,004490_00
221309,20260806159,静岡県,浜松市,離乳食教室,リニュウショクキョウシツ,,2026-11-12,,13:30,15:45,"(1)13:30～14:25(受付は13:00～13:20)
(2)14:50～15:45(受付は14:30～14:45)
※(1)、(2)どちらかの時間帯での申込","【内容】離乳食についての講話とデモンストレーション
【対象】令和8年6月生まれの子どもの保護者",,,中央健康づくりセンター（南）,(053)425-1590,6671,,東部協働センター,浜松市中央区相生町23-1,,34.706816,137.748813,,,24人　先着順,,,"申込必要
【申込開始】2026年10月15日(木曜日)　12時30分
【方法】ホームページ",https://www.hamamatsu-pippi.net/contents/7894.html,,こそだて,中央区,2026-08-13,,○,004490_00
221309,20260806160,静岡県,浜松市,離乳食教室,リニュウショクキョウシツ,,2026-11-25,,13:30,15:45,"(1)13:30～14:25(受付は13:00～13:20)
(2)14:50～15:45(受付は14:30～14:45)
※(1)、(2)どちらかの時間帯での申込","【内容】離乳食についての講話とデモンストレーション
【対象】令和8年6月生まれの子どもの保護者",,,中央健康づくりセンター（東）,(053)424-0122,6093,,長上協働センター,浜松市中央区市野町2620-1,,34.746708,137.767760,,,24人　先着順,,,"申込必要
【申込開始】2026年10月15日(木曜日)　12時30分
【方法】ホームページ",https://www.hamamatsu-pippi.net/contents/7894.html,,こそだて,中央区,2026-08-13,,○,004502_00
221309,20260806161,静岡県,浜松市,離乳食教室,リニュウショクキョウシツ,,2026-11-05,,13:30,15:45,"(1)13:30～14:25(受付は13:00～13:20)
(2)14:50～15:45(受付は14:30～14:45)
※(1)、(2)どちらかの時間帯での申込","【内容】離乳食についての講話とデモンストレーション
【対象】令和8年6月生まれの子どもの保護者",,,中央健康づくりセンター（西）,(053)597-1174,6432,,入野協働センター,浜松市中央区入野町9858,,34.699036,137.677713,,,24人　先着順,,,"申込必要
【申込開始】2026年10月15日(木曜日)　12時30分
【方法】ホームページ",https://www.hamamatsu-pippi.net/contents/7894.html,,こそだて,中央区,2026-08-13,,○,004507_00
221309,20260806162,静岡県,浜松市,離乳食教室,リニュウショクキョウシツ,,2026-11-13,,13:30,15:45,"(1)13:30～14:25(受付は13:00～13:20)
(2)14:50～15:45(受付は14:30～14:45)
※(1)、(2)どちらかの時間帯での申込","【内容】離乳食についての講話とデモンストレーション
【対象】令和8年6月生まれの子どもの保護者",,,引佐健康センター,(053)542-0857,,,三方原協働センター,浜松市中央区三方原町1179-5,,34.783099,137.717581,,,24人　先着順,,,"申込必要
【申込開始】2026年10月15日(木曜日)　12時30分
【方法】ホームページ",https://www.hamamatsu-pippi.net/contents/7894.html,,こそだて,中央区,2026-08-13,,○,004517_00
221309,20260806163,静岡県,浜松市,離乳食教室,リニュウショクキョウシツ,,2026-11-20,,13:30,15:45,"(1)13:30～14:25(受付は13:00～13:20)
(2)14:50～15:45(受付は14:30～14:45)
※(1)、(2)どちらかの時間帯での申込","【内容】離乳食についての講話とデモンストレーション
【対象】令和8年6月生まれの子どもの保護者",,,浜名健康づくりセンター,(053)585-1120,5222,,浜松市浜北文化センター,浜松市浜名区貴布祢291-1,,34.794439,137.783274,,,24人　先着順,,,"申込必要
【申込開始】2026年10月15日(木曜日)　12時30分
【方法】ホームページ",https://www.hamamatsu-pippi.net/contents/7894.html,,こそだて,浜名区,2026-08-13,,○,002410_00
221309,20260806164,静岡県,浜松市,離乳食教室(オンライン),リニュウショクキョウシツ(オンライン),,2026-11-26,,13:30,14:00,,"【内容】離乳食についての講話と質疑応答
【対象】令和8年5月～7月生まれの子どもの保護者",,,中央健康づくりセンター,(053)413-5577,2822,,,,,,,,,45人　先着順,,,"申込必要
【申込開始】2026年10月15日(木曜日)　12時30分
【方法】ホームページ",https://www.hamamatsu-pippi.net/contents/7895.html,,こそだて,,2026-08-13,,○,
221309,20260806165,静岡県,浜松市,もぐもぐ元気っこ教室,モグモグゲンキッコキョウシツ,,2026-11-13,,10:00,11:15,,"【内容】離乳食完了に向けての食事の進め方や心と体の発育について
【対象】令和8年3月、4月生まれの子どもと保護者",,,中央健康づくりセンター,(053)413-5577,2822,,中央保健福祉センター,浜松市中央区板屋町596,,34.707462,137.737033,,,20人　先着順,,,"申込必要
【申込開始】2026年10月15日(木曜日)　12時30分
【方法】ホームページ",https://www.hamamatsu-pippi.net/contents/7897.html,,こそだて,中央区,2026-08-13,,○,000025_00
221309,20260806166,静岡県,浜松市,もぐもぐ元気っこ教室,モグモグゲンキッコキョウシツ,,2026-11-17,,10:00,11:15,,"【内容】離乳食完了に向けての食事の進め方や心と体の発育について
【対象】令和8年3月、4月生まれの子どもと保護者",,,中央健康づくりセンター（東）,(053)424-0122,6093,,東部保健福祉センター,浜松市中央区青屋町300,いきいきプラザ天竜川2階,34.715732,137.782995,,,20人　先着順,,,"申込必要
【申込開始】2026年10月15日(木曜日)　12時30分
【方法】ホームページ",https://www.hamamatsu-pippi.net/contents/7897.html,,こそだて,中央区,2026-08-13,,○,000029_00
221309,20260806167,静岡県,浜松市,もぐもぐ元気っこ教室,モグモグゲンキッコキョウシツ,,2026-11-11,,10:00,11:15,,"【内容】離乳食完了に向けての食事の進め方や心と体の発育について
【対象】令和8年3月、4月生まれの子どもと保護者",,,中央健康づくりセンター（西）,(053)597-1174,6432,,西部保健センター,浜松市中央区雄踏一丁目31-1,,34.692659,137.645323,,,20人　先着順,,,"申込必要
【申込開始】2026年10月15日(木曜日)　12時30分
【方法】ホームページ",https://www.hamamatsu-pippi.net/contents/7897.html,,こそだて,中央区,2026-08-13,,○,001568_01
221309,20260806168,静岡県,浜松市,もぐもぐ元気っこ教室,モグモグゲンキッコキョウシツ,,2026-11-05,,10:00,11:15,,"【内容】離乳食完了に向けての食事の進め方や心と体の発育について
【対象】令和8年3月、4月生まれの子どもと保護者",,,中央健康づくりセンター（南）,(053)425-1590,6671,,南行政センター,浜松市中央区江之島町600-1,,34.667355,137.752214,,,20人　先着順,,,"申込必要
【申込開始】2026年10月15日(木曜日)　12時30分
【方法】ホームページ",https://www.hamamatsu-pippi.net/contents/7897.html,,こそだて,中央区,2026-08-13,,○,002131_00
221309,20260806169,静岡県,浜松市,もぐもぐ元気っこ教室,モグモグゲンキッコキョウシツ,,2026-11-06,,10:00,11:15,,"【内容】離乳食完了に向けての食事の進め方や心と体の発育について
【対象】令和8年3月、4月生まれの子どもと保護者",,,浜名健康づくりセンター,(053)585-1120,5222,,浜北保健センター,浜松市浜名区平口1604-1,,34.797743,137.775399,,,20人　先着順,,,"申込必要
【申込開始】2026年10月15日(木曜日)　12時30分
【方法】ホームページ",https://www.hamamatsu-pippi.net/contents/7897.html,,こそだて,浜名区,2026-08-13,,○,002412_00
221309,20260806170,静岡県,浜松市,もぐもぐ元気っこ教室,モグモグゲンキッコキョウシツ,,2026-11-26,,10:00,11:15,,"【内容】離乳食完了に向けての食事の進め方や心と体の発育について
【対象】令和8年3月、4月生まれの子どもと保護者",,,引佐健康センター,(053)542-0857,,,細江健康センター,浜松市浜名区細江町気賀305番地,,34.806109,137.650537,,,15人　先着順,,,"申込必要
【申込開始】2026年10月15日(木曜日)　12時30分
【方法】ホームページ",https://www.hamamatsu-pippi.net/contents/7897.html,,こそだて,浜名区,2026-08-13,,○,000930_00
221309,20260806171,静岡県,浜松市,もぐもぐ元気っこ教室,モグモグゲンキッコキョウシツ,,2026-11-17,,10:00,11:15,,"【内容】離乳食完了に向けての食事の進め方や心と体の発育について
【対象】令和8年3月、4月生まれの子どもと保護者",,,天竜健康づくりセンター,(053)922-0075,7309,,天竜保健福祉センター,浜松市天竜区二俣町二俣530-18,,34.871333,137.814592,,,16人　先着順,,,"申込必要
【申込開始】2026年10月15日(木曜日)　12時30分
【方法】ホームページ",https://www.hamamatsu-pippi.net/contents/7897.html,,こそだて,天竜区,2026-08-13,,○,002518_00
221309,20260806172,静岡県,浜松市,休日救急歯科診療,キュウジツキュウキュウシカシンリヨウ,,2026-10-04,,9:00,11:30,,,,,健康増進課,(053)453-6129,,,浜松市口腔保健医療センター（歯の健康センター）,浜松市中央区鴨江二丁目11-2,,34.705136,137.713226,,,,,,申込不要,,,けんこう,中央区,2026-08-13,,,000743_00
221309,20260806173,静岡県,浜松市,休日救急歯科診療,キュウジツキュウキュウシカシンリヨウ,,2026-10-04,,13:00,15:30,,,,,健康増進課,(053)453-6129,,,浜松市口腔保健医療センター（歯の健康センター）,浜松市中央区鴨江二丁目11-2,,34.705136,137.713226,,,,,,申込不要,,,けんこう,中央区,2026-08-13,,,000743_00
221309,20260806174,静岡県,浜松市,休日救急歯科診療,キュウジツキュウキュウシカシンリヨウ,,2026-10-11,,9:00,11:30,,,,,健康増進課,(053)453-6129,,,浜松市口腔保健医療センター（歯の健康センター）,浜松市中央区鴨江二丁目11-2,,34.705136,137.713226,,,,,,申込不要,,,けんこう,中央区,2026-08-13,,,000743_00
221309,20260806175,静岡県,浜松市,休日救急歯科診療,キュウジツキュウキュウシカシンリヨウ,,2026-10-11,,13:00,15:30,,,,,健康増進課,(053)453-6129,,,浜松市口腔保健医療センター（歯の健康センター）,浜松市中央区鴨江二丁目11-2,,34.705136,137.713226,,,,,,申込不要,,,けんこう,中央区,2026-08-13,,,000743_00
221309,20260806176,静岡県,浜松市,休日救急歯科診療,キュウジツキュウキュウシカシンリヨウ,,2026-10-12,,9:00,11:30,,,,,健康増進課,(053)453-6129,,,浜松市口腔保健医療センター（歯の健康センター）,浜松市中央区鴨江二丁目11-2,,34.705136,137.713226,,,,,,申込不要,,,けんこう,中央区,2026-08-13,,,000743_00
221309,20260806177,静岡県,浜松市,休日救急歯科診療,キュウジツキュウキュウシカシンリヨウ,,2026-10-12,,13:00,15:30,,,,,健康増進課,(053)453-6129,,,浜松市口腔保健医療センター（歯の健康センター）,浜松市中央区鴨江二丁目11-2,,34.705136,137.713226,,,,,,申込不要,,,けんこう,中央区,2026-08-13,,,000743_00
221309,20260806178,静岡県,浜松市,休日救急歯科診療,キュウジツキュウキュウシカシンリヨウ,,2026-10-18,,9:00,11:30,,,,,健康増進課,(053)453-6129,,,浜松市口腔保健医療センター（歯の健康センター）,浜松市中央区鴨江二丁目11-2,,34.705136,137.713226,,,,,,申込不要,,,けんこう,中央区,2026-08-13,,,000743_00
221309,20260806179,静岡県,浜松市,休日救急歯科診療,キュウジツキュウキュウシカシンリヨウ,,2026-10-18,,13:00,15:30,,,,,健康増進課,(053)453-6129,,,浜松市口腔保健医療センター（歯の健康センター）,浜松市中央区鴨江二丁目11-2,,34.705136,137.713226,,,,,,申込不要,,,けんこう,中央区,2026-08-13,,,000743_00
221309,20260806180,静岡県,浜松市,休日救急歯科診療,キュウジツキュウキュウシカシンリヨウ,,2026-10-25,,9:00,11:30,,,,,健康増進課,(053)453-6129,,,浜松市口腔保健医療センター（歯の健康センター）,浜松市中央区鴨江二丁目11-2,,34.705136,137.713226,,,,,,申込不要,,,けんこう,中央区,2026-08-13,,,000743_00
221309,20260806181,静岡県,浜松市,休日救急歯科診療,キュウジツキュウキュウシカシンリヨウ,,2026-10-25,,13:00,15:30,,,,,健康増進課,(053)453-6129,,,浜松市口腔保健医療センター（歯の健康センター）,浜松市中央区鴨江二丁目11-2,,34.705136,137.713226,,,,,,申込不要,,,けんこう,中央区,2026-08-13,,,000743_00
221309,20260806182,静岡県,浜松市,食と健康セミナー(浜名),ショクトケンコウセミナー　ハマナ,,2026-11-27,,9:30,11:30,,"【内容】講話「糖化は老化!?　今日から始める糖化予防の“知的食生活”」
【対象】浜松市民
【講師】池谷　昌先生　常葉大学　健康プロデュース学部　健康栄養学科
教授　博士(心身健康科学)",0円,,浜名健康づくりセンター,(053)585-1171,5222,浜名健康づくりセンター,浜松市浜北文化センター,浜松市浜名区貴布祢291-1,,34.794439,137.783274,,,25人　先着順,2026-11-20,,"申込必要
【締切】締切
【申込開始】2026年10月15日(木曜日)　12時30分
Logoフォーム",https://www.city.hamamatsu.shizuoka.jp/kenkozoshin/event/20260731syokutokenko.html,,講座・教室,浜名区,2026-08-13,,,002410_00
221309,20260806183,静岡県,浜松市,にこにこぷらす,ニコニコプラス,,2026-09-17,,10:00,11:30,開始時間に間に合わなくても、終了時間より早く帰っても大丈夫です。,"【内容】パパママのリラックスタイム、手形・足形スタンプ、身長・体重測定ができます。
【対象】天竜区にお住まいの1歳未満のお子さんと保護者の方",,,天竜健康づくりセンター（天竜こども家庭センター）,(053)922-0075,,,天竜保健福祉センター,浜松市天竜区二俣町二俣530-18,,34.871333,137.814592,,,,,,申込不要,,,けんこう,天竜区,2026-08-13,,○,002518_00
221309,20260806184,静岡県,浜松市,自死遺族わかちあいの会,ジシイゾクワカチアイノカイ,,2026-11-14,,14:00,16:00,,"【内容】同じ立場の人同士で体験や気持ちをわかちあう　
【対象】自死(自殺)でご家族を亡くされた方",,,精神保健福祉センター,(053)457-2709,2709,,浜松市精神保健福祉センター,浜松市中央区中央一丁目12-1,静岡県浜松総合庁舎4階,34.710600,137.734608,,,,2026-11-13,17:00,"申込必要
【締切】締切
【方法】電話((053)457-2709)",https://www.city.hamamatsu.shizuoka.jp/sei-hokenc/soudan/seisin/grief.html,来所による個別相談も行っています(予約制)。詳細についてはお問合せください。,けんこう,中央区,2026-08-13,2026-09-02,,001061_00
221309,20260806185,静岡県,浜松市,摂食障害家族サロンひまわり,セッショクショウガイカゾクサロンヒマワリ,,2026-11-28,,13:30,15:30,,"【内容】摂食障害をかかえる人の家族が集い、思いや体験を語り合い、わかちあいを行います
【対象】摂食障害をかかえる人のご家族",,,精神保健福祉センター,(053)457-2709,2709,,浜松市市民協働センター,浜松市中央区中央一丁目13-3,,34.709652,137.734603,,有,,2026-11-20,17:15,"申込必要
【締切】締切
【方法】電話((053)457-2709)",https://www.city.hamamatsu.shizuoka.jp/sei-hokenc/tayori/himawari.html,来所による個別相談も行っています(予約制)。詳細についてはお問合せください。,そうだん,中央区,2026-08-13,,,004142_00
221309,20260806186,静岡県,浜松市,ひきこもり講演会,ヒキコモリコウエンカイ,,2026-12-02,,13:30,16:00,13:00受付開始,"【内容】地域の方々や支援者にひきこもりについて知る・考える機会としていただくための講演会です。
【対象】ひきこもりについて関心のある方
【講師】宮武　将大　氏(一般社団法人hito.toco代表)",,,ひきこもりサポートセンターこだま,(053)453-8744,,,浜松市浜北文化センター,浜松市浜名区貴布祢291-1,,34.794439,137.783274,,,150人,2026-12-01,,"申込必要
【締切】締切
【申込開始】2026年10月19日(月曜日)　
【方法】電話((053)453-8744　)",https://npo-e-jan.com/kodama/,,けんこう,浜名区,2026-08-13,,,002410_00
221309,20260806187,静岡県,浜松市,がんでご家族を亡くされた方のつどい,ガンデゴカゾクヲナクサレタカタノツドイ,,2026-10-27,,13:30,15:30,,"【内容】同じ立場の人同士で体験や気持ちをわかちあう　
【対象】がんでご家族を亡くされた方",,,精神保健福祉センター,(053)457-2709,2709,,浜松市精神保健福祉センター,浜松市中央区中央一丁目12-1,静岡県浜松総合庁舎4階,34.710600,137.734608,,有,,2026-10-27,12:00,"申込必要
【締切】締切
【方法】電話((053)457-2709)",https://www.city.hamamatsu.shizuoka.jp/sei-hokenc/tayori/gannotsudoi.html,来所による個別相談も行っています(予約制)。詳細についてはお問合せください。,けんこう,中央区,2026-08-13,,,001061_00
221309,20260806188,静岡県,浜松市,依存の問題を抱える家族のための勉強会,イゾンノモンダイヲカカエルカゾクノタメノベンキョウカイ,,2026-11-12,,14:00,16:00,全3回の日程です。(1)11月12日(木)(2)12月10日(木)(3)1月14日(木),"【内容】第1回:依存症とは、第2回:家族の接し方(1)、第3回:家族の接し方(2)
【対象】依存の問題で悩むご家族",,,精神保健福祉センター,(053)457-2709,2709,,静岡県浜松総合庁舎,浜松市中央区中央一丁目12-1,7階(703、704),34.710521,137.734630,,有,50人　先着順,2026-11-11,17:15,"申込必要
【締切】締切
【申込開始】2026年10月15日(木曜日)　9時00分
【方法】電話((053)457-2709)",https://www.city.hamamatsu.shizuoka.jp/sei-hokenc/soudan/index.html,,けんこう,中央区,2026-08-13,2026-09-02,,999999_02
221309,20260806189,静岡県,浜松市,"浜松市ひきこもり地域支援センターサテライト ゆるりと浜名 ひきこもり家族交流会","ハママツシヒキコモリチイキシエンセンターサテライト ユルリトハマナ ヒキコモリカゾクコウリュウカイ",,2026-11-14,,10:00,12:00,11/14、11/28,"【内容】ご家族同士のわかちあいや交流
【対象】ご家庭での生活が中心となっているご家族が身近にいる方
【講師】ゆるつな浜松",,,精神保健福祉センター,(053)457-2709,2709,,コミュニティスペース和樂,浜松市浜名区小林390,,34.801394,137.780732,,有,10人,,,申込不要,https://npo-e-jan.com/kodama/satellite/,,けんこう,浜名区,2026-08-13,,,
221309,20260806190,静岡県,浜松市,看護専門学校文化祭,,,2026-11-22,,10:00,14:30,,"【内容】看護専門学校の文化祭
【対象】どなたでも",,,看護専門学校,(053)455-0891,,,浜松市立看護専門学校,浜松市中央区佐鳴台5丁目8-1,,34.714214,137.698839,,なし,,,,,https://www.city.hamamatsu.shizuoka.jp/kango/school/kango/index.html,,おしらせ,中央区,2026-08-13,,,
221309,20260806191,静岡県,浜松市,第18回くすりと健康フェスタ~薬物乱用撲滅キャンペーン~,,,2026-11-08,,10:00,15:00,,【内容】お子様調剤体験、おくすり相談、薬剤師の仕事紹介、健康チェック、飲料水検査受付、お菓子釣り、薬物乱用防止啓発コーナー　他,,,（一社）浜松市薬剤師会,(053)455-2976,,(一社)浜松市薬剤師会、浜松市,遠鉄百貨店　新館,浜松市中央区旭町12-1,8階えんてつホール,34.704600,137.733164,,,,,,申込不要,https://www.city.hamamatsu.shizuoka.jp/hokenk/health/yakubutu/festa2.html,,イベント,中央区,2026-08-13,,○,
221309,20260806192,静岡県,浜松市,愛犬のしつけ方教室,アイケンノシツケカタキョウシツ,,2026-10-18,,10:30,11:30,,"【内容】しつけ方教室
【対象】犬の飼い主
【条件】犬には鑑札及び狂犬病予防注射済票を必ず装着",,,動物愛護教育センター,(053)487-1616,,,浜松市動物愛護教育センター,浜松市中央区舘山寺町199,浜松市動物園第1駐車場内,34.764672,137.629396,,,5人　抽選,2026-10-11,,"申込必要
【締切】必着
【方法】窓口／FAX((053)487-1675)／郵送(431-1209　浜松市中央区舘山寺町199　動物愛護教育センター)／ホームページ／E-mail
講座名、開催日、氏名、住所、電話番号、飼い犬の情報(名前、種類、性別、年齢、登録番号、注射番号)",https://www.hama-aikyou.jp/,,おしらせ,中央区,2026-08-13,,○,004678_00
221309,20260806193,静岡県,浜松市,ワンニャン飼い方相談会,ワンニャンカイカタソウダンカイ,,2026-11-18,,10:00,11:30,,"【内容】飼い方相談
【対象】犬猫の飼い主及びこれから飼いたい人",,,動物愛護教育センター,(053)487-1616,,,浜松市動物愛護教育センター,浜松市中央区舘山寺町199,浜松市動物園第1駐車場内,34.764672,137.629396,,,5人　抽選,2026-11-11,,"申込必要
【締切】必着
【方法】窓口／FAX((053)487-1675)／郵送(431-1209　浜松市中央区舘山寺町199　動物愛護教育センター)／ホームページ／E-mail
講座名、開催日、氏名、住所、電話番号、ペットの情報(名前、種類、性別、年齢)、飼い犬の登録番号及び注射番号",https://www.hama-aikyou.jp/,,おしらせ,中央区,2026-08-13,,○,004678_00
221309,20260806194,静岡県,浜松市,ここみのおしゃべりサロン,,,2026-11-20,,13:30,15:00,,"【内容】今月は『理学療法にもとづくWARAリズムを体験しよう』です。
【対象】妊婦・0歳
【その他】持ち物:バスタオル、水分補給できるもの、動きやすい服装(スカート不可)",,1家族300円,浜松こども館,(053)450-9111,,,浜松こども館,浜松市中央区鍛冶町100-1,ザザシティ浜松中央館6・7階,34.705228,137.730166,,,20組,2026-11-10,,"申込必要
【申込開始】2026年11月03日(火曜日)　
【方法】ホームページ",https://kodomokan.entetsuassist-dms.com/event/,,こそだて,中央区,2026-08-13,,○,002327_00
221309,20260806195,静岡県,浜松市,いっしょにあそぼ！ねんね・ごろんの赤ちゃんと＆ぐっすりねんねのお話会,,,2026-11-03,,10:30,11:30,,"【内容】わらべうたや絵本で赤ちゃんとの時間を楽しみましょう。後半は、眠育アドバイザー黒柳あやかさんの「こどもの睡眠についてのお話」があります。
【対象】0歳
【講師】黒柳あやか",,,浜松こども館,(053)450-9111,,,浜松こども館,浜松市中央区鍛冶町100-1,ザザシティ浜松中央館6・7階,34.705228,137.730166,,,30人,,,申込不要,https://kodomokan.entetsuassist-dms.com/event/,,こそだて,中央区,2026-08-13,,○,002327_00
221309,20260806196,静岡県,浜松市,助産師さんのベビーマッサージ,,,2026-11-06,,10:30,11:30,,"【内容】「初めての冬の生活」のこばなしがあります。終了後、12時まで自由参加で個別相談ができます。
【対象】0歳
【その他】持ち物:バスタオル",,1家族300円,浜松こども館,(053)450-9111,,,浜松こども館,浜松市中央区鍛冶町100-1,ザザシティ浜松中央館6・7階,34.705228,137.730166,,,30組,,,申込不要,https://kodomokan.entetsuassist-dms.com/event/,,こそだて,中央区,2026-08-13,,○,002327_00
221309,20260806197,静岡県,浜松市,助産師さんのベビーマッサージ,,,2026-11-27,,10:30,11:30,,"【内容】「言葉のはなし」のこばなしがあります。終了後、12時まで自由参加で個別相談ができます。
【対象】0歳
【その他】持ち物:バスタオル",,1家族300円,浜松こども館,(053)450-9111,,,浜松こども館,浜松市中央区鍛冶町100-1,ザザシティ浜松中央館6・7階,34.705228,137.730166,,,30組,,,申込不要,https://kodomokan.entetsuassist-dms.com/event/,,こそだて,中央区,2026-08-13,,○,002327_00
221309,20260806198,静岡県,浜松市,助産師さんのベビーマッサージ,,,2026-11-13,,10:30,11:30,,"【内容】今月は「絵本のはなし」のこばなしがあります。終了後、12時まで自由参加で個別相談ができます。
【対象】0歳
【その他】持ち物:バスタオル",,1家族500円,浜松こども館,(053)450-9111,,,浜松市青少年の家,浜松市中央区住吉四丁目23-1,,34.731949,137.731572,,,15組,,,申込不要,https://kodomokan.entetsuassist-dms.com/event/,,こそだて,中央区,2026-08-13,,○,001613_00
221309,20260806199,静岡県,浜松市,いっしょにあそぼ！ハイハイ赤ちゃんと,,,2026-11-17,,10:30,11:30,,"【内容】絵本やふれあい遊び、ハイハイをしてみんなで楽しみましょう。 
【対象】0歳",,,浜松こども館,(053)450-9111,,,浜松こども館,浜松市中央区鍛冶町100-1,ザザシティ浜松中央館6・7階,34.705228,137.730166,,,30人,,,申込不要,https://kodomokan.entetsuassist-dms.com/event/,,こそだて,中央区,2026-08-13,,○,002327_00
221309,20260806200,静岡県,浜松市,いっしょにあそぼ！ヨチヨチちゃんと,,,2026-11-05,,10:30,11:30,,"【内容】親子で一緒にワクワクする遊びでたくさん歩いて遊びましょう。
【対象】1歳",,,浜松こども館,(053)450-9111,,,浜松こども館,浜松市中央区鍛冶町100-1,ザザシティ浜松中央館6・7階,34.705228,137.730166,,,30人,,,申込不要,https://kodomokan.entetsuassist-dms.com/event/,,こそだて,中央区,2026-08-13,,○,002327_00
221309,20260806201,静岡県,浜松市,音と遊ぼうリトミック,,,2026-11-09,,11:10,11:40,,"【内容】動くことが大好きな1歳さん！音楽に合わせて楽しく過ごしましょう♪
【対象】1歳",300円,,浜松こども館,(053)450-9111,,,浜松こども館,浜松市中央区鍛冶町100-1,ザザシティ浜松中央館6・7階,34.705228,137.730166,,,20人,,,申込不要,https://kodomokan.entetsuassist-dms.com/event/,,こそだて,中央区,2026-08-13,,○,002327_00
221309,20260806202,静岡県,浜松市,音と遊ぼうリトミック,,,2026-11-30,,11:10,11:40,,"【内容】動くことが大好きな1歳さん！音楽に合わせて楽しく過ごしましょう♪
【対象】1歳",300円,,浜松こども館,(053)450-9111,,,浜松こども館,浜松市中央区鍛冶町100-1,ザザシティ浜松中央館6・7階,34.705228,137.730166,,,20人,,,申込不要,https://kodomokan.entetsuassist-dms.com/event/,,こそだて,中央区,2026-08-13,,○,002327_00
221309,20260806203,静岡県,浜松市,ハロー！みんなでABC,,,2026-11-11,,11:10,11:40,,"【内容】音楽や遊び・絵本を通じて親子で楽しみながら、英語に触れあいましょう！
【対象】1歳",300円,,浜松こども館,(053)450-9111,,,浜松こども館,浜松市中央区鍛冶町100-1,ザザシティ浜松中央館6・7階,34.705228,137.730166,,,20人,,,申込不要,https://kodomokan.entetsuassist-dms.com/event/,,こそだて,中央区,2026-08-13,,○,002327_00
221309,20260806204,静岡県,浜松市,親子でワークショップ,,,2026-11-24,,10:30,11:30,,"【内容】今月は『ゆびえのぐ』をします。
【対象】2～3歳
【その他】持ち物:タオル、着替え(必要であれば)　親子で汚れてもよい服装でお越しください。",,"1家族100円※別途材料費が 1人現金100円かかります",浜松こども館,(053)450-9111,,,浜松こども館,浜松市中央区鍛冶町100-1,ザザシティ浜松中央館6・7階,34.705228,137.730166,,,15組,,,申込不要,https://kodomokan.entetsuassist-dms.com/event/,,こそだて,中央区,2026-08-13,,○,002327_00
221309,20260806205,静岡県,浜松市,いっしょにあそぼ！トコトコちゃんと,,,2026-11-26,,10:30,11:30,,"【内容】走る、のぼる、跳ぶなどの楽しい遊びをたくさんやってみよう。 
【対象】2～3歳",,,浜松こども館,(053)450-9111,,,浜松こども館,浜松市中央区鍛冶町100-1,ザザシティ浜松中央館6・7階,34.705228,137.730166,,,30人,,,申込不要,https://kodomokan.entetsuassist-dms.com/event/,,こそだて,中央区,2026-08-13,,○,002327_00
221309,20260806206,静岡県,浜松市,音と遊ぼうリトミック,,,2026-11-09,,10:20,11:00,,"【内容】さまざまな動作ができるようになった2、3歳さん！音の変化をよく聴いて楽しみましょう♪
【対象】2～3歳",300円,,浜松こども館,(053)450-9111,,,浜松こども館,浜松市中央区鍛冶町100-1,ザザシティ浜松中央館6・7階,34.705228,137.730166,,,20人,,,申込不要,https://kodomokan.entetsuassist-dms.com/event/,,こそだて,中央区,2026-08-13,,○,002327_00
221309,20260806207,静岡県,浜松市,音と遊ぼうリトミック,,,2026-11-30,,10:20,11:00,,"【内容】さまざまな動作ができるようになった2、3歳さん！音の変化をよく聴いて楽しみましょう♪
【対象】2～3歳",300円,,浜松こども館,(053)450-9111,,,浜松こども館,浜松市中央区鍛冶町100-1,ザザシティ浜松中央館6・7階,34.705228,137.730166,,,20人,,,申込不要,https://kodomokan.entetsuassist-dms.com/event/,,こそだて,中央区,2026-08-13,,○,002327_00
221309,20260806208,静岡県,浜松市,ハロー！みんなでABC,,,2026-11-11,,10:30,11:00,,"【内容】音楽や遊び・絵本の中の簡単な英語を言葉にしながら楽しく遊びましょう！
【対象】2～3歳",300円,,浜松こども館,(053)450-9111,,,浜松こども館,浜松市中央区鍛冶町100-1,ザザシティ浜松中央館6・7階,34.705228,137.730166,,,20人,,,申込不要,https://kodomokan.entetsuassist-dms.com/event/,,こそだて,中央区,2026-08-13,,○,002327_00
221309,20260806209,静岡県,浜松市,親子でパン作り,,,2026-11-19,,11:30,12:00,,"【内容】親子で1個ずつ好きな形のパンを作りましょう。
【対象】2～3歳",300円,,浜松こども館,(053)450-9111,,,浜松こども館,浜松市中央区鍛冶町100-1,ザザシティ浜松中央館6・7階,34.705228,137.730166,,,8人,2026-11-05,,"申込必要
【申込開始】2026年11月03日(火曜日)　
【方法】ホームページ",https://kodomokan.entetsuassist-dms.com/event/,,こそだて,中央区,2026-08-13,,○,002327_00
221309,20260806210,静岡県,浜松市,親子でおやつ,,,2026-11-04,,11:00,11:45,,"【内容】今月は、親子で1個ずつ『さつまボーロ』を作ります。
【対象】2～3歳",300円,,浜松こども館,(053)450-9111,,,浜松こども館,浜松市中央区鍛冶町100-1,ザザシティ浜松中央館6・7階,34.705228,137.730166,,,8人,2026-10-21,,"申込必要
【申込開始】2026年10月18日(日曜日)　
【方法】ホームページ",https://kodomokan.entetsuassist-dms.com/event/,,こそだて,中央区,2026-08-13,,○,002327_00
221309,20260806211,静岡県,浜松市,Let's運動あそびマン,,,2026-11-21,,10:30,11:30,,"【内容】マットや跳び箱、ボールなどを使って親子で身体を動かします。
【対象】3歳以上の未就学児
【条件】安全のため3歳未満の子は入室できません。
【講師】講師:きのいい羊達",,1組300円,浜松こども館,(053)450-9111,,,浜松こども館,浜松市中央区鍛冶町100-1,ザザシティ浜松中央館6・7階,34.705228,137.730166,,,親子ペア25組,,,申込不要,https://kodomokan.entetsuassist-dms.com/event/,,こそだて,中央区,2026-08-13,,○,002327_00
221309,20260806212,静岡県,浜松市,パン作り,,,2026-11-22,,11:30,12:15,,"【内容】今月は、『チョコ入りパン』です。
【対象】4歳以上",200円,,浜松こども館,(053)450-9111,,,浜松こども館,浜松市中央区鍛冶町100-1,ザザシティ浜松中央館6・7階,34.705228,137.730166,,,16人,2026-11-08,,"申込必要
【申込開始】2026年11月06日(金曜日)　
【方法】ホームページ",https://kodomokan.entetsuassist-dms.com/event/,,こそだて,中央区,2026-08-13,,○,002327_00
221309,20260806213,静岡県,浜松市,おやつ作り,,,2026-11-08,,11:00,11:45,,"【内容】今月は、『スイートポテト』を作ります。
【対象】4歳以上",200円,,浜松こども館,(053)450-9111,,,浜松こども館,浜松市中央区鍛冶町100-1,ザザシティ浜松中央館6・7階,34.705228,137.730166,,,16人,2026-10-28,,"申込必要
【申込開始】2026年10月23日(金曜日)　
【方法】ホームページ",https://kodomokan.entetsuassist-dms.com/event/,,こそだて,中央区,2026-08-13,,○,002327_00
221309,20260806214,静岡県,浜松市,ヴィオラとピアノのコンサート,,,2026-11-10,,11:00,11:30,,"【内容】赤ちゃん連れOK!生演奏のコンサートを楽しみましょう。
【対象】どなたでも
【講師】出演: ヴィオラ 池田礼美, ピアノ 田端ひろこ",,1家族300円,浜松こども館,(053)450-9111,,,浜松こども館,浜松市中央区鍛冶町100-1,ザザシティ浜松中央館6・7階,34.705228,137.730166,,,,,,申込不要,https://kodomokan.entetsuassist-dms.com/event/,,こそだて,中央区,2026-08-13,2026-09-07,○,002327_00
221309,20260806215,静岡県,浜松市,みんなでくるくる～！！こまあそび,,,2026-11-07,,14:00,15:00,,"【内容】子どもも大人もみんなで楽しもう。浜松こども館オリジナルこま検定も受けてみませんか？
【対象】どなたでも",,,浜松こども館,(053)450-9111,,,浜松こども館,浜松市中央区鍛冶町100-1,ザザシティ浜松中央館6・7階,34.705228,137.730166,,,10人,,,申込不要,https://kodomokan.entetsuassist-dms.com/event/,,こそだて,中央区,2026-08-13,,○,002327_00
221309,20260806216,静岡県,浜松市,しょうぎに挑戦,,,2026-11-14,,13:00,15:00,,"【内容】初心者から上級者まで、子どもから大人まで、それぞれの将棋を楽しみましょう。
【対象】どなたでも
【講師】神谷　広志　八段:日本将棋連盟 浜松支部",,,浜松こども館,(053)450-9111,,,浜松こども館,浜松市中央区鍛冶町100-1,ザザシティ浜松中央館6・7階,34.705228,137.730166,,,,,,申込不要,https://kodomokan.entetsuassist-dms.com/event/,,こそだて,中央区,2026-08-13,,○,002327_00
221309,20260806217,静岡県,浜松市,しょうぎに挑戦,,,2026-11-28,,13:00,15:00,,"【内容】初心者から上級者まで、子どもから大人まで、それぞれの将棋を楽しみましょう。
【対象】どなたでも
【講師】神谷　広志　八段:日本将棋連盟 浜松支部",,,浜松こども館,(053)450-9111,,,浜松こども館,浜松市中央区鍛冶町100-1,ザザシティ浜松中央館6・7階,34.705228,137.730166,,,,,,申込不要,https://kodomokan.entetsuassist-dms.com/event/,,こそだて,中央区,2026-08-13,,○,002327_00
221309,20260806218,静岡県,浜松市,よみかたりさん,,,2026-11-08,,10:50,11:20,,"【内容】ボランティアさんが絵本の読み語りや人形劇などをします。みんなで楽しい時間を過ごしましょう。
【対象】どなたでも",,,浜松こども館,(053)450-9111,,,浜松こども館,浜松市中央区鍛冶町100-1,ザザシティ浜松中央館6・7階,34.705228,137.730166,,,,,,申込不要,https://kodomokan.entetsuassist-dms.com/event/,,こそだて,中央区,2026-08-13,,○,002327_00
221309,20260806219,静岡県,浜松市,ウッドクラフト,,,2026-11-28,,10:00,15:00,,"【内容】MOCOBOの方が一緒に作ってくれるので小さな子でもOK！出来上がったら電気ペンで名前を入れられます！
【対象】どなたでも",,現金700円～,浜松こども館,(053)450-9111,,,浜松こども館,浜松市中央区鍛冶町100-1,ザザシティ浜松中央館6・7階,34.705228,137.730166,,,40人　先着順,,,申込不要,https://kodomokan.entetsuassist-dms.com/event/,,こそだて,中央区,2026-08-13,,○,002327_00
221309,20260806220,静岡県,浜松市,HONDAのダンボールクラフト～ワゴン車をつくろう～,,,2026-11-14,,10:00,11:30,,"【内容】HONDAのボランティアさんと一緒にダンボールクラフトをしよう！
【対象】4歳～6年生
【その他】4歳～2年生は保護者同伴",,,浜松こども館,(053)450-9111,,,浜松こども館,浜松市中央区鍛冶町100-1,ザザシティ浜松中央館6・7階,34.705228,137.730166,,,30人,2026-10-23,,"申込必要
【申込開始】2026年10月14日(水曜日)　
【方法】ホームページ",https://kodomokan.entetsuassist-dms.com/event/,,こそだて,中央区,2026-08-13,,○,002327_00
221309,20260806221,静岡県,浜松市,HONDAのダンボールクラフト～ワゴン車をつくろう～,,,2026-11-14,,13:30,15:00,,"【内容】HONDAのボランティアさんと一緒にダンボールクラフトをしよう！
【対象】4歳～6年生
【その他】4歳～2年生は保護者同伴",,,浜松こども館,(053)450-9111,,,浜松こども館,浜松市中央区鍛冶町100-1,ザザシティ浜松中央館6・7階,34.705228,137.730166,,,30人,2026-10-23,,"申込必要
【申込開始】2026年10月14日(水曜日)　
【方法】ホームページ",https://kodomokan.entetsuassist-dms.com/event/,,こそだて,中央区,2026-08-13,,○,002327_00
221309,20260806222,静岡県,浜松市,こどもアドボカシーってなんだろう?,,,2026-11-29,,13:30,15:00,,"【内容】ゲームや動画で「こどもの権利」について楽しく学ぼう！
【対象】どなたでも
【講師】一般社団法人こどもアドボカシーセンター浜松",,,浜松こども館,(053)450-9111,,,浜松こども館,浜松市中央区鍛冶町100-1,ザザシティ浜松中央館6・7階,34.705228,137.730166,,,,,,申込不要,https://kodomokan.entetsuassist-dms.com/event/,,こそだて,中央区,2026-08-13,,○,002327_00
221309,20260806223,静岡県,浜松市,冬の花植え付け体験！,,,2026-11-06,,11:00,11:30,,"【内容】ご家族でお花の苗を植えてみませんか？
【対象】どなたでも",,,浜松こども館,(053)450-9111,,,浜松こども館,浜松市中央区鍛冶町100-1,ザザシティ浜松中央館6・7階,34.705228,137.730166,,,,,,申込不要,https://kodomokan.entetsuassist-dms.com/event/,,こそだて,中央区,2026-08-13,,○,002327_00
221309,20260806224,静岡県,浜松市,親子で楽しむ絵本とあそび,,,2026-11-06,,15:00,16:30,,"【内容】絵本やパネルシアターの読み聞かせと、自由参加のクラフト等があります。内容は3歳以下のお子様対象です。
【対象】どなたでも",,,浜松こども館,(053)450-9111,,,浜松市青少年の家,浜松市中央区住吉四丁目23-1,,34.731949,137.731572,,,10組程度,,,申込不要,https://kodomokan.entetsuassist-dms.com/event/,,こそだて,中央区,2026-08-13,,○,001613_00
221309,20260806225,静岡県,浜松市,親子で楽しむ絵本とあそび,,,2026-11-20,,10:30,12:00,,"【内容】絵本やパネルシアターの読み聞かせと、自由参加のクラフト等があります。内容は3歳以下のお子様対象です。
【対象】どなたでも",,,浜松こども館,(053)450-9111,,,浜松市青少年の家,浜松市中央区住吉四丁目23-1,,34.731949,137.731572,,,10組程度,,,申込不要,https://kodomokan.entetsuassist-dms.com/event/,,こそだて,中央区,2026-08-13,,○,001613_00
221309,20260806226,静岡県,浜松市,浜松こども館お誕生日コンサート♪,,,2026-11-01,,11:00,11:30,,"【内容】11月22日は、こども館のお誕生日です。コンサートで、みんなでお祝いしましょう。
【対象】どなたでも",,,浜松こども館,(053)450-9111,,,浜松こども館,浜松市中央区鍛冶町100-1,ザザシティ浜松中央館6・7階,34.705228,137.730166,,,,,,申込不要,https://kodomokan.entetsuassist-dms.com/event/,,こそだて,中央区,2026-08-13,,○,002327_00
221309,20260806227,静岡県,浜松市,キャンプ！はじめの一歩,,,2026-12-12,2026-12-13,13:00,15:00,1泊2日,"【内容】仲間と協力し、様々な野外活動を通して、初めての宿泊体験に挑戦します。
【対象】小学1年～3年生",2800円,,青少年の家,(053)471-4725,,,浜松市青少年の家,浜松市中央区住吉四丁目23-1,,34.731949,137.731572,,,40名程度／応募多数の場合抽選,2026-11-14,,"申込必要
【申込開始】2026年10月31日(土曜日)　
【方法】ホームページ
ホームページのイベント申込みフォームよりご応募ください。※1人一通でお申込みください",https://h-seisyounen-ie.entetsuassist-dms.com/,,イベント,中央区,2026-08-13,,○,001613_00
221309,20260806228,静岡県,浜松市,親子で楽しむ絵本とあそび(午後の部)(2),,,2026-11-06,,15:00,16:30,,"【内容】四季折々の自然を感じながら、親子で絵本の世界を楽しみます。
【対象】0歳児～3歳児とその保護者",,,青少年の家,(053)471-4725,,,浜松市青少年の家,浜松市中央区住吉四丁目23-1,,34.731949,137.731572,,,先着順　10組程度,,,"申込不要
当日、直接会場へお越しください。",https://h-seisyounen-ie.entetsuassist-dms.com/,,イベント,中央区,2026-08-13,,○,001613_00
221309,20260806229,静岡県,浜松市,親子で「できた！」が増える運動あそび教室,オヤコデデキタ！ガフエルウンドウアソビキョウシツ,,2026-12-05,,13:30,15:30,,"【内容】前半は講話や親だけでウォーミングアップ、後半は親子あそびの実践
【対象】概ね年中～小学低学年の子どもと親子(父・母・祖父母・きょうだい等)",,ひと家族300円,浜松市子育て情報センター,(053)457-3415,,浜松市子育て情報センター,北浜南部協働センター,浜松市浜名区寺島2946,,34.784527,137.792726,,,20人　抽選,2026-11-23,,"申込必要
【締切】締切
【方法】窓口／電話((053)457-3415)／ホームページ",https://www.hamamatsu-pippi.net/contents/7882.html,,こそだて,浜名区,2026-08-13,,○,004519_00
221309,20260806230,静岡県,浜松市,「ひとりひとりにいい声掛けデー」　～青少年に「温かいひと声」を！～,ヒトリヒトリニイイコエカケデーセイショウネンニ「アタタカイヒトコエ」ヲ！,,2026-11-11,,7:30,0:00,0.3125,"【内容】0.333333333333333
【対象】荒天の場合は中止
【条件】青少年の健全育成及び大人への啓発と地域の防犯意識の向上を目的に大人が地域の子供にあいさつや声掛けを行います。11月11日(水)7:30～8:00　に市職員がJR浜松駅で啓発キャンペーンを行います。
また、各中学校区健全育成会もこの日を基準日としてあいさつや声掛けを行いますが、実施日時や場所は各中学校区健全育成会に直接お問い合わせください。

【講師】いません",,なし,こども家庭部こども若者政策課　青少年育成センター,(053)457-2418,2418,浜松市,キャンペーンは浜松駅構内　声掛け運動は各健全育成会が指定した場所,-,,-,-,,なし,定員は定めていない,,,申込不要,https://www.city.hamamatsu.shizuoka.jp/ikusei/kenzenikusei.html,,おしらせ,,2026-08-13,2026-08-26,○,
221309,20260806231,静岡県,浜松市,浜松市こどもの権利フォーラム,,,2026-11-15,,13:00,16:30,,【内容】基調講演、こども・若者からの意見発表、パネルディスカッション、イベントブース等,,,こども若者政策課,(053)-457-2795,9010,,可美公園総合センター,浜松市中央区増楽町920-1,,34.687110,137.694493,,,抽選,2026-11-08,,申込必要,https://www.city.hamamatsu.shizuoka.jp/kenko/kosodate/kenri/index.html,,イベント,中央区,2026-08-13,2026-09-02,○,000380_00
221309,20260806232,静岡県,浜松市,会計年度任用職員(保育園・こども園園務員)の募集,カイケイネンドニンヨウショクイン(ホイクエン・コドモエンエンムイン)ノボシュウ,,2026-11-12,2026-11-18,9:00,15:00,,"【内容】選考:11月12日(木)～11月18日(水)　定員:若干名 任用:令和9年4月1日以降　勤務:市立保育園・認定こども園において、事務及び施設管理に関すること　申込:直接または郵送で幼保運営課へ　受付期間:10月5日(月)～10月26日(月)【郵送の場合10月26日(月)の消印まで有効】",,,幼保運営課　職員管理グループ,(053)-457-2539,9113,浜松市役所　幼保運営課,"ザザシティ浜松中央館 5階",浜松市中区鍛冶町100-1,,34.705079,137.730320,,,,2026-10-26,,"申込必要
【締切】消印有効
【申込開始】2026年10月05日(月曜日)　
【方法】窓口／郵送(430-0933　浜松市中央区鍛冶町100番地の1　ザザシティ浜松中央館5階　浜松市役所　幼保運営課)",,ホーム＞市政＞職員採用＞職員募集のお知らせ【会計年度任用職員】＞会計年度任用職員(保育園・こども園調理員)の募集,職員募集,中央区,2026-08-13,,,
221309,20260806233,静岡県,浜松市,里親制度説明会,サトオヤセイドセツメイカイ,,2026-11-14,,10:00,11:30,,"【内容】里親希望者に対して里親制度を説明します。
【対象】浜松市に住民票のある方",,,児童相談所,(053)457-2705,2705,浜松市児童相談所,浜松市みをつくし文化センター,浜松市浜名区細江町気賀369,(細江協働センター),34.806923,137.651116,,,,2026-11-13,,"申込必要
【締切】締切
【方法】電話((053)-457-2705)／ホームページ
開催日の前日までに、電話またはホームページ内にある里親説明会への申し込み入力フォームに必須項目を入力して下さい。",https://www.city.hamamatsu.shizuoka.jp/jidosodan/soudan/jiso/satooya.html,,おしらせ,浜名区,2026-08-13,,○,000937_00
221309,20260806234,静岡県,浜松市,里親制度説明会,サトオヤセイドセツメイカイ,,2026-12-11,,19:00,20:30,,"【内容】里親希望者に対して里親制度を説明します。
【対象】浜松市に住民票のある方",,,児童相談所,(053)457-2705,2705,浜松市児童相談所,浜松市児童相談所,浜松市中央区中央一丁目12-1,静岡県浜松総合庁舎4階,34.710600,137.734608,,,,2026-12-10,,"申込必要
【締切】締切
【方法】電話((053)-457-2705)／ホームページ
開催日の前日までに、電話またはホームページ内にある里親説明会への申し込み入力フォームに必須項目を入力して下さい。",https://www.city.hamamatsu.shizuoka.jp/jidosodan/soudan/jiso/satooya.html,,おしらせ,中央区,2026-08-13,,○,001100_00
221309,20260806235,静岡県,浜松市,親子体操,オヤコタイソウ,,2026-09-29,,10:00,11:30,,"【内容】親子体操
【対象】乳幼児と保護者",,,浜松市江西児童館,(053)441-2588,,浜松市,,,,,,,複合施設のため、駐車場に限りあり,,,,申込不要,,,イベント,中央区,2026-08-13,,○,
221309,20260806236,静岡県,浜松市,紙パック(牛乳パック)から、はがきをつくろう！,カミパック(ギュウニュウパック)カラ、ハガキヲツクロウ！,,2026-11-22,,10:00,12:00,,"【内容】普段は捨ててしまう身近な「牛乳パック(紙パック)」をリサイクルして、自分だけのオリジナルハガキを作るエコ体験講座を開催します！
牛乳パックの仕組みやリサイクルの大切さを楽しく学んだあと、実際に紙をすいてハガキを作ります。
自分だけのオリジナルはがきを1人2枚作成。お持ち帰りいただけます。

【当日のプログラム】
1. 環境講座: リサイクルの仕組みや森林資源の大切さを学びます。
2. ハガキづくり体験: どろどろに溶かした牛乳パックのパルプを型ですいて、オリジナルの飾り付けをしよう！
【対象】どなたでも
【条件】小学生以下は保護者同伴
【その他】持ち物:エプロン、水切り用タオル(フェイスタオル若しくは、ハンドタオルなら2枚)、すきこみたいもの(切りぬいた絵やマンガ、つつみ紙、花びら、草(クローバーなどあつみのないもの)、筆記用具",,無料,西部清掃工場・えこはま,(053)440-0150,,JFE環境テクノロジー株式会社,浜松市西部清掃工場・えこはま,浜松市中央区篠原町26098番地の1,,34.674688,137.665097,,,10人　先着順,2026-11-20,16:00,"申込必要
【締切】締切
【申込開始】2026年10月15日(木曜日)　9時00分
【方法】電話((053)440-0150)／E-mail(info@ecolifehamamatsu.com)",https://hamamatsu-seibuseisoukoujou.com/ecohama/,月曜休館※ただし祝日の場合は開館,イベント,中央区,2026-08-13,,○,001432_00
221309,20260806237,静岡県,浜松市,浜松オート第9回3節　オートレースもWINTICKET杯,,,2026-10-01,2026-10-03,10:00,,,,,,浜松オートレース場,(053)471-0311,,,浜松オートレース場,浜松市中央区和合町936-19,,34.738015,137.703645,,,,,,申込不要,,,おしらせ,中央区,2026-08-13,,,000727_00
221309,20260806238,静岡県,浜松市,浜松オート　場外発売(川口),,,2026-10-04,2026-10-07,10:00,,,,,,浜松オートレース場,(053)471-0311,,,浜松オートレース場,浜松市中央区和合町936-19,,34.738015,137.703645,,,,,,申込不要,,,おしらせ,中央区,2026-08-13,,,000727_00
221309,20260806239,静岡県,浜松市,浜松オート　ナイター場外発売(飯塚GⅡオーバルチャンピオンカップ),,,2026-10-08,2026-10-12,14:00,,,,,,浜松オートレース場,(053)471-0311,,,浜松オートレース場,浜松市中央区和合町936-19,,34.738015,137.703645,,,,,,申込不要,,,おしらせ,中央区,2026-08-13,,,000727_00
221309,20260806240,静岡県,浜松市,"浜松オート第10回1節　AutoRace. J P 投票オトもっちカップ浜松アーリーレース",,,2026-10-10,2026-10-12,9:00,,,,,,浜松オートレース場,(053)471-0311,,,浜松オートレース場,浜松市中央区和合町936-19,,34.738015,137.703645,,,,,,申込不要,,,おしらせ,中央区,2026-08-13,,,000727_00
221309,20260806241,静岡県,浜松市,浜松オート　場外発売(川口),,,2026-10-13,2026-10-15,10:00,,,,,,浜松オートレース場,(053)471-0311,,,浜松オートレース場,浜松市中央区和合町936-19,,34.738015,137.703645,,,,,,申込不要,,,おしらせ,中央区,2026-08-13,,,000727_00
221309,20260806242,静岡県,浜松市,浜松オート　場外発売(飯塚),,,2026-10-16,2026-10-19,10:00,,,,,,浜松オートレース場,(053)471-0311,,,浜松オートレース場,浜松市中央区和合町936-19,,34.738015,137.703645,,,,,,申込不要,,,おしらせ,中央区,2026-08-13,,,000727_00
221309,20260806243,静岡県,浜松市,浜松オート　ナイター場外発売(伊勢崎GⅡオートレースメモリアル),,,2026-10-21,2026-10-25,14:00,,,,,,浜松オートレース場,(053)471-0311,,,浜松オートレース場,浜松市中央区和合町936-19,,34.738015,137.703645,,,,,,申込不要,,,おしらせ,中央区,2026-08-13,,,000727_00
221309,20260806244,静岡県,浜松市,"浜松オート第10回2節　AutoRace. J P 投票オトもっちカップ浜松アーリーレース",,,2026-10-23,2026-10-25,9:00,,,,,,浜松オートレース場,(053)471-0311,,,浜松オートレース場,浜松市中央区和合町936-19,,34.738015,137.703645,,,,,,申込不要,,,おしらせ,中央区,2026-08-13,,,000727_00
221309,20260806245,静岡県,浜松市,浜松オート第11回1節　オッズパークpresentsSG第58回日本選手権オートレース,,,2026-10-29,2026-11-03,10:00,,,,,,浜松オートレース場,(053)471-0311,,,浜松オートレース場,浜松市中央区和合町936-19,,34.738015,137.703645,,,,,,申込不要,,,おしらせ,中央区,2026-08-13,,,000727_00
221309,20260806247,静岡県,浜松市,実梅剪定教室,ミウメセンテイキョウシツ,,2026-11-15,,,,"(1)10:00～12:00
(2)13:30～15:30",【内容】梅栽培担当が剪定のポイントを説明します。,,"受講料500円
※別途入園料が必要",フルーツパーク時之栖,(053)428-5211,,,浜松市フルーツパーク時之栖,浜松市浜名区都田町4263-1,,34.840260,137.732989,,,先着順,,,"申込必要
【申込開始】2026年10月15日(木曜日)　
【方法】電話／E-mail",https://hamamatsu-fp.co.jp,,講座・教室,浜名区,2026-08-13,,×,000117_00
221309,20260806248,静岡県,浜松市,干し柿づくり教室(愛宕柿),ホシガキヅクリキョウシツ(アタゴガキ),,2026-11-22,,10:00,11:30,,【内容】家庭でもできる干し柿の作り方を説明します。干す準備が整った柿をお持ち帰りいただけます。,,"受講料1500円
※別途入園料が必要",フルーツパーク時之栖,(053)428-5211,,,浜松市フルーツパーク時之栖,浜松市浜名区都田町4263-1,,34.840260,137.732989,,,先着順,,,"申込必要
【申込開始】2026年10月15日(木曜日)　
【方法】電話／E-mail",https://hamamatsu-fp.co.jp,,講座・教室,浜名区,2026-08-13,2026-09-02,○,000117_00
221309,20260806249,静岡県,浜松市,柿剪定教室,カキセンテイキョウシツ,,2026-12-06,,,,"(1)10:00～12:00
(2)13:30～15:30",【内容】柿栽培担当が剪定のポイントを説明します。,,"受講料500円
※別途入園料が必要",フルーツパーク時之栖,(053)428-5211,,,浜松市フルーツパーク時之栖,浜松市浜名区都田町4263-1,,34.840260,137.732989,,,先着順,,,"申込必要
【申込開始】2026年10月15日(木曜日)　
【方法】電話／E-mail",https://hamamatsu-fp.co.jp,,講座・教室,浜名区,2026-08-13,,×,000117_00
221309,20260806250,静岡県,浜松市,柿剪定教室,カキセンテイキョウシツ,,2026-12-09,,,,"(1)10:00～12:00
(2)13:30～15:30",【内容】柿栽培担当が剪定のポイントを説明します。,,"受講料500円
※別途入園料が必要",フルーツパーク時之栖,(053)428-5211,,,浜松市フルーツパーク時之栖,浜松市浜名区都田町4263-1,,34.840260,137.732989,,,先着順,,,"申込必要
【申込開始】2026年10月15日(木曜日)　
【方法】電話／E-mail",https://hamamatsu-fp.co.jp,,講座・教室,浜名区,2026-08-13,,×,000117_00
221309,20260806251,静岡県,浜松市,イルミネーション点灯式,イルミネーションテントウシキ,,2026-10-30,,17:00,17:30,,【内容】今シーズンのイルミネーション点灯の瞬間をみんなで共有しましょう！,,,フルーツパーク時之栖,(053)428-5211,,,浜松市フルーツパーク時之栖,浜松市浜名区都田町4263-1,,34.840260,137.732989,,,,,,,https://hamamatsu-fp.co.jp,,イベント,浜名区,2026-08-13,2026-09-02,×,000117_00
221309,20260806252,静岡県,浜松市,ウィンターイルミネーション,ウィンターイルミネーション,,2026-10-30,2027-02-28,17:00,21:00,,【内容】光のトンネル、くすの木ツリー、水と光と音の噴水ショーをお楽しみいただけます。,,"噴水ショー+入園料　大人1,800円・中高生1,500円・小学生1,200円、3歳～未就学児500円",フルーツパーク時之栖,(053)428-5211,,,浜松市フルーツパーク時之栖,浜松市浜名区都田町4263-1,,34.840260,137.732989,,,,,,,https://hamamatsu-fp.co.jp,,イベント,浜名区,2026-08-13,2026-09-02,○,000117_00
221309,20260806253,静岡県,浜松市,浜松学芸中学校・高等学校　吹奏楽演奏,ハママツガクゲイチュウガッコウ・コウトウガッコウ　スイソウガクエンソウ,,2026-10-18,,,,(1)11:00～　(2)14:00～,【その他】場所:フルーツパーク屋外ステージ,,入園料が必要,フルーツパーク時之栖,(053)428-5211,,,浜松市フルーツパーク時之栖,浜松市浜名区都田町4263-1,,34.840260,137.732989,,,,,,,https://hamamatsu-fp.co.jp,,イベント,浜名区,2026-08-13,2026-09-02,○,000117_00
221309,20260806254,静岡県,浜松市,浜松学院興誠中学校・高等学校　吹奏楽演奏,ハママツガクインコウセイチュウガッコウ・コウトウガッコウ　スイソウガクエンソウ,,2026-10-31,,,,(1)11:30～　(2)13:30～,【その他】場所:フルーツパーク屋外ステージ,,入園料が必要,フルーツパーク時之栖,(053)428-5211,,,浜松市フルーツパーク時之栖,浜松市浜名区都田町4263-1,,34.840260,137.732989,,,,,,,https://hamamatsu-fp.co.jp,,イベント,浜名区,2026-08-13,,○,000117_00
221309,20260806256,静岡県,浜松市,浜松北高等学校　吹奏楽演奏,ハママツキタコウトウガッコウ　スイソウガクエンソウ,,2026-11-14,,,,(1)11:30～　(2)13:30～,【その他】場所:フルーツパーク屋外ステージ,,入園料が必要,フルーツパーク時之栖,(053)428-5211,,,浜松市フルーツパーク時之栖,浜松市浜名区都田町4263-1,,34.840260,137.732989,,,,,,,https://hamamatsu-fp.co.jp,,イベント,浜名区,2026-08-13,,○,000117_00
221309,20260806257,静岡県,浜松市,第12回浜松いわたしんきんダンスパフォーマンスコンテスト,ダイ12カイハママツイワタシンキンダンスパフォーマンス,,2026-11-01,,10:00,17:00,,"【内容】高校ダンス部、同好会によるダンスパフォーマンスコンテスト
【その他】場所:フルーツパーク屋外ステージ",,入園料が必要,フルーツパーク時之栖,(053)428-5211,,,浜松市フルーツパーク時之栖,浜松市浜名区都田町4263-1,,34.840260,137.732989,,,,,,,https://hamamatsu-fp.co.jp,,イベント,浜名区,2026-08-13,,×,000117_00
221309,20260806258,静岡県,浜松市,モーニングマルシェ,モーニングマルシェ,,2026-11-07,,9:00,11:30,雨天中止,【その他】場所:入園エントランス広場(入園ゲート前),,,フルーツパーク時之栖,(053)428-5211,,,浜松市フルーツパーク時之栖,浜松市浜名区都田町4263-1,,34.840260,137.732989,,,,,,,https://hamamatsu-fp.co.jp,,イベント,浜名区,2026-08-13,,○,000117_00
221309,20260806259,静岡県,浜松市,ゴールキーパークリニック,ゴールキーパークリニック,,2026-11-08,,,,"(1)12:30～13:20　小学1・2年生
(2)13:30～14:20　小学3・4年生
(3)14:30～15:20
小学5・6年生
(4)15:30～16:20
中学生、高校生","【内容】ゴールキーパースキルのレベルアップを目指す。
【その他】場所:西エリアサッカー場",,受講料500円※別途入園料が必要,フルーツパーク時之栖,(053)428-5211,,,浜松市フルーツパーク時之栖,浜松市浜名区都田町4263-1,,34.840260,137.732989,,,先着順,,,"申込必要
【申込開始】2026年10月15日(木曜日)　
【方法】ホームページ",https://hamamatsu-fp.co.jp,,イベント,浜名区,2026-08-13,,○,000117_00
221309,20260806260,静岡県,浜松市,子育て応援DAY,コソダテオウエンデイ,,2026-11-11,,9:00,17:00,,"【内容】自然や動物とふれあいながら、食べて遊んで小さなお子さまとゆっくりお過ごしください。
【対象】未就学児と同伴の保護者",,"親子で果物収穫体験(みかん、柿)100gあたり10円引き
ふわふわ広場　無料
やぎのおやつ無料プレゼント
※別途入園料が必要",フルーツパーク時之栖,(053)428-5211,,,浜松市フルーツパーク時之栖,浜松市浜名区都田町4263-1,,34.840260,137.732989,,,,,,,https://hamamatsu-fp.co.jp,,イベント,浜名区,2026-08-13,,○,000117_00
221309,20260806262,静岡県,浜松市,第39回市場まつり,ダイサンジュウキュウカイシジョウマツリ,,2026-11-03,,6:30,11:00,青果物等の即売は7:00から,【内容】青果物、水産物、関連商品の即売や模擬せりなど面白い催し物が盛りだくさん。,,,浜松市中央卸売市場協力会,(053)427-7580,,浜松市中央卸売市場まつり実行委員会,浜松市中央卸売市場,浜松市中央区新貝町239-1,,34.704303,137.785989,,有,,,,申込不要,http://www.hamamatsu-market.jp/,駐車場に限りがありますので、公共交通機関や相乗り乗車にてお越しください。,イベント,中央区,2026-08-13,,×,001859_00
221309,20260806263,静岡県,浜松市,"まちなかWANDER LAND(ワンダーランド)～まちを漂う、都市の実験。～",マチナカワンダーランド(ワンダーランド)～マチヲタダヨウ、トシノジッケン。～,,2026-11-14,2026-11-29,10:00,17:00,"平日12:00～16:00 休日10:00～17:00","【内容】浜松城周辺エリア(尾張町、北田町)にて、「まちなかWANDER LAND(ワンダーランド)～まちを漂う、都市の実験～」を開催します。本イベントでは、浜松城周辺エリア(尾張町、北田町)における回遊性と滞在性を向上させるため、回遊空間の演出やコミュニティーガーデン、コーヒースタンドの設置、空き家を活用したイベント、グリーンスローモビリティの運行などを実施します。まちなかで、誰もが気軽に集い、楽しめる空間を目指します。ぜひ、遊びにきてください。",,,まちなか政策課,(053)457-2095,2095,浜松市,浜松城周辺エリア（尾張町、北田町）,,,,,,,,,,申込不要,https://www.city.hamamatsu.shizuoka.jp/machinaka/r8jisshou.html,※HPは10月中旬に公開予定,イベント,中央区,2026-08-13,2026-09-07,,
221309,20260806265,静岡県,浜松市,「市街化調整区域における開発許可制度の見直し(案)」のパブリック・コメントの実施について,「シガイカチョウセイクイキニオケルカイハツキョカセイドノミナオシ(アン)」ノパブリック・コメントノジッシニツイテ,,2026-10-15,2026-11-16,,,,【内容】「浜松市都市計画マスタープラン」に示す将来都市構造の実現に向けた、都市全体の土地利用計画制度の運用方針として新たに策定した「浜松市土地利用方針」に即して開発許可制度の見直しを行うことについて、意見を募集するもの。,,,都市整備部土地政策課,(053)457-2643,2643,,案の公表先:土地政策課、北部都市整備事務所、市政情報室、区役所、行政センター、支所、協働センター、ふれあいセンター、中央図書館、市民協働センター（中央区中央一丁目）、パブコメPRコーナー（市役所本館1階ロビー）、浜松市ホームページ,,,,,,,,2026-11-16,,"申込必要
【締切】締切
【申込開始】2026年10月15日(木曜日)　
【方法】窓口／FAX((050)3737-6815)／郵送(430-8652　浜松市中央区元城町103-2　土地政策課)／ホームページ／E-mail(tochi@city.hamamatsu.shizuoka.jp)",https://www.city.hamamatsu.shizuoka.jp/shise/koho/kocho/p-comment/index.htm,,おしらせ,,2026-08-13,,,
221309,20260806266,静岡県,浜松市,多肉植物の管理と寄せ植え講座(午前の部),タニクショクブツノカンリトヨセウエコウザ(ゴゼンノブ),,2026-11-04,,10:00,12:00,,"【内容】多肉植物の水やりや置き場所など詳しい管理方法を学びながら寄せ植えをつくります。
【対象】一般
【その他】持ち物:筆記用具",3300円,,みどり～な,(053)426-2300,,,浜松市緑化推進センター（みどり～な）,浜松市中央区大塚町1876-1,,34.700349,137.784010,,,20人　先着順,2026-10-28,17:00,"申込必要
【締切】締切
【申込開始】2026年10月15日(木曜日)　9時00分
【方法】窓口／電話((053)426-2300)",https://midorina.hama-park.jp/,,イベント,中央区,2026-08-13,,,002823_00
221309,20260806267,静岡県,浜松市,多肉植物の管理と寄せ植え講座(午後の部),タニクショクブツノカンリトヨセウエコウザ(ゴゴノブ),,2026-11-04,,13:30,15:30,,"【内容】多肉植物の水やりや置き場所など詳しい管理方法を学びながら寄せ植えをつくります。
【対象】一般
【その他】持ち物:筆記用具",3300円,,みどり～な,(053)426-2300,,,浜松市緑化推進センター（みどり～な）,浜松市中央区大塚町1876-1,,34.700349,137.784010,,,20人　先着順,2026-10-28,17:00,"申込必要
【締切】締切
【申込開始】2026年10月15日(木曜日)　9時00分
【方法】窓口／電話((053)426-2300)",https://midorina.hama-park.jp/,,イベント,中央区,2026-08-13,,,002823_00
221309,20260806268,静岡県,浜松市,松の古葉取り実技講座(午前の部),マツノコハトリジツギコウザ(ゴゼンノブ),,2026-11-07,,9:30,12:00,,"【内容】マツの手入れを学びたい人必見。実地研修でマツの古葉取りを学びます。
【対象】一般
【講師】袴田康秀
【その他】持ち物:帽子、アームカバー、手袋(薄くて指先の感覚がわかるもの)、小さな木ばさみ、汚れてもよい服装、筆記用具",100円,,みどり～な,(053)426-2300,,,浜松市緑化推進センター（みどり～な）,浜松市中央区大塚町1876-1,,34.700349,137.784010,,,20人　先着順,2026-10-31,17:00,"申込必要
【締切】締切
【申込開始】2026年10月15日(木曜日)　9時00分
【方法】窓口／電話((053)426-2300)",https://midorina.hama-park.jp/,,イベント,中央区,2026-08-13,,,002823_00
221309,20260806269,静岡県,浜松市,松の古葉取り実技講座(午後の部),マツノコハトリジツギコウザ(ゴゴノブ),,2026-11-07,,13:30,16:00,,"【内容】マツの手入れを学びたい人必見。実地研修でマツの古葉取りを学びます。
【対象】一般
【講師】袴田康秀
【その他】持ち物:帽子、アームカバー、手袋(薄くて指先の感覚がわかるもの)、小さな木ばさみ、汚れてもよい服装、筆記用具",100円,,みどり～な,(053)426-2300,,,浜松市緑化推進センター（みどり～な）,浜松市中央区大塚町1876-1,,34.700349,137.784010,,,20人　先着順,2026-10-31,17:00,"申込必要
【締切】締切
【申込開始】2026年10月15日(木曜日)　9時00分
【方法】窓口／電話((053)426-2300)",https://midorina.hama-park.jp/,,イベント,中央区,2026-08-13,,,002823_00
221309,20260806270,静岡県,浜松市,ナチュラルハーブ講座(お香スプレーづくり),ナチュラルハーブコウザ(オコウスプレーヅクリ),,2026-11-08,,10:00,12:00,,"【内容】安眠を誘うお香スプレーの作り方を教わります。お香の材料を使いお部屋で使うスプレーです。
【対象】一般
【講師】大岡ちづる
【その他】持ち物:筆記用具",1800円,,みどり～な,(053)426-2300,,,浜松市緑化推進センター（みどり～な）,浜松市中央区大塚町1876-1,,34.700349,137.784010,,,15人　先着順,2026-11-01,17:00,"申込必要
【締切】締切
【申込開始】2026年10月15日(木曜日)　9時00分
【方法】窓口／電話((053)426-2300)",https://midorina.hama-park.jp/,,イベント,中央区,2026-08-13,,,002823_00
221309,20260806271,静岡県,浜松市,プリザーブドフラワーアレンジメント定期講座【後期・全3回】,プリザーブドフラワーアレンジメントテイキコウザ【コウキ・ゼン3カイ】,,2026-11-15,,10:00,12:00,11/15、1/24、3/21全て日曜日,"【内容】初心者でも簡単に楽しめるプリザーブドフラワーアレンジメント定期講座。
【対象】一般
【講師】三澤純子
【その他】持ち物:グルーガン・ステック・クラフトハサミ・ピンセット・持ち帰り用袋",10800円,"材料費10,500円＋保険料300円",みどり～な,(053)426-2300,,,浜松市緑化推進センター（みどり～な）,浜松市中央区大塚町1876-1,,34.700349,137.784010,,,20人　先着順,2026-11-08,17:00,"申込必要
【締切】締切
【申込開始】2026年10月15日(木曜日)　9時00分
【方法】窓口／電話((053)426-2300)",https://midorina.hama-park.jp/,,イベント,中央区,2026-08-13,,,002823_00
221309,20260806272,静岡県,浜松市,落ち葉まつり,オチバマツリ,,2026-11-23,,10:00,15:00,,"【内容】農産物の朝市、落ち葉プール、クラフト体験など秋の一日を楽しめるイベントが盛り沢山！オリジナル絵本の読み聞かせもあります。ご家族みなさまでお出かけください。
【対象】一般",0円,無料,みどり～な,(053)426-2300,,,浜松市緑化推進センター（みどり～な）,浜松市中央区大塚町1876-1,,34.700349,137.784010,,,,,,"申込不要
当日、直接会場へ",https://midorina.hama-park.jp/,,イベント,中央区,2026-08-13,,,002823_00
221309,20260806273,静岡県,浜松市,季節のプリザーブドフラワーアレンジメント講座,キセツノプリザーブドフラワーアレンジメントコウザ,,2026-11-24,,10:00,12:00,,"【内容】初心者でも簡単に楽しめるプリザーブドフラワーアレンジメント講座。
【対象】一般
【講師】三澤純子
【その他】持ち物:クラフトハサミ・ピンセット・持ち帰り用袋",3600円,"材料費3,500円＋保険料100円",みどり～な,(053)426-2300,,,浜松市緑化推進センター（みどり～な）,浜松市中央区大塚町1876-1,,34.700349,137.784010,,,20人　先着順,2026-11-17,17:00,"申込必要
【締切】締切
【申込開始】2026年10月15日(木曜日)　9時00分
【方法】窓口／電話((053)426-2300)",https://midorina.hama-park.jp/,,イベント,中央区,2026-08-13,,,002823_00
221309,20260806274,静岡県,浜松市,みどりと花を愉しむノルディック・ウォーク,ミドリトハナヲタノシムノルディック・ウォーク,,2026-11-02,,10:00,11:30,,"【内容】二本のポールを使って全身運動。初心者大歓迎、指導員が優しく教えます。
【対象】一般
【その他】持ち物:水筒・タオル",300円,ポールレンタル別途200円,みどり～な,(053)426-2300,,,浜松市緑化推進センター（みどり～な）,浜松市中央区大塚町1876-1,,34.700349,137.784010,,,40人　先着順,,,"申込不要
当日現地受付9:30～",https://midorina.hama-park.jp/,,イベント,中央区,2026-08-13,,,002823_00
221309,20260806275,静岡県,浜松市,みどりと花を愉しむノルディック・ウォーク,ミドリトハナヲタノシムノルディック・ウォーク,,2026-11-05,,10:00,11:30,,"【内容】二本のポールを使って全身運動。初心者大歓迎、指導員が優しく教えます。
【対象】一般
【その他】持ち物:水筒・タオル",300円,ポールレンタル別途200円,みどり～な,(053)426-2300,,,浜松市緑化推進センター（みどり～な）,浜松市中央区大塚町1876-1,,34.700349,137.784010,,,40人　先着順,,,"申込不要
当日現地受付9:30～",https://midorina.hama-park.jp/,,イベント,中央区,2026-08-13,,,002823_00
221309,20260806276,静岡県,浜松市,みどりと花を愉しむノルディック・ウォーク,ミドリトハナヲタノシムノルディック・ウォーク,,2026-11-16,,10:00,11:30,,"【内容】二本のポールを使って全身運動。初心者大歓迎、指導員が優しく教えます。
【対象】一般
【その他】持ち物:水筒・タオル",300円,ポールレンタル別途200円,みどり～な,(053)426-2300,,,浜松市緑化推進センター（みどり～な）,浜松市中央区大塚町1876-1,,34.700349,137.784010,,,40人　先着順,,,"申込不要
当日現地受付9:30～",https://midorina.hama-park.jp/,,イベント,中央区,2026-08-13,,,002823_00
221309,20260806277,静岡県,浜松市,みどりと花を愉しむノルディック・ウォーク,ミドリトハナヲタノシムノルディック・ウォーク,,2026-11-19,,10:00,11:30,,"【内容】二本のポールを使って全身運動。初心者大歓迎、指導員が優しく教えます。
【対象】一般
【その他】持ち物:水筒・タオル",300円,ポールレンタル別途200円,みどり～な,(053)426-2300,,,浜松市緑化推進センター（みどり～な）,浜松市中央区大塚町1876-1,,34.700349,137.784010,,,40人　先着順,,,"申込不要
当日現地受付9:30～",https://midorina.hama-park.jp/,,イベント,中央区,2026-08-13,,,002823_00
221309,20260806278,静岡県,浜松市,みどりと花を愉しむノルディック・ウォーク,ミドリトハナヲタノシムノルディック・ウォーク,,2026-11-26,,10:00,11:30,,"【内容】二本のポールを使って全身運動。初心者大歓迎、指導員が優しく教えます。
【対象】一般
【その他】持ち物:水筒・タオル",300円,ポールレンタル別途200円,みどり～な,(053)426-2300,,,浜松市緑化推進センター（みどり～な）,浜松市中央区大塚町1876-1,,34.700349,137.784010,,,40人　先着順,,,"申込不要
当日現地受付9:30～",https://midorina.hama-park.jp/,,イベント,中央区,2026-08-13,,,002823_00
221309,20260806279,静岡県,浜松市,「秋のはままつ庭めぐり」～オープンガーデンを訪ねてみませんか～,「アキノハママツニワメグリ」～オープンガーデンヲタズネテミマセンカ～,,2026-10-30,2026-11-02,10:00,15:00,,【内容】丹精込めて育てられる美しいお庭のうら側見ることができ、学びと交流を深めることができます。,,,浜松公園緑地協会,(053)411-6687,,,,,,,,,,,,,申込不要,http://www.hama-park.or.jp/f-open.garden/p-top-open.garden.html,,おしらせ,,2026-08-13,,,
221309,20260806990,静岡県,浜松市,花のウォーキング,ハナノウォーキング,,2026-11-14,,10:00,12:00,,【内容】園内で活動しているボランティアガイドの皆さんが季節のスポットをご案内。,,,はままつフラワーパーク,(053)487-0511,,,はままつフラワーパーク,浜松市中央区舘山寺町195,,34.763174,137.633296,,,30人　先着順,,,申込不要,https://e-flowerpark.com,,イベント,中央区,,2026-09-07,○,000464_00
221309,20260806280,静岡県,浜松市,第75回浜松菊花大会,ダイ75カイハママツキッカタイカイ,,2026-11-02,2026-11-23,9:00,16:30,,"【内容】大菊の三本仕立てや小菊の懸崖(けんがい)づくりなど様々な菊を部門別に展示し、その出来栄えを競います。
【その他】協力:浜松菊花会",,,はままつフラワーパーク,(053)487-0511,,,はままつフラワーパーク,浜松市中央区舘山寺町195,,34.763174,137.633296,,,,,,申込不要,https://e-flowerpark.com,,イベント,中央区,2026-08-13,,○,000464_00
221309,20260806281,静岡県,浜松市,百種接分菊(ひゃくしゅつぎわけぎく)展示,ヒャクシュツギワケギクテンジ,,2026-11-01,2026-11-23,9:00,16:30,,【内容】一本の菊から伸ばした多数の枝に100品種以上の菊を一つ一つ接ぎ木した江戸時代の匠の技を今に伝える特別展示。,,,はままつフラワーパーク,(053)487-0511,,,はままつフラワーパーク,浜松市中央区舘山寺町195,,34.763174,137.633296,,,,,,申込不要,https://e-flowerpark.com,,イベント,中央区,2026-08-13,,○,000464_00
221309,20260806282,静岡県,浜松市,老鴉柿(ろうやがき)展,ロウヤガキテン,,2026-11-06,2026-11-08,9:00,16:30,最終日は15:00まで,【内容】小さい実をつけるロウヤガキの盆栽を展示します。(苗即売有),,,はままつフラワーパーク,(053)487-0511,,,はままつフラワーパーク,浜松市中央区舘山寺町195,,34.763174,137.633296,,,,,,申込不要,https://e-flowerpark.com,,イベント,中央区,2026-08-13,,○,000464_00
221309,20260806283,静岡県,浜松市,秋のうんちく散歩,アキノウンチクサンポ,,2026-11-08,,13:00,15:00,,【内容】フラワーパークの佐原前園長が楽しいトークを交えながらおすすめスポットをご案内します。,,,はままつフラワーパーク,(053)487-0511,,,はままつフラワーパーク,浜松市中央区舘山寺町195,,34.763174,137.633296,,,30人　先着順,,,申込不要,https://e-flowerpark.com,,イベント,中央区,2026-08-13,,○,000464_00
221309,20260806284,静岡県,浜松市,フラワー・イルミネーション,フラワー・イルミネーション,,2026-11-21,2027-01-03,17:00,20:00,,【内容】色とりどりに輝く100万球のイルミネーション、高さ8mのモミの木のツリーなど、花と光が作り出す心温まる装飾の数々をお楽しみください。,,,はままつフラワーパーク,(053)487-0511,,,はままつフラワーパーク,浜松市中央区舘山寺町195,,34.763174,137.633296,,,,,,申込不要,https://e-flowerpark.com,,イベント,中央区,2026-08-13,,○,000464_00
221309,20260806285,静岡県,浜松市,木のスプーン作り教室,キノスプーンヅクリキョウシツ,,2026-11-23,,10:30,12:00,,"【内容】園内でとれた小枝を削り、木のスプーンを作ってみませんか。
【講師】木工作家　宮沢のり子さん",1000円,,はままつフラワーパーク,(053)487-0511,,,はままつフラワーパーク,浜松市中央区舘山寺町195,,34.763174,137.633296,,,8人　抽選,2026-11-16,16:00,"申込必要
【締切】必着
【申込開始】2026年10月15日(木曜日)　9時00分
【方法】FAX((053)487-0833)／ホームページ／E-mail(info@e-flowerpark.com)",https://e-flowerpark.com,,イベント,中央区,2026-08-13,,○,000464_00
221309,20260806286,静岡県,浜松市,木のスプーン作り教室,キノスプーンヅクリキョウシツ,,2026-11-23,,13:30,15:00,,"【内容】園内でとれた小枝を削り、木のスプーンを作ってみませんか。
【講師】木工作家　宮沢のり子さん",1000円,,はままつフラワーパーク,(053)487-0511,,,はままつフラワーパーク,浜松市中央区舘山寺町195,,34.763174,137.633296,,,8人　抽選,2026-11-16,16:00,"申込必要
【締切】必着
【申込開始】2026年10月15日(木曜日)　9時00分
【方法】FAX((053)487-0833)／ホームページ／E-mail(info@e-flowerpark.com)",https://e-flowerpark.com,,イベント,中央区,2026-08-13,,○,000464_00
221309,20260806287,静岡県,浜松市,イルミネーション撮影教室,イルミネーションサツエイキョウシツ,,2026-11-29,,17:00,19:00,,【内容】初心者向けに、光で遊ぶ露光間ズーミングのテクニックや、人を入れての露光間技術などを学びます。,,,はままつフラワーパーク,(053)487-0511,,,はままつフラワーパーク,浜松市中央区舘山寺町195,,34.763174,137.633296,,,30人　抽選,2026-11-16,16:00,"申込必要
【締切】必着
【申込開始】2026年10月15日(木曜日)　9時00分
【方法】FAX((053)487-0833)／ホームページ／E-mail(info@e-flowerpark.com)",https://e-flowerpark.com,,イベント,中央区,2026-08-13,,○,000464_00
221309,20260806288,静岡県,浜松市,塚本こなみの園芸教室「フジの盆栽の育て方」,ツカモトコナミノエンゲイキョウシツ「フジノボンサイノソダテカタ」,,2026-12-05,,10:30,12:00,,"【内容】フラワーパークの園長であり、女性樹木医第一号である塚本こなみによる園芸教室です。
【講師】塚本こなみ",300円,,はままつフラワーパーク,(053)487-0511,,,はままつフラワーパーク,浜松市中央区舘山寺町195,,34.763174,137.633296,,,30人　抽選,2026-11-23,16:00,"申込必要
【締切】必着
【申込開始】2026年10月15日(木曜日)　9時00分
【方法】FAX((053)487-0833)／ホームページ／E-mail(info@e-flowerpark.com)",https://e-flowerpark.com,,イベント,中央区,2026-08-13,,○,000464_00
221309,20260806289,静岡県,浜松市,大きな松ぼっくりのクリスマスツリーを作ろう,オオキナマツボックリノクリスマスツリーをツクロウ,,2026-12-06,,13:30,15:00,,【内容】大きな松ぼっくりでオリジナルのクリスマスツリーを作ってみませんか,600円,,はままつフラワーパーク,(053)487-0511,,,はままつフラワーパーク,浜松市中央区舘山寺町195,,34.763174,137.633296,,,10人　抽選,2026-11-23,16:00,"申込必要
【締切】必着
【申込開始】2026年10月15日(木曜日)　9時00分
【方法】FAX((053)487-0833)／ホームページ／E-mail(info@e-flowerpark.com)",https://e-flowerpark.com,,イベント,中央区,2026-08-13,,○,000464_00
221309,20260806290,静岡県,浜松市,クリスマス・リース教室,クリスマス・リースキョウシツ,,2026-12-13,,13:30,15:30,,【内容】ハーブやスパイスを使い、香りも楽しめるリース作りを初歩から学びます。,2200円,,はままつフラワーパーク,(053)487-0511,,,はままつフラワーパーク,浜松市中央区舘山寺町195,,34.763174,137.633296,,,30人　抽選,2026-11-16,16:00,"申込必要
【締切】必着
【申込開始】2026年10月15日(木曜日)　9時00分
【方法】FAX((053)487-0833)／ホームページ／E-mail(info@e-flowerpark.com)",https://e-flowerpark.com,,イベント,中央区,2026-08-13,,○,000464_00
221309,20260806291,静岡県,浜松市,松ぼっくりでクリスマスオーナメントを作ってみよう,マツボックリデクリスマスオーナメントヲツクッテミヨウ,,2026-12-20,,13:30,15:00,,【内容】松ぼっくりのおしりに飾り付けをしてクリスマスのオーナメントを作ってみませんか。,500円,,はままつフラワーパーク,(053)487-0511,,,はままつフラワーパーク,浜松市中央区舘山寺町195,,34.763174,137.633296,,,10人　抽選,2026-11-23,16:00,"申込必要
【締切】必着
【申込開始】2026年10月15日(木曜日)　9時00分
【方法】FAX((053)487-0833)／ホームページ／E-mail(info@e-flowerpark.com)",https://e-flowerpark.com,,イベント,中央区,2026-08-13,,○,000464_00
221309,20260806292,静岡県,浜松市,「浜名湖花フェスタ2027」ボランティア募集,「ハマナコハナフェスタ2027」ボランティアボシュウ,,2027-03-20,2027-06-06,9:00,17:00,,【内容】花フェスタ期間中に活動するボランティア(園芸作業・ガイド)を募集します。,,,はままつフラワーパーク,(053)487-0511,,,はままつフラワーパーク,浜松市中央区舘山寺町195,,34.763174,137.633296,,,100人,2027-01-15,16:00,"申込必要
【締切】必着
【申込開始】2026年10月15日(木曜日)　9時00分
【方法】FAX((053)487-0833)／郵送(431-1209　中央区舘山寺町195　はままつフラワーパーク)／ホームページ／E-mail(info@e-flowerpark.com)",https://e-flowerpark.com,,おしらせ,中央区,2026-08-13,,○,000464_00
221309,20260806293,静岡県,浜松市,浜松市動物園秋の写生大会,ハママツシドウブツエンアキノシャセイタイカイ,,2026-11-07,,9:00,16:00,画用紙の配布は、14:00まで,"【内容】園内の動物または風景を写生
【条件】1人1点当日のみ有効
【その他】画材(油絵の具は除く)と画板が必要",,,浜松市動物園,(053)487-1122,,浜松市動物園,浜松市動物園,浜松市中央区舘山寺町199,,34.765051,137.630592,,,,,,申込不要,https://www.hamazoo.net/,,イベント,中央区,2026-08-13,,○,002339_00
221309,20260806294,静岡県,浜松市,浜松市動物園秋の写生大会,ハママツシドウブツエンアキノシャセイタイカイ,,2026-11-08,,9:00,16:00,画用紙の配布は、14:00まで,"【内容】園内の動物または風景を写生
【条件】1人1点当日のみ有効
【その他】画材(油絵の具は除く)と画板が必要",,,浜松市動物園,(053)487-1122,,浜松市動物園,浜松市動物園,浜松市中央区舘山寺町199,,34.765051,137.630592,,,,,,申込不要,https://www.hamazoo.net/,,イベント,中央区,2026-08-13,,○,002339_00
221309,20260806295,静岡県,浜松市,浜松市動物園秋の写生大会,ハママツシドウブツエンアキノシャセイタイカイ,,2026-11-14,,9:00,16:00,画用紙の配布は、14:00まで,"【内容】園内の動物または風景を写生
【条件】1人1点当日のみ有効
【その他】画材(油絵の具は除く)と画板が必要",,,浜松市動物園,(053)487-1122,,浜松市動物園,浜松市動物園,浜松市中央区舘山寺町199,,34.765051,137.630592,,,,,,申込不要,https://www.hamazoo.net/,,イベント,中央区,2026-08-13,,○,002339_00
221309,20260806296,静岡県,浜松市,浜松市動物園秋の写生大会,ハママツシドウブツエンアキノシャセイタイカイ,,2026-11-15,,9:00,16:00,画用紙の配布は、14:00まで,"【内容】園内の動物または風景を写生
【条件】1人1点当日のみ有効
【その他】画材(油絵の具は除く)と画板が必要",,,浜松市動物園,(053)487-1122,,浜松市動物園,浜松市動物園,浜松市中央区舘山寺町199,,34.765051,137.630592,,,,,,申込不要,https://www.hamazoo.net/,,イベント,中央区,2026-08-13,,○,002339_00
221309,20260806297,静岡県,浜松市,写真コンクール作品募集,シャシンコンクールサクヒンボシュウ,,2026-11-01,2026-12-13,,,,"【内容】園内の動物または風景の写真を募集
【条件】令和7年11月から令和8年10月までに浜松市動物園で撮影された写真で1人3点まで",,,浜松市動物園,(053)487-1122,,浜松市動物園,浜松市動物園,浜松市中央区舘山寺町199,,34.765051,137.630592,,,,,,申込不要,https://www.hamazoo.net/,,おしらせ,中央区,2026-08-13,,○,002339_00
221309,20260806298,静岡県,浜松市,浜松市道路啓開実動訓練,ハママツシドウロケイカイジツドウクンレン,"Hamamatsu City Road opening drill",2026-11-07,,13:30,15:00,※小雨決行,【内容】災害協定業者、施設管理者及び消防署が連携した道路啓開及び人命救助訓練,,,浜松市土木部河川課,(053)457-2452,2452,浜松市,浜名湖ガーデンパーク,浜松市中央区村櫛町5475-1,,34.715412,137.599762,,有,,,,申込不要,https://www.city.hamamatsu.shizuoka.jp/dourohozen/dourokeikai.html,,イベント,中央区,2026-08-13,,,
221309,20260806299,静岡県,浜松市,【クラウドファンディング】河川里親制度による看板設置事業,【クラウドファンディング】カセンサトオヤセイドニヨルカンバンセッチジギョウ,"【Crowdfunding】River Adoptive Parent Program Signage Installation Project",2026-10-01,2026-11-30,,,,【内容】河川の美化活動や生物・植物の育成に取り組む河川愛護団体を、河川里親制度の看板設置で支援するクラウドファンディング事業,,,河川課,(053)457-2449,2449,河川課,,,,,,,,,2626-11-30,,"申込必要
【締切】締切
【申込開始】2026年10月01日(木曜日)　
【方法】ホームページ",https://www.city.hamamatsu.shizuoka.jp/shise/yosan/donation/index.html,,おしらせ,オンライン,2026-08-13,,,
221309,20260806300,静岡県,浜松市,デジタルデトックスイベント「あえて、芝生。」,デジタルデトックスイベント「アエテ、シバフ。」,,2026-10-16,2026-10-17,17:00,20:00,両日開始・終了時間は同じ,"【内容】芝生のうえでゆっくりと過ごす健幸イベントです。デジタルデトックスを促進し、睡眠の質向上等を目指します。
【対象】市民",,無料,ウエルネス推進事業本部,(053)457-2129,2129,浜松市、浜松ウエルネス推進協議会、浜松まちなかにぎわい協議会、若者が考えるまちプロジェクト,,,,,,,,,,,申込不要,https://www.city.hamamatsu.shizuoka.jp/wellnessproject/index.html,,イベント,中央区,2026-08-13,,○,
221309,20260806301,静岡県,浜松市,一般家庭の不要消火器の回収について,イッパンカテイノフヨウショウカキノカイシュウニツイテ,,2026-11-08,,9:00,12:00,,"【内容】老朽化した消火器による事故を防ぐため、一般家庭で不要になった20型までの粉末消火器を消火器取扱関係団体が有料で回収処分します。なお、詰め替えや販売はしません。
【その他】スプレー式の簡易消火具や事業所で使われていた消火器は回収しません。",,リサイクルシール未貼付の消火器は1本1000円、有効期限内のリサイクルシール貼付済みの消火器は1本500円、有効期限切れのリサイクルシールが貼付された消火器は1本1000円,浜松市消防局予防課,(053)475-7541,,浜松市消防局予防課,"浜松市消防局 中消防署",浜松市中央区下池川町19番1号,本署,34.715862,137.726519,,来客用駐車場をご利用ください。,無し,,,申込不要,https://www.city.hamamatsu.shizuoka.jp/bosai/shobo/oshirase/index.html,粉末消火器は、一般ごみとして処分することはできません。,おしらせ,中央区,2026-08-13,,,
221309,20260806302,静岡県,浜松市,一般家庭の不要消火器の回収について,イッパンカテイノフヨウショウカキノカイシュウニツイテ,,2026-11-08,,9:00,12:00,,"【内容】老朽化した消火器による事故を防ぐため、一般家庭で不要になった20型までの粉末消火器を消火器取扱関係団体が有料で回収処分します。なお、詰め替えや販売はしません。
【その他】スプレー式の簡易消火具や事業所で使われていた消火器は回収しません。",,リサイクルシール未貼付の消火器は1本1000円、有効期限内のリサイクルシール貼付済みの消火器は1本500円、有効期限切れのリサイクルシールが貼付された消火器は1本1000円,浜松市消防局予防課,(053)475-7541,,浜松市消防局予防課,"浜松市消防局 東消防署",浜松市中央区篠ケ瀬町1374番地,本署,34.722012,137.776944,,来客用駐車場をご利用ください。,無し,,,申込不要,https://www.city.hamamatsu.shizuoka.jp/bosai/shobo/oshirase/index.html,粉末消火器は、一般ごみとして処分することはできません。,おしらせ,中央区,2026-08-13,,,
221309,20260806303,静岡県,浜松市,一般家庭の不要消火器の回収について,イッパンカテイノフヨウショウカキノカイシュウニツイテ,,2026-11-08,,9:00,12:00,,"【内容】老朽化した消火器による事故を防ぐため、一般家庭で不要になった20型までの粉末消火器を消火器取扱関係団体が有料で回収処分します。なお、詰め替えや販売はしません。
【その他】スプレー式の簡易消火具や事業所で使われていた消火器は回収しません。",,リサイクルシール未貼付の消火器は1本1000円、有効期限内のリサイクルシール貼付済みの消火器は1本500円、有効期限切れのリサイクルシールが貼付された消火器は1本1000円,浜松市消防局予防課,(053)475-7541,,浜松市消防局予防課,"浜松市消防局 西消防署",浜松市中央区馬郡町4074番地の1,本署,34.682068,137.630355,,来客用駐車場をご利用ください。,無し,,,申込不要,https://www.city.hamamatsu.shizuoka.jp/bosai/shobo/oshirase/index.html,粉末消火器は、一般ごみとして処分することはできません。,おしらせ,中央区,2026-08-13,,,
221309,20260806304,静岡県,浜松市,一般家庭の不要消火器の回収について,イッパンカテイノフヨウショウカキノカイシュウニツイテ,,2026-11-08,,9:00,12:00,,"【内容】老朽化した消火器による事故を防ぐため、一般家庭で不要になった20型までの粉末消火器を消火器取扱関係団体が有料で回収処分します。なお、詰め替えや販売はしません。
【その他】スプレー式の簡易消火具や事業所で使われていた消火器は回収しません。",,リサイクルシール未貼付の消火器は1本1000円、有効期限内のリサイクルシール貼付済みの消火器は1本500円、有効期限切れのリサイクルシールが貼付された消火器は1本1000円,浜松市消防局予防課,(053)475-7541,,浜松市消防局予防課,"浜松市消防局 南消防署",浜松市中央区森田町98番地,本署,34.693939,137.720225,,来客用駐車場をご利用ください。,無し,,,申込不要,https://www.city.hamamatsu.shizuoka.jp/bosai/shobo/oshirase/index.html,粉末消火器は、一般ごみとして処分することはできません。,おしらせ,中央区,2026-08-13,,,
221309,20260806305,静岡県,浜松市,一般家庭の不要消火器の回収について,イッパンカテイノフヨウショウカキノカイシュウニツイテ,,2026-11-08,,9:00,12:00,,"【内容】老朽化した消火器による事故を防ぐため、一般家庭で不要になった20型までの粉末消火器を消火器取扱関係団体が有料で回収処分します。なお、詰め替えや販売はしません。
【その他】スプレー式の簡易消火具や事業所で使われていた消火器は回収しません。",,リサイクルシール未貼付の消火器は1本1000円、有効期限内のリサイクルシール貼付済みの消火器は1本500円、有効期限切れのリサイクルシールが貼付された消火器は1本1000円,浜松市消防局予防課,(053)475-7541,,浜松市消防局予防課,"浜松市消防局 北消防署",浜松市浜名区細江町三和2173番地の7,本署,34.814683,137.668595,,来客用駐車場をご利用ください。,無し,,,申込不要,https://www.city.hamamatsu.shizuoka.jp/bosai/shobo/oshirase/index.html,粉末消火器は、一般ごみとして処分することはできません。,おしらせ,浜名区,2026-08-13,,,
221309,20260806306,静岡県,浜松市,一般家庭の不要消火器の回収について,イッパンカテイノフヨウショウカキノカイシュウニツイテ,,2026-11-08,,9:00,12:00,,"【内容】老朽化した消火器による事故を防ぐため、一般家庭で不要になった20型までの粉末消火器を消火器取扱関係団体が有料で回収処分します。なお、詰め替えや販売はしません。
【その他】スプレー式の簡易消火具や事業所で使われていた消火器は回収しません。",,リサイクルシール未貼付の消火器は1本1000円、有効期限内のリサイクルシール貼付済みの消火器は1本500円、有効期限切れのリサイクルシールが貼付された消火器は1本1000円,浜松市消防局予防課,(053)475-7541,,浜松市消防局予防課,"浜松市消防局 浜北消防署 赤佐出張所",浜松市浜名区於呂1985番地の1,,34.835087,137.796790,,来客用駐車場をご利用ください。,無し,,,申込不要,https://www.city.hamamatsu.shizuoka.jp/bosai/shobo/oshirase/index.html,粉末消火器は、一般ごみとして処分することはできません。,おしらせ,浜名区,2026-08-13,,,
221309,20260806307,静岡県,浜松市,一般家庭の不要消火器の回収について,イッパンカテイノフヨウショウカキノカイシュウニツイテ,,2026-11-08,,9:00,12:00,,"【内容】老朽化した消火器による事故を防ぐため、一般家庭で不要になった20型までの粉末消火器を消火器取扱関係団体が有料で回収処分します。なお、詰め替えや販売はしません。
【その他】スプレー式の簡易消火具や事業所で使われていた消火器は回収しません。",,リサイクルシール未貼付の消火器は1本1000円、有効期限内のリサイクルシール貼付済みの消火器は1本500円、有効期限切れのリサイクルシールが貼付された消火器は1本1000円,浜松市消防局予防課,(053)475-7541,,浜松市消防局予防課,"浜松市消防局 天竜消防署",浜松市天竜区二俣町二俣481番地,本署,34.872510,137.815780,,来客用駐車場をご利用ください。,無し,,,申込不要,https://www.city.hamamatsu.shizuoka.jp/bosai/shobo/oshirase/index.html,粉末消火器は、一般ごみとして処分することはできません。,おしらせ,天竜区,2026-08-13,,,
221309,20260806308,静岡県,浜松市,会計年度任用職員【外国人児童生徒就学支援員((1)ポルトガル語(2)フィリピノ語)】の募集,カイケイネンドニンヨウショクイン【ガイコクジンジドウセイトシュウガクシエンイン((1)ポルトガルゴ(2)フィリピノゴ)】のボシュウ,,2026-11-18,,13:30,,任用選考試験実施日,"【内容】外国人児童生徒就学支援員((1)ポルトガル語(2)フィリピノ語)を募集します。
【任用予定日】令和9年4月1日以降
【業務内容】外国人児童生徒への学習及び校内生活支援、保護者との連絡(通訳、翻訳)
【条件】(1)日本語とポルトガル語の通訳ができ、小学校6年生レベルの漢字が理解できる人。
(2)日本語とフィリピノ語の通訳ができ、小学校6年生レベルの漢字が理解できる人。
(1)(2)パソコン(ワード、エクセル)の基本的な操作ができる人。
【その他】週30時間勤務",,,教職員課,(053)457-2414,,,イーステージオフィス棟,浜松市中央区中央一丁目2-1,,34.711628,137.734748,,,(1)(2)ともに若干名,2026-10-29,17:15,"申込必要
【締切】必着
【申込開始】2026年10月01日(木曜日)　8時30分
【方法】窓口／郵送(430-0929　浜松市中央区中央一丁目2番1号　イーステージ浜松オフィス棟　5階　浜松市教育委員会　教職員課　採用担当)
詳細は浜松市公式HPから募集案内を確認してください。",https://www.city.hamamatsu.shizuoka.jp/shise/shokuinsaiyo/hi_oshirase.html,,職員募集,中央区,2026-08-13,,,000031_00
221309,20260806309,静岡県,浜松市,「やっぱり学校で働きたい！そんな方のための説明会」～教員免許があり(見込可)現在学校勤務でない方向け(ペーパーティーチャーも大歓迎)～,ハママツシキョウショク(ペーパーティーチャ―)ケンシュウカイ,,2026-10-31,,10:00,12:00,,"【内容】教員免許状を取得したけれど、教職に付かなかった方や、一度は教職に就いたけれど現在は教職から離れている方等を対象とした教職説明会を行います。
【対象】浜松市内・近隣在住の方で教員免許状保持者(見込み)",,,教育委員会　教職員課　人事担当,(053)457-2408,,,浜松市教育センター,浜松市中央区東三方町143-4,,34.778799,137.724491,,,,2026-10-30,17:15,"申込必要
【締切】締切
【申込開始】2026年09月01日(火曜日)　8時30分
【方法】ホームページ
詳細は浜松市公式HPから募集案内を確認してください。",https://www.city.hamamatsu.shizuoka.jp/kyoshoku/event/20261031.html,,おしらせ,中央区,2026-08-13,2026-08-26,,001990_00
221309,20260806310,静岡県,浜松市,かわなオープンデー秋,カワナオープンデーアキ,,2026-11-03,,10:00,16:00,,"【内容】～謎解き散歩・アドベンチャー、昔あそび、カワナック、昼間の観望、クラフト～　非日常の体験を通して「かわな」の自然を堪能しよう
【対象】子どもから大人まで(子どもだけの参加は不可)",,"大人500円　子ども300円(保険料・資料代) クラフト代 1人(200円)",浜松市かわな野外活動センター,(053)544-0219,,浜松市かわな野外活動センター,浜松市かわな野外活動センター,浜松市浜名区引佐町川名455-5,,34.879453,137.698441,,,,,,"申込不要
当日受付",https://www.kawana-oac.com/,,イベント,浜名区,2026-08-13,,○,000051_00
221309,20260806311,静岡県,浜松市,ネイチャーワールド☆冬,ネイチャーワールド☆フユ,,2026-12-25,2026-12-27,10:30,,終了時間は27日14:00(2泊3日),"【内容】ネイチャートレッキングに挑戦し、紙すき、餅つきを体験しよう！　キャンドルナイトや星空観望も楽しもう！
【対象】小学4年生～中学3年生(保護者送迎のみ)",,"12,500円(宿泊代・食事代・保険代・資料代等)",浜松市かわな野外活動センター,(053)544-0219,,浜松市かわな野外活動センター,浜松市かわな野外活動センター,浜松市浜名区引佐町川名455-5,,34.879453,137.698441,,,80人　先着順,2026-10-28,23:59,"申込必要
【申込開始】2026年10月19日(月曜日)　6時00分
【方法】ホームページ
かわな野外活動センターホームページ内のリンク先(申込フォーム)より申込ができます。※お申し込みの前に「@.hamamatsu-sports.or.jp」からのメールを受信できるよう、迷惑メール防止設定の確認をお願いします。",https://www.kawana-oac.com/,,イベント,浜名区,2026-08-13,,○,000051_00
221309,20260806312,静岡県,浜松市,第5回かわな星空観望会,ダイゴカイカワナホシゾラカンボウカイ,,2026-11-14,,18:00,20:00,,"【内容】秋の星座と土星・星雲・星団を見よう
【対象】家族単位(子どもだけの参加は不可)",,大人500円　子ども300円(保険料・資料代),浜松市かわな野外活動センター,(053)544-0219,,浜松市かわな野外活動センター,浜松市かわな野外活動センター,浜松市浜名区引佐町川名455-5,,34.879453,137.698441,,,先着順　10家族,2026-11-07,23:59,"申込必要
【申込開始】2026年11月01日(日曜日)　6時00分
【方法】E-mail(kawana@hamamatsu-sports.or.jp)
 Eメールで【参加者全員の氏名(ふりがな)・学年・性別・年齢・生年月日、郵便番号、住所、電話番号】を記入して申し込んでください。",https://www.kawana-oac.com/,,イベント,浜名区,2026-08-13,,○,000051_00
221309,20260806313,静岡県,浜松市,骨盤体操教室,,,2026-11-07,,13:00,14:30,,"【内容】骨盤を調整し、姿勢改善、不調緩和を期待します。
【対象】市内在住の60歳以上の市民",0円,,ふれあい交流センター江之島,(053)425-9907,,,浜松市ふれあい交流センター江之島,浜松市中央区江之島町606,,34.666958,137.751839,,,30人　抽選,2026-11-01,,"申込必要
【締切】締切
【申込開始】2026年10月20日(火曜日)　
【方法】窓口／電話((053)425-9907)／FAX((053)425-9907)／E-mail(csw-enoshima@major.ocn.ne.jp)",https://www.hamamatsu-syakyou.jp/,,講座・教室,中央区,2026-08-13,,○,005433_00
221309,20260806314,静岡県,浜松市,リンパストレッチ講座,,,2026-11-24,,10:00,11:30,,"【内容】カラダを見直して、正しい関節の動かし方を習得します。
【対象】市内在住の60歳以上の市民",0円,,ふれあい交流センター江之島,(053)425-9907,,,浜松市ふれあい交流センター江之島,浜松市中央区江之島町606,,34.666958,137.751839,,,30人　抽選,2026-11-20,,"申込必要
【締切】締切
【申込開始】2026年11月10日(火曜日)　
【方法】窓口／電話((053)425-9907)／FAX((053)425-9907)／E-mail(csw-enoshima@major.ocn.ne.jp)",https://www.hamamatsu-syakyou.jp/,,講座・教室,中央区,2026-08-13,,○,005433_00
221309,20260806315,静岡県,浜松市,似顔絵教室,,,2026-11-06,,10:00,12:00,,"【内容】似顔絵の基礎を学ぶ。
【対象】市内在住の60歳以上の市民",400円,3回分,ふれあい交流センター可美,(053)440-0571,,,浜松市ふれあい交流センター可美,浜松市中央区増楽町1645-1,,34.691591,137.693903,,,20人　抽選,2026-10-23,,"申込必要
【締切】締切
【申込開始】2026年10月06日(火曜日)　
【方法】窓口／電話((053)440-0571)／FAX((053)440-0572)",https://www.hamamatsu-syakyou.jp/,,講座・教室,中央区,2026-08-13,,×,005434_00
221309,20260806316,静岡県,浜松市,秋の寄せ植え講座,,,2026-11-07,,9:30,11:30,,"【内容】手作りの寄せ植えで新年を迎えよう。
【対象】市内在住の60歳以上の市民",2000円,"材料代(2,000円前後)",ふれあい交流センター可美,(053)440-0571,,,浜松市ふれあい交流センター可美,浜松市中央区増楽町1645-1,,34.691591,137.693903,,,16人　抽選,2026-10-23,,"申込必要
【締切】締切
【申込開始】2026年10月06日(火曜日)　
【方法】窓口／電話((053)440-0571)／FAX((053)440-0572)",https://www.hamamatsu-syakyou.jp/,,講座・教室,中央区,2026-08-13,,×,005434_00
221309,20260806317,静岡県,浜松市,親子でクリスマス工作,,,2026-11-21,,10:00,12:00,,"【内容】親子でお菓子リースとキャンディを作る。
【対象】市内在住の小学1年生～6年生とその保護者",600円,材料代,ふれあい交流センター可美,(053)440-0571,,,浜松市ふれあい交流センター可美,浜松市中央区増楽町1645-1,,34.691591,137.693903,,,20人　抽選　10組,2026-10-23,,"申込必要
【締切】締切
【申込開始】2026年10月06日(火曜日)　
【方法】窓口／電話((053)440-0571)／FAX((053)440-0572)",https://www.hamamatsu-syakyou.jp/,,講座・教室,中央区,2026-08-13,,○,005434_00
221309,20260806318,静岡県,浜松市,青龍まつり「作品展示会」,,,2026-10-23,2026-10-25,9:00,16:30,,"【内容】同好会員による作品発表会
【対象】年齢・住所問わずどなたでも自由に観覧可",0円,,ふれあい交流センター青龍,(053)422-2161,,,浜松市ふれあい交流センター青龍,浜松市中央区青屋町300,いきいきプラザ天竜川1階,34.715732,137.782995,,,,,,"申込不要
直接会場へお越しください",https://www.hamamatsu-syakyou.jp/,,イベント,中央区,2026-08-13,,×,005435_00
221309,20260806319,静岡県,浜松市,青龍まつり「歌と踊りの祭典」,,,2026-10-25,,9:00,13:00,,"【内容】同好会員による歌と踊りの発表会
【対象】年齢・住所問わずどなたでも自由に観覧可",0円,,ふれあい交流センター青龍,(053)422-2161,,,浜松市ふれあい交流センター青龍,浜松市中央区青屋町300,いきいきプラザ天竜川1階,34.715732,137.782995,,,,,,"申込不要
直接会場へお越しください",https://www.hamamatsu-syakyou.jp/,,イベント,中央区,2026-08-13,2026-08-26,×,005435_00
221309,20260806320,静岡県,浜松市,はじめてのキッズダンス教室,,,2026-11-22,,10:00,11:30,,"【内容】楽しくおどろう！レッツダンシング
【対象】市内在住の就学前の3歳～6歳児とその保護者",0円,,ふれあい交流センター青龍,(053)422-2161,,,浜松市ふれあい交流センター青龍,浜松市中央区青屋町300,いきいきプラザ天竜川1階,34.715732,137.782995,,,20人　先着順,2026-11-15,,"申込必要
【締切】締切
【申込開始】2026年10月17日(土曜日)　
【方法】窓口／電話((053)422-2161)／FAX((053)422-2239)／E-mail(csw-seiryu@major.ocn.ne.jp)",https://www.hamamatsu-syakyou.jp/,,講座・教室,中央区,2026-08-13,,○,005435_00
221309,20260806321,静岡県,浜松市,ふくろうずのうたあそびライブ＆ワークショップ(クリスマス),,,2026-12-12,,10:00,11:00,,"【内容】親子でうたあそびライブを楽しみ、ワークショップで能動的な学びを促します。
【対象】市内在住の0歳児～小学校低学年とその保護者",100円,材料費,ふれあい交流センター青龍,(053)422-2161,,,浜松市ふれあい交流センター青龍,浜松市中央区青屋町300,いきいきプラザ天竜川1階,34.715732,137.782995,,,50人　先着順　25組,2026-11-21,,"申込必要
【締切】締切
【申込開始】2026年10月18日(日曜日)　
【方法】窓口／電話((053)422-2161)／FAX((053)422-2239)／E-mail(csw-seiryu@major.ocn.ne.jp)",https://www.hamamatsu-syakyou.jp/,,講座・教室,中央区,2026-08-13,,○,005435_00
221309,20260806322,静岡県,浜松市,11月22日(日)は電子申請によるパスポートの受取ができません,11ガツ22ニチ(ニチ)ハデンシシンセイニヨルパスポートノウケトリガデキマセン,,2026-11-22,,,,,【内容】11月22日に浜松市内の各庁舎でネットワークが停止するため、パスポートをオンライン申請した方は受取りできません。,,,市民生活課戸籍・住基担当,(053)457-2870,,,中央区役所、浜名区役所、北行政センター,,,,,,,,,,,https://www.city.hamamatsu.shizuoka.jp/siminkj/passport/oshirase.html,,おしらせ,,2026-08-13,,,
221309,20260806323,静岡県,浜松市,日曜パスポート交付サービス,,,2026-09-06,,9:00,12:00,,"【内容】パスポートの交付
【対象】パスポートの申請をした人",,,中央区区民生活課,(053)457-2121,,,中央区役所,浜松市中央区元城町103-2,,34.711085,137.726132,,,,,,申込不要,,,おしらせ,中央区,2026-08-13,,,002666_01
221309,20260806324,静岡県,浜松市,日曜パスポート交付サービス,,,2026-09-06,,9:00,12:00,,"【内容】パスポートの交付
【対象】パスポートの申請をした人",,,中央区区民生活課,(053)457-2121,,,浜名区役所,浜松市浜名区貴布祢3000,,34.791664,137.783231,,,,,,申込不要,,,おしらせ,浜名区,2026-08-13,,,002404_00
221309,20260806325,静岡県,浜松市,日曜パスポート交付サービス,,,2026-09-06,,9:00,12:00,,"【内容】パスポートの交付
【対象】パスポートの申請をした人",,,中央区区民生活課,(053)457-2121,,,北行政センター,浜松市浜名区細江町気賀305,,34.806210,137.650988,,,,,,申込不要,,,おしらせ,浜名区,2026-08-13,,,000935_00
221309,20260806326,静岡県,浜松市,日曜パスポート交付サービス,,,2026-09-13,,9:00,12:00,,"【内容】パスポートの交付
【対象】パスポートの申請をした人",,,中央区区民生活課,(053)457-2121,,,中央区役所,浜松市中央区元城町103-2,,34.711085,137.726132,,,,,,申込不要,,,おしらせ,中央区,2026-08-13,,,002666_01
221309,20260806327,静岡県,浜松市,日曜パスポート交付サービス,,,2026-09-13,,9:00,12:00,,"【内容】パスポートの交付
【対象】パスポートの申請をした人",,,中央区区民生活課,(053)457-2121,,,浜名区役所,浜松市浜名区貴布祢3000,,34.791664,137.783231,,,,,,申込不要,,,おしらせ,浜名区,2026-08-13,,,002404_00
221309,20260806328,静岡県,浜松市,日曜パスポート交付サービス,,,2026-09-13,,9:00,12:00,,"【内容】パスポートの交付
【対象】パスポートの申請をした人",,,中央区区民生活課,(053)457-2121,,,北行政センター,浜松市浜名区細江町気賀305,,34.806210,137.650988,,,,,,申込不要,,,おしらせ,浜名区,2026-08-13,,,000935_00
221309,20260806329,静岡県,浜松市,第3金曜日マイナンバーカード時間外交付サービス,,,2026-09-18,,17:15,19:00,,"【内容】マイナンバーカードの交付
【対象】マイナンバーカードの申請をした人",,,中央区区民生活課,(053)457-2121,,,中央区役所,浜松市中央区元城町103-2,,34.711085,137.726132,,,,,,申込不要,,,おしらせ,中央区,2026-08-13,,,002666_01
221309,20260806330,静岡県,浜松市,第3金曜日マイナンバーカード時間外交付サービス,,,2026-09-18,,17:15,19:00,,"【内容】マイナンバーカードの交付
【対象】マイナンバーカードの申請をした人",,,中央区区民生活課,(053)457-2121,,,東行政センター,浜松市中央区流通元町20-3,,34.741515,137.791771,,,,,,申込不要,,,おしらせ,中央区,2026-08-13,,,002063_00
221309,20260806331,静岡県,浜松市,第3金曜日マイナンバーカード時間外交付サービス,,,2026-09-18,,17:15,19:00,,"【内容】マイナンバーカードの交付
【対象】マイナンバーカードの申請をした人",,,中央区区民生活課,(053)457-2121,,,西行政センター,浜松市中央区雄踏一丁目31番1号,,34.692738,137.645291,,,,,,申込不要,,,おしらせ,中央区,2026-08-13,,,001568_00
221309,20260806332,静岡県,浜松市,第3金曜日マイナンバーカード時間外交付サービス,,,2026-09-18,,17:15,19:00,,"【内容】マイナンバーカードの交付
【対象】マイナンバーカードの申請をした人",,,中央区区民生活課,(053)457-2121,,,南行政センター,浜松市中央区江之島町600-1,,34.667355,137.752214,,,,,,申込不要,,,おしらせ,中央区,2026-08-13,,,002131_00
221309,20260806333,静岡県,浜松市,第3金曜日マイナンバーカード時間外交付サービス,,,2026-09-18,,17:15,19:00,,"【内容】マイナンバーカードの交付
【対象】マイナンバーカードの申請をした人",,,中央区区民生活課,(053)457-2121,,,浜名区役所,浜松市浜名区貴布祢3000,,34.791664,137.783231,,,,,,申込不要,,,おしらせ,浜名区,2026-08-13,,,002404_00
221309,20260806334,静岡県,浜松市,第3金曜日マイナンバーカード時間外交付サービス,,,2026-09-18,,17:15,19:00,,"【内容】マイナンバーカードの交付
【対象】マイナンバーカードの申請をした人",,,中央区区民生活課,(053)457-2121,,,北行政センター,浜松市浜名区細江町気賀305,,34.806210,137.650988,,,,,,申込不要,,,おしらせ,浜名区,2026-08-13,,,000935_00
221309,20260806335,静岡県,浜松市,第3金曜日マイナンバーカード時間外交付サービス,,,2026-09-18,,17:15,19:00,,"【内容】マイナンバーカードの交付
【対象】マイナンバーカードの申請をした人",,,中央区区民生活課,(053)457-2121,,,天竜区役所,浜松市天竜区二俣町二俣481,,34.872645,137.816250,,,,,,申込不要,,,おしらせ,天竜区,2026-08-13,,,001994_00
221309,20260806336,静岡県,浜松市,日曜パスポート交付サービス,,,2026-09-20,,9:00,12:00,,"【内容】パスポートの交付
【対象】パスポートの申請をした人",,,中央区区民生活課,(053)457-2121,,,中央区役所,浜松市中央区元城町103-2,,34.711085,137.726132,,,,,,申込不要,,,おしらせ,中央区,2026-08-13,,,002666_01
221309,20260806337,静岡県,浜松市,日曜パスポート交付サービス,,,2026-09-20,,9:00,12:00,,"【内容】パスポートの交付
【対象】パスポートの申請をした人",,,中央区区民生活課,(053)457-2121,,,浜名区役所,浜松市浜名区貴布祢3000,,34.791664,137.783231,,,,,,申込不要,,,おしらせ,浜名区,2026-08-13,,,002404_00
221309,20260806338,静岡県,浜松市,日曜パスポート交付サービス,,,2026-09-20,,9:00,12:00,,"【内容】パスポートの交付
【対象】パスポートの申請をした人",,,中央区区民生活課,(053)457-2121,,,北行政センター,浜松市浜名区細江町気賀305,,34.806210,137.650988,,,,,,申込不要,,,おしらせ,浜名区,2026-08-13,,,000935_00
221309,20260806339,静岡県,浜松市,日曜パスポート交付サービス,,,2026-09-27,,9:00,12:00,,"【内容】パスポートの交付
【対象】パスポートの申請をした人",,,中央区区民生活課,(053)457-2121,,,中央区役所,浜松市中央区元城町103-2,,34.711085,137.726132,,,,,,申込不要,,,おしらせ,中央区,2026-08-13,,,002666_01
221309,20260806340,静岡県,浜松市,日曜パスポート交付サービス,,,2026-09-27,,9:00,12:00,,"【内容】パスポートの交付
【対象】パスポートの申請をした人",,,中央区区民生活課,(053)457-2121,,,浜名区役所,浜松市浜名区貴布祢3000,,34.791664,137.783231,,,,,,申込不要,,,おしらせ,浜名区,2026-08-13,,,002404_00
221309,20260806341,静岡県,浜松市,日曜パスポート交付サービス,,,2026-09-27,,9:00,12:00,,"【内容】パスポートの交付
【対象】パスポートの申請をした人",,,中央区区民生活課,(053)457-2121,,,北行政センター,浜松市浜名区細江町気賀305,,34.806210,137.650988,,,,,,申込不要,,,おしらせ,浜名区,2026-08-13,,,000935_00
221309,20260806342,静岡県,浜松市,"北部水泳場2026年度第3期(1月～3月) プールプログラム参加者募集","ホクブスイエイジョウ2026ネンドダイ3キ(1ガツ～3ガツ)
プールプログラムサンカシャボシュウ",,2027-01-12,2027-03-29,,,,"【内容】幼児スイム・ジュニアスイム
【対象】幼児スイム:年少～年長
ジュニアスイム:小学生～中学生",,"幼児・ジュニアスイム
9,000円～9,900円",（053）438-0220,(053)438-0222,,,浜松市北部水泳場,浜松市中央区高丘西四丁目7-1,,34.761340,137.692852,,,抽選　申し込み期間終了後も空きがあれば先着順,2026-10-18,,"申込必要
【申込開始】2026年10月05日(月曜日)　
【方法】ホームページ
WEB申込み
ホームページ又はQRコードから2026年度第3期プールプログラムお申込みフォームよりお申込み
以下のURLより申込み
https://hamamatsu-hokubu-pool.hacomono.jp/home",http://hokubu.public-swimming-pool.com,"詳細はHPをご覧ください。
※いつも通り検索のイラストをお願いいたします。",講座・教室,中央区,2026-08-13,,,002649_00
221309,20260806343,静岡県,浜松市,"北部水泳場2026年度第3期(1月～3月) プールプログラム参加者募集","ホクブスイエイジョウ2026ネンドダイ3キ(1ガツ～3ガツ)
プールプログラムサンカシャボシュウ",,2027-01-12,2027-03-29,,,,"【内容】【新規】成人プログラム、親子スイム
【対象】成人プログラム:高校生以上
親子スイム:幼稚園入園前の未就学児と親",,"成人プログラム
9,000円～11,000円
親子スイム
9,000円",（053）438-0220,(053)438-0222,,,浜松市北部水泳場,浜松市中央区高丘西四丁目7-1,,34.761340,137.692852,,,先着順　継続者申込み期間終了後の新規申込み,,,"申込必要
【申込開始】2026年11月06日(金曜日)　
【方法】窓口
直接受講料を持参して
北部水泳場へ。
教室の申し込み状況はお電話又は北部水泳場受付にてご確認ください。",http://hokubu.public-swimming-pool.com,"詳細はHPをご覧ください。
※いつも通り検索のイラストをお願いいたします。",講座・教室,中央区,2026-08-13,,,002649_00
221309,20260806344,静岡県,浜松市,子ども講座　表現の面白さを体験しよう(3),コドモコウザ　ヒョウゲンノオモシロサヲタイケンシヨウ,,2026-12-06,,9:30,11:30,,"【内容】言葉のかくれんぼ遊びで脳トレをしよう
【対象】小3～6年
【講師】池谷　雅敏(文芸館館長)",700円,,浜松文芸館,(053)453-3933,,浜松文芸館,クリエート浜松,浜松市中央区早馬町2-1,5階　51会議室,34.710326,137.733836,,,20人　抽選,2026-11-15,,"申込必要
【締切】必着
【申込開始】2026年10月20日(火曜日)　
【方法】窓口／郵送(430-0916　中央区早馬町2-1　浜松文芸館)
往復はがきに、講座名・郵便番号・住所・氏名(ふりがな)・電話番号、返信用にご自分の住所・氏名を書いて、「浜松文芸館」まで",https://www.hcf.or.jp/facilities/bungei.php,詳しくは電話またはチラシ等で,講座・教室,中央区,2026-08-13,,○,004149_00
221309,20260806345,静岡県,浜松市,浜松市東地域モルック交流大会,ハママツシヒガシチイキモルックコウリュウタイカイ,,2026-12-20,,12:30,15:00,※申し込みが32チームを越えた場合は抽選とします。,"【内容】モルック交流大会。代表が東地域在住ならだれでも参加できます。
【対象】代表者の方:東地域(旧東区)に在住もしくは通勤通学している人。
その他の方:浜松市内に在住もしくは通勤通学している人。
【条件】チーム構成:1チーム2～4名
【その他】その他:参加賞、優勝賞品有",,無料,株式会社TOMORUN（東行政センターまちづくり推進）,(080)-9800-8722,6061,浜松市中央区役所東行政センター(まちづくり推進担当),浜松市総合産業展示館,浜松市中央区流通元町20-2,,34.740536,137.791492,,,128人　抽選　応募多数(32チーム以上)の場合は抽選,2026-11-20,,"申込必要
【締切】締切
【申込開始】2026年07月01日(水曜日)　
【方法】電話((080)-9800-8772)／ホームページ
ホームページまたはチラシのリンクより、必要事項を記入の上申し込みください。
お電話での受付も行っております。(080-9800-8772)",,,イベント,中央区,2026-08-13,,,001719_00
221309,20260806346,静岡県,浜松市,プロスポーツ1Dayクリニックin舞阪　ブレス浜松バレーボールクリニック(全1回),プロスポーツワンデイクリニックインマイサカ　ブレスハママツバレーボールクリニック,,2026-11-01,,10:00,12:00,,【対象】小中学生,1000円,,舞阪総合体育館,(053)597-2800,,,浜松市舞阪総合体育館（舞童夢）,浜松市中央区舞阪町舞阪2623-32,,34.679390,137.612750,,,50人　先着順　人数が定員の半数に達しない場合、教室を中止する場合があります。,,,"申込必要
【申込開始】2026年10月15日(木曜日)　9時00分
【方法】窓口／電話",https://hamamatsu.sports.or.jp,,スポーツ,中央区,2026-08-13,2026-09-07,○,002461_00
221309,20260806347,静岡県,浜松市,ノルデックウォ-ク「体験型避難訓練イベント」(全1回),タイケンガタヒナンクンレンイベント,,2026-11-06,,9:30,12:00,,【対象】一般,500円,,舞阪総合体育館,(053)597-2800,,,浜松市舞阪総合体育館（舞童夢）,浜松市中央区舞阪町舞阪2623-32,,34.679390,137.612750,,,50人　先着順　人数が定員の半数に達しない場合、教室を中止する場合があります。,,,"申込必要
【申込開始】2026年10月15日(木曜日)　9時00分
【方法】窓口／電話",https://www.yuto-maisaka-sports.com/maisaka/event/,,スポーツ,中央区,2026-08-13,2026-09-07,○,002461_00
221309,20260806348,静岡県,浜松市,脂肪燃焼エアロ教室(全6回),シボウネンショウエアロキョウシツ,,2026-11-10,,10:10,11:10,,【対象】一般,4400円,,舞阪総合体育館,(053)597-2800,,,浜松市舞阪総合体育館（舞童夢）,浜松市中央区舞阪町舞阪2623-32,,34.679390,137.612750,,,20人　先着順　人数が定員の半数に達しない場合、教室を中止する場合があります。,,,"申込必要
【申込開始】2026年10月15日(木曜日)　9時00分
【方法】窓口／電話",https://www.yuto-maisaka-sports.com/maisaka/event/,,スポーツ,中央区,2026-08-13,2026-09-07,○,002461_00
221309,20260806349,静岡県,浜松市,舞阪スポーツフェス　インクルーシブスポーツ体験会,マイサカスポーツフェス　インクルーシブスポーツタイケン,,2026-11-22,,13:30,16:00,,【対象】一般,0円,,舞阪総合体育館,(053)597-2800,,,浜松市舞阪総合体育館（舞童夢）,浜松市中央区舞阪町舞阪2623-32,,34.679390,137.612750,,,0人　なし,,,申込不要,https://www.yuto-maisaka-sports.com/maisaka/event/,,スポーツ,中央区,2026-08-13,2026-09-07,○,002461_00
221309,20260806350,静岡県,浜松市,重要文化財「中村家住宅」活用事業”今蘇る時を超え、悠久のロマンを感じてみませんか？”,ジュウヨウブンカザイナカムラケジュウタクカツヨウジギョウ　イマヨミガエルトキヲコエ、ユウキュウノロマンヲカンジテミマセンカ？,,2026-10-17,2026-10-18,9:30,16:30,,"【内容】中央区西地域内の高等学校の書道部・吹奏楽部・茶道部による「前向きになれるポジティブな言葉」書道展・ミニコンサート・お茶会を開催。さらに、地元雄踏中学校の美術部・音楽部の生徒による絵画展・ミニコンサートも実施する。また中村家ゆかりのシンガー「ERIKO」凱旋コンサート、講談師「田辺一邑」(浜松市出身)による講談独演会を開催。
【対象】全員
【条件】なし",,重要文化財中村家住宅観覧料,西行政センター　雄踏協働センター,(053)596-1121,,浜松市・ゆうとうまちづくり協議会,重要文化財中村家住宅,浜松市中央区雄踏町宇布見4912-1,,34.697493,137.633672,,,,,,申込不要,https://www.city.hamamatsu.shizuoka.jp/w-machi/event/202610171018.html,,イベント,中央区,2026-08-13,,○,001198_00
221309,20260806351,静岡県,浜松市,第24回浜名湖うなぎまつりが開催されます！,,,2026-11-01,,9:15,15:30,,"【内容】浜松の特産品である「浜名湖うなぎ」を使用したうなぎ弁当、丼及びかば焼きの販売会、うなぎ100匹を使用する50メートルのうなぎ長巻寿し作成など
【対象】どなたでも来場することができます。
【出演・演目など】地元団体によるステージイベント、地元高等学校吹奏楽部による演奏会など",,,浜名商工会,(053)592-3111,,浜名商工会　浜名湖うなぎまつり実行委員会,浜名湖ガーデンパーク,浜松市中央区村櫛町5475-1,,34.715412,137.599762,車又は、舞阪駅からのシャトルバスでお越しください,"収容台数約1,800台",,,,,http://www.hamana.net/unagifes/index.html,,イベント,中央区,2026-08-13,,×,
221309,20260806352,静岡県,浜松市,行政相談委員による行政相談,,,2026-11-10,,10:00,12:00,,,,,西行政センター,(053)597-1115,,,西行政センター,浜松市中央区雄踏一丁目31番1号,相談室,34.692738,137.645291,,,,,,"申込不要
当日、直接会場へ",https://www.soumu.go.jp/kanku./chubu/shizuoka.html,,そうだん,中央区,2026-08-13,,,001568_00
221309,20260806353,静岡県,浜松市,ピックルボール,ピックルボール,,2026-11-06,,10:00,11:30,,"【内容】手軽に始められるピックルボールを楽しもう！
【対象】小学生以上",1100円,"当日現金払い パドル無料レンタルあり",雄踏総合体育館,(053)597-3500,,,浜松市雄踏総合体育館,浜松市中央区雄踏町宇布見9981-1,,34.702529,137.617374,,,24人　先着順,,,"申込必要
【申込開始】2026年10月15日(木曜日)　9時00分
【方法】窓口／電話
窓口もしくは電話にてお申込み",https://www.yuto-maisaka-sports.com/yuto/event/,,スポーツ,中央区,2026-08-13,,×,002755_00
221309,20260806354,静岡県,浜松市,ピックルボール,ピックルボール,,2026-11-09,,13:00,14:30,,"【内容】手軽に始められるピックルボールを楽しもう！
【対象】小学生以上",1100円,"当日現金払い パドル無料レンタルあり",雄踏総合体育館,(053)597-3500,,,浜松市雄踏総合体育館,浜松市中央区雄踏町宇布見9981-1,,34.702529,137.617374,,,24人　先着順,,,"申込必要
【申込開始】2026年10月15日(木曜日)　9時00分
【方法】窓口／電話
窓口もしくは電話にてお申込み",https://www.yuto-maisaka-sports.com/yuto/event/,,スポーツ,中央区,2026-08-13,,×,002755_00
221309,20260806355,静岡県,浜松市,ピックルボール,ピックルボール,,2026-11-16,,13:00,14:30,,"【内容】手軽に始められるピックルボールを楽しもう！
【対象】小学生以上",1100円,"当日現金払い パドル無料レンタルあり",雄踏総合体育館,(053)597-3500,,,浜松市雄踏総合体育館,浜松市中央区雄踏町宇布見9981-1,,34.702529,137.617374,,,24人　先着順,,,"申込必要
【申込開始】2026年10月15日(木曜日)　9時00分
【方法】窓口／電話
窓口もしくは電話にてお申込み",https://www.yuto-maisaka-sports.com/yuto/event/,,スポーツ,中央区,2026-08-13,,×,002755_00
221309,20260806356,静岡県,浜松市,ピックルボール,ピックルボール,,2026-11-28,,19:00,20:30,,"【内容】手軽に始められるピックルボールを楽しもう！
【対象】小学生以上",1100円,"当日現金払い パドル無料レンタルあり",雄踏総合体育館,(053)597-3500,,,浜松市雄踏総合体育館,浜松市中央区雄踏町宇布見9981-1,,34.702529,137.617374,,,24人　先着順,,,"申込必要
【申込開始】2026年10月15日(木曜日)　9時00分
【方法】窓口／電話
窓口もしくは電話にてお申込み",https://www.yuto-maisaka-sports.com/yuto/event/,,スポーツ,中央区,2026-08-13,,×,002755_00
221309,20260806357,静岡県,浜松市,星空観望会,ホシゾラカンボウカイ,,2026-10-24,,18:30,20:30,,"【内容】星空を楽しむ観望会
【対象】どなたでも",,無料,浜松市天文台,(053)425-9158,,,浜松市天文台,浜松市中央区福島町242-1,,34.663684,137.768297,"バス:遠鉄バスターミナル7番「遠州浜」行き「福島」バス停下車
車:国道1号「福塚」交差点から国道150号(南)へ入り約5分",40台,400人　先着順　30分毎20組,2026-10-24,15:00,"申込必要
【締切】締切
【申込開始】2026年10月21日(水曜日)　13時00分
【方法】ホームページ",https://www.city.hamamatsu.shizuoka.jp/s-kumin/hao/,,イベント,中央区,2026-08-13,,○,004513_01
221309,20260806358,静岡県,浜松市,星空観望会,ホシゾラカンボウカイ,,2026-10-31,,18:30,20:30,,"【内容】星空を楽しむ観望会
【対象】どなたでも",,無料,浜松市天文台,(053)425-9158,,,浜松市天文台,浜松市中央区福島町242-1,,34.663684,137.768297,"バス:遠鉄バスターミナル7番「遠州浜」行き「福島」バス停下車
車:国道1号「福塚」交差点から国道150号(南)へ入り約5分",40台,400人　先着順　30分毎20組,2026-10-31,15:00,"申込必要
【締切】締切
【申込開始】2026年10月28日(水曜日)　13時00分
【方法】ホームページ",https://www.city.hamamatsu.shizuoka.jp/s-kumin/hao/,,イベント,中央区,2026-08-13,,○,004513_01
221309,20260806359,静岡県,浜松市,星空観望会,ホシゾラカンボウカイ,,2026-11-07,,18:30,20:30,,"【内容】星空を楽しむ観望会
【対象】どなたでも",,無料,浜松市天文台,(053)425-9158,,,浜松市天文台,浜松市中央区福島町242-1,,34.663684,137.768297,"バス:遠鉄バスターミナル7番「遠州浜」行き「福島」バス停下車
車:国道1号「福塚」交差点から国道150号(南)へ入り約5分",40台,400人　先着順　30分毎20組,2026-11-07,15:00,"申込必要
【締切】締切
【申込開始】2026年11月04日(水曜日)　13時00分
【方法】ホームページ",https://www.city.hamamatsu.shizuoka.jp/s-kumin/hao/,,イベント,中央区,2026-08-13,,○,004513_01
221309,20260806360,静岡県,浜松市,星空観望会,ホシゾラカンボウカイ,,2026-11-14,,18:30,20:30,,"【内容】星空を楽しむ観望会
【対象】どなたでも",,無料,浜松市天文台,(053)425-9158,,,浜松市天文台,浜松市中央区福島町242-1,,34.663684,137.768297,"バス:遠鉄バスターミナル7番「遠州浜」行き「福島」バス停下車
車:国道1号「福塚」交差点から国道150号(南)へ入り約5分",40台,400人　先着順　30分毎20組,2026-11-14,15:00,"申込必要
【締切】締切
【申込開始】2026年11月11日(水曜日)　13時00分
【方法】ホームページ",https://www.city.hamamatsu.shizuoka.jp/s-kumin/hao/,,イベント,中央区,2026-08-13,,○,004513_01
221309,20260806361,静岡県,浜松市,親子天文教室～秋の星座～,オヤコテンモンキョウシツ～アキノセイザ～,,2026-10-30,,18:30,20:00,,"【内容】季節の星座を楽しむ、小学生親子向けの天文教室
【対象】小学生親子",,無料,浜松市天文台,(053)425-9158,,,浜松市天文台,浜松市中央区福島町242-1,,34.663684,137.768297,"バス:遠鉄バスターミナル7番「遠州浜」行き「福島」バス停下車
車:国道1号「福塚」交差点から国道150号(南)へ入り約5分",40台,100人　先着順　20組,2026-10-30,15:00,"申込必要
【締切】締切
【申込開始】2026年10月21日(水曜日)　13時00分
【方法】ホームページ",https://www.city.hamamatsu.shizuoka.jp/s-kumin/hao/,,イベント,中央区,2026-08-13,,○,004513_01
221309,20260806362,静岡県,浜松市,太陽・昼間の星観望会,タイヨウ・ヒルマノホシカンボウカイ,,2026-11-01,,14:00,16:00,,"【内容】太陽を専用機材で観察
【対象】どなたでも",,無料,浜松市天文台,(053)425-9158,,,浜松市天文台,浜松市中央区福島町242-1,,34.663684,137.768297,"バス:遠鉄バスターミナル7番「遠州浜」行き「福島」バス停下車
車:国道1号「福塚」交差点から国道150号(南)へ入り約5分",40台,,,,申込不要,https://www.city.hamamatsu.shizuoka.jp/s-kumin/hao/,,イベント,中央区,2026-08-13,,○,004513_01
221309,20260806363,静岡県,浜松市,めざせ！望遠鏡マスターコース,メザセ！ボウエンキョウマスターコース,,2026-11-07,,17:30,18:30,,"【内容】小中学生対象の簡単な取り扱い説明と実習
【対象】小中学生",,無料,浜松市天文台,(053)425-9158,,,浜松市天文台,浜松市中央区福島町242-1,,34.663684,137.768297,"バス:遠鉄バスターミナル7番「遠州浜」行き「福島」バス停下車
車:国道1号「福塚」交差点から国道150号(南)へ入り約5分",40台,6人　先着順　6人,2026-11-07,15:00,"申込必要
【締切】締切
【申込開始】2026年11月04日(水曜日)　13時00分
【方法】ホームページ",https://www.city.hamamatsu.shizuoka.jp/s-kumin/hao/,,イベント,中央区,2026-08-13,,○,004513_01
221309,20260806364,静岡県,浜松市,望遠鏡講座～望遠鏡の「困った」解決～,ボウエンキョウコウザ～ボウエンキョウノ「コマッタ」カイケツ～,,2026-11-08,,18:00,20:00,,"【内容】望遠鏡の活用法講座と実技
望遠鏡の持ち込み可
【対象】どなたでも",,無料,浜松市天文台,(053)425-9158,,,浜松市天文台,浜松市中央区福島町242-1,,34.663684,137.768297,"バス:遠鉄バスターミナル7番「遠州浜」行き「福島」バス停下車
車:国道1号「福塚」交差点から国道150号(南)へ入り約5分",40台,10人　先着順　5組,2026-11-08,15:00,"申込必要
【締切】締切
【申込開始】2026年10月28日(水曜日)　13時00分
【方法】ホームページ",https://www.city.hamamatsu.shizuoka.jp/s-kumin/hao/,,イベント,中央区,2026-08-13,,○,004513_01
221309,20260806365,静岡県,浜松市,星と景色の写真講座～一眼レフの撮り方教室～,ホシトケシキノシャシンコウザ～イチガンレフノトリカタキョウシツ～,,2026-11-15,,18:30,21:00,,"【内容】星の入った風景写真を撮影するための講座と実技
【対象】どなたでも",,無料,浜松市天文台,(053)425-9158,,,浜松市天文台,浜松市中央区福島町242-1,,34.663684,137.768297,"バス:遠鉄バスターミナル7番「遠州浜」行き「福島」バス停下車
車:国道1号「福塚」交差点から国道150号(南)へ入り約5分",40台,12人　先着順　6組,2026-11-15,15:00,"申込必要
【締切】締切
【申込開始】2026年11月04日(水曜日)　13時00分
【方法】ホームページ",https://www.city.hamamatsu.shizuoka.jp/s-kumin/hao/,,イベント,中央区,2026-08-13,,○,004513_01
221309,20260806366,静岡県,浜松市,メシエウォーキング～電子観望で星雲・星団をめぐろう～,メシエウォーキング～デンシカンボウデセイウン・セイダンヲメグロウ～,,2026-11-22,,19:00,21:00,,"【内容】星雲や星団を、電子観望で鮮やかに観望します。
【対象】どなたでも",,無料,浜松市天文台,(053)425-9158,,,浜松市天文台,浜松市中央区福島町242-1,,34.663684,137.768297,"バス:遠鉄バスターミナル7番「遠州浜」行き「福島」バス停下車
車:国道1号「福塚」交差点から国道150号(南)へ入り約5分",40台,50人　先着順　10組,2026-11-22,15:00,"申込必要
【締切】締切
【申込開始】2026年11月11日(水曜日)　13時00分
【方法】ホームページ",https://www.city.hamamatsu.shizuoka.jp/s-kumin/hao/,,イベント,中央区,2026-08-13,,○,004513_01
221309,20260806367,静岡県,浜松市,行政相談委員による行政相談,,,2026-10-15,,9:00,11:30,,,,,浜名区役所区民生活課,(053)585-1112,,,浜名区役所,浜松市浜名区貴布祢3000,3階302相談室,34.791664,137.783231,,,,,,"申込不要
当日、直接会場へ",https://www.soumu.go.jp/main_sosiki/hyouka/soudan_n/index.html,,そうだん,浜名区,2026-08-13,,,002404_00
221309,20260806368,静岡県,浜松市,2026はまきた産業祭,ニセンニジュウロクハマキタサンギョウサイ,,2026-11-07,2026-11-08,10:00,16:00,,"【内容】出店者による体験・展示・物品販売および飲食販売(キッチンカー含む)農業部会、工業部会、商業部会によるイベント企画、抽選会

【その他】雨天決行予定ですが、荒天の場合は中止。",,,浜北産業祭実行委員会事務局,(053)585-1116,5344,浜北産業祭実行委員会,サンストリート浜北,浜松市浜名区平口2861,駐車場,34.794705,137.761321,,,,,,申込不要,https://benri-i.com/hamakitasangyosai.htm,,イベント,浜名区,2026-08-13,,○,
221309,20260806369,静岡県,浜松市,学習机を作ろう　木曜コース,ガクシュウツクエヲツクロウ　モクヨウコース,,2026-11-05,,10:00,15:00,全8回,"【内容】天竜産のヒノキ材を使って製作します。ワンランク上の木工作を習得したい方におススメです。
【対象】18歳以上
【その他】応募多数は抽選",31000円,8回分,ビジターセンターバードピア浜北,(053)583-0443,,,静岡県立バードピア浜北,浜松市浜名区尾野2597-7,木工体験館,34.849232,137.780120,,,5人　抽選,2026-10-23,,"申込必要
【方法】窓口／電話／FAX／ホームページ",https://kenritsu-shinrinkouen.jp,,講座・教室,浜名区,2026-08-13,,○,999999_01
221309,20260806370,静岡県,浜松市,学習机を作ろう　土曜コース,ガクシュウツクエヲツクロウ　ドヨウコース,,2026-11-07,,10:00,15:00,全8回,"【内容】天竜産のヒノキ材を使って製作します。ワンランク上の木工作を習得したい方におススメです。
【対象】18歳以上
【その他】応募多数は抽選",31000円,8回分,ビジターセンターバードピア浜北,(053)583-0443,,,静岡県立バードピア浜北,浜松市浜名区尾野2597-7,木工体験館,34.849232,137.780120,,,5人　抽選,2026-10-23,,"申込必要
【方法】窓口／電話／FAX／ホームページ",https://kenritsu-shinrinkouen.jp,,講座・教室,浜名区,2026-08-13,,○,999999_01
221309,20260806371,静岡県,浜松市,大人の野遊び,オトナノノアソビ,,2026-11-15,,10:00,14:30,,"【内容】薪を割ってかまどで火を焚き、秋の味覚を味わいます。童心に帰り、自然の中で非日常体験を楽しみましょう。
【対象】高校生以上",2500円,,ビジターセンターバードピア浜北,(053)583-0443,,,静岡県立バードピア浜北,浜松市浜名区尾野2597-7,炊飯棟,34.849232,137.780120,,,15人　抽選,2026-10-25,,"申込必要
【方法】窓口／電話／FAX／ホームページ",https://kenritsu-shinrinkouen.jp,,講座・教室,浜名区,2026-08-13,,,999999_01
221309,20260806372,静岡県,浜松市,"はじめてのコケ コケに親しむ観察会＜秋＞",ハジメテノコケ　コケニシタシムカンサツカイ＜アキ＞,,2026-11-09,,9:30,12:00,,"【内容】コケにもいろんな種類がある？！身近にみられるコケを観察してみよう！
【対象】18歳以上
【その他】雨天時の延期日11/16(月)",500円,,ビジターセンターバードピア浜北,(053)583-0443,,,静岡県立バードピア浜北,浜松市浜名区尾野2597-7,園内,34.849232,137.780120,,,12人　抽選,2026-10-26,,"申込必要
【申込開始】2026年09月18日(金曜日)　9時00分
【方法】窓口／電話／ホームページ",https://kenritsu-shinrinkouen.jp,,講座・教室,浜名区,2026-08-13,,○,999999_01
221309,20260806373,静岡県,浜松市,11月の一般開放,ジュウイチガツノイッパンカイホウ,,2026-11-04,,9:00,12:00,,【内容】卓球,160円,,サーラグリーンアリーナ（浜北総合体育館）,(053)585-1222,,,浜松市浜北総合体育館（サーラグリーンアリーナ）,浜松市浜名区平口5042-133,,34.798113,137.758233,,,,,,申込不要,https://hamakita-greenarena.jp,,スポーツ,浜名区,2026-08-13,,,002489_01
221309,20260806374,静岡県,浜松市,11月の一般開放,ジュウイチガツノイッパンカイホウ,,2026-11-18,,9:00,12:00,,【内容】バドミントン／インディアカ／ファミリーバドミントン,160円,,サーラグリーンアリーナ（浜北総合体育館）,(053)585-1222,,,浜松市浜北総合体育館（サーラグリーンアリーナ）,浜松市浜名区平口5042-133,,34.798113,137.758233,,,,,,申込不要,https://hamakita-greenarena.jp,,スポーツ,浜名区,2026-08-13,,,002489_01
221309,20260806375,静岡県,浜松市,11月の一般開放,ジュウイチガツノイッパンカイホウ,,2026-11-11,,9:00,12:00,,【内容】バスケットボール,160円,,サーラグリーンアリーナ（浜北総合体育館）,(053)585-1222,,,浜松市浜北総合体育館（サーラグリーンアリーナ）,浜松市浜名区平口5042-133,,34.798113,137.758233,,,,,,申込不要,https://hamakita-greenarena.jp,,スポーツ,浜名区,2026-08-13,,,002489_01
221309,20260806376,静岡県,浜松市,11月の一般開放,ジュウイチガツノイッパンカイホウ,,2026-11-16,,9:00,12:00,,【内容】バウンドテニス,160円,,サーラグリーンアリーナ（浜北総合体育館）,(053)585-1222,,,浜松市浜北総合体育館（サーラグリーンアリーナ）,浜松市浜名区平口5042-133,,34.798113,137.758233,,,,,,申込不要,https://hamakita-greenarena.jp,,スポーツ,浜名区,2026-08-13,,,002489_01
221309,20260806377,静岡県,浜松市,11月の一般開放,ジュウイチガツノイッパンカイホウ,,2026-11-07,,19:00,21:00,,"【内容】スポーツ広場(陸上利用のみ)
【その他】平口サッカー場スポーツ広場は、専用利用のない時間帯も一般開放(個人利用)となりますので平口サッカー場または浜北総合体育館にお問い合わせください。",100円,,平口サッカー場、サーラグリーンアリーナ,"(053)585-1456,(053)585-1222",,,浜松市浜北平口サッカー場（サーラグリーンフィールド）,浜松市浜名区平口3071番地の1,,34.798052,137.759778,,,,,,申込不要,https://hamakita-greenarena.jp,,スポーツ,浜名区,2026-08-13,,,002489_02
221309,20260806378,静岡県,浜松市,11月の一般開放,ジュウイチガツノイッパンカイホウ,,2026-11-15,,19:00,21:00,,"【内容】スポーツ広場(陸上利用のみ)
【その他】平口サッカー場スポーツ広場は、専用利用のない時間帯も一般開放(個人利用)となりますので平口サッカー場または浜北総合体育館にお問い合わせください。",100円,,平口サッカー場、サーラグリーンアリーナ,"(053)585-1456,(053)585-1222",,,浜松市浜北平口サッカー場（サーラグリーンフィールド）,浜松市浜名区平口3071番地の1,,34.798052,137.759778,,,,,,申込不要,https://hamakita-greenarena.jp,,スポーツ,浜名区,2026-08-13,,,002489_02
221309,20260806379,静岡県,浜松市,11月の一般開放,ジュウイチガツノイッパンカイホウ,,2026-11-21,,19:00,21:00,,"【内容】スポーツ広場(陸上利用のみ)
【その他】平口サッカー場スポーツ広場は、専用利用のない時間帯も一般開放(個人利用)となりますので平口サッカー場または浜北総合体育館にお問い合わせください。",100円,,平口サッカー場、サーラグリーンアリーナ,"(053)585-1456,(053)585-1222",,,浜松市浜北平口サッカー場（サーラグリーンフィールド）,浜松市浜名区平口3071番地の1,,34.798052,137.759778,,,,,,申込不要,https://hamakita-greenarena.jp,,スポーツ,浜名区,2026-08-13,,,002489_02
221309,20260806380,静岡県,浜松市,11月の一般開放,ジュウイチガツノイッパンカイホウ,,2026-11-29,,19:00,21:00,,"【内容】スポーツ広場(陸上利用のみ)
【その他】平口サッカー場スポーツ広場は、専用利用のない時間帯も一般開放(個人利用)となりますので平口サッカー場または浜北総合体育館にお問い合わせください。",100円,,平口サッカー場、サーラグリーンアリーナ,"(053)585-1456,(053)585-1222",,,浜松市浜北平口サッカー場（サーラグリーンフィールド）,浜松市浜名区平口3071番地の1,,34.798052,137.759778,,,,,,申込不要,https://hamakita-greenarena.jp,,スポーツ,浜名区,2026-08-13,,,002489_02
221309,20260806381,静岡県,浜松市,なゆた・浜北25周年記念事業　楽しい手作り講座(7)クリスマス飾りを作ろう,ナユタハマキタニジュウゴシュウネンキネンジギョウタノシイテヅクリコウザクリスマスカザリヲツクロウ,,2026-12-05,,,,"(1)13:30～14:30
(2)15:00～16:00","【内容】初めてでも可愛く作れる！パーツを選んで飾るだけ。絵本から飛び出したサンタの小さな森のクリスマス木箱アートです。
【対象】小学生から大人まで(小学2年生以下は保護者同伴)
【講師】杉山涼子、鈴木和美",1000円,材料費を含む※記念事業特別料金,なゆた浜北,(053)585-0611,,,浜松市なゆた・浜北,浜松市浜名区貴布祢3000,,34.791664,137.783231,,,抽選　各回11名以内,2026-11-02,,"申込必要
【締切】締切
【申込開始】2026年10月29日(木曜日)　
【方法】窓口／電話／ホームページ／E-mail(nayuta@yr.tnc.ne.jp)",http://www.nayuta-hamakita.jp,,イベント,浜名区,2026-08-13,,○,000106_00
221309,20260806382,静岡県,浜松市,なゆた・浜北イルミネーション点灯式(まちかどライブ),ナユタハマキタイルミネーションテントウシキ(マチカドライブ),,2026-11-07,,16:00,,イルミネーションはR9.1.31まで実施,【内容】浜北駅前を彩る冬の風物詩として定着したイルミネーション。地域の皆さまの心の憩の広場になるように「なゆた・浜北」を中心とした冬の浜北駅周辺をやさしく照らします。点灯式に合わせてまちかどライブを実施します。,,,なゆた浜北,(053)585-0611,,,浜松市なゆた・浜北,浜松市浜名区貴布祢3000,,34.791664,137.783231,,,,,,,http://www.nayuta-hamakita.jp,,イベント,浜名区,2026-08-13,,○,000106_00
221309,20260806383,静岡県,浜松市,パソコン教室　Excel応用講座,パソコンキョウシツ　エクセルオウヨウコウザ,,2026-12-05,,13:30,16:30,12月5日～1月23日までの毎週土曜日　全7回,"【内容】関数の利用、グラフやデータベースの活用、マクロ作成などを学びます
【対象】15歳以上(高校生を除く)
【条件】ノートパソコン(Microsoft　Excel2019以上のバージョンが使用できること)を持参し、Excelの基本操作ができる人",,テキスト代　2，200円,浜北地域活動・研修センター,(053)588-2740,,,浜松市浜北地域活動・研修センター,浜松市浜名区於呂2829-1,,34.834729,137.801964,遠鉄電車岩水寺駅東口より徒歩1分,あり,20人　抽選　応募多数時は求職者・在職者・初受講者を優先し抽選,2026-10-31,,"申込必要
【方法】窓口／電話((053)588-2740)／ホームページ",https://www.city.hamamatsu.shizuoka.jp/hk-syokkun/index.html,,講座・教室,浜名区,2026-08-13,,,004266_00
221309,20260806384,静岡県,浜松市,第14回浜松市民バンドフェスティバル,ダイ14カイハママツシミンバンドフェスティバル,,2027-01-24,,13:00,,終了時間は16:30(予定),【内容】浜松の音楽文化の更なる発展と市民バンド同士の交流を目的とし、市内で活動する市民バンドによる演奏発表を行う,,前売500円　当日700円,浜北文化センター,(053)586-5151,,,浜松市浜北文化センター,浜松市浜名区貴布祢291-1,,34.794439,137.783274,,,1200人　先着順,,,"申込必要
【申込開始】2026年10月15日(木曜日)　10時00分
【方法】窓口
浜北文化センター窓口、アクトシティチケットセンター、HCFオンラインショップほか",https://www.hcf.or.jp/facilities/hkb/,,おんがく,浜名区,2026-08-13,,○,002410_00
221309,20260806385,静岡県,浜松市,あふちの種のアクセサリー講座,,,2026-11-27,,9:30,12:00,,【対象】小学生以上,500円,,万葉の森公園,(053)586-8700,,,万葉の森公園,浜松市浜名区平口5051-1,,34.801440,137.760556,,,8人　先着順,,,"申込必要
【申込開始】2026年10月16日(金曜日)　9時00分
【方法】窓口／電話",https://manyou.hama-park.jp/,,イベント,浜名区,2026-08-13,,○,002677_00
221309,20260806386,静岡県,浜松市,万葉の色を掛ける「櫨(ハゼ)」×「蘇芳(スオウ)」,,,2026-11-15,,10:00,15:00,,,5000円,材料代・昼食代,万葉の森公園,(053)586-8700,,,万葉の森公園,浜松市浜名区平口5051-1,,34.801440,137.760556,,,10人　先着順,,,"申込必要
【申込開始】2026年10月15日(木曜日)　9時00分
【方法】窓口／電話",https://manyou.hama-park.jp/,,イベント,浜名区,2026-08-13,,○,002677_00
221309,20260806387,静岡県,浜松市,舟橋弘子の万葉コンサート,,,2026-11-28,,,,"11:00～11:30
13:30～14:00",【内容】万葉歌アーティスト・舟橋弘子さんが万葉歌にメロディーをつけて歌います。,,無料,万葉の森公園,(053)586-8700,,,万葉の森公園,浜松市浜名区平口5051-1,,34.801440,137.760556,,,,,,"申込不要
当日、直接会場へ",https://manyou.hama-park.jp/,,イベント,浜名区,2026-08-13,,○,002677_00
221309,20260806388,静岡県,浜松市,万葉四季の集い「ノジギクと防人の歌」,,,2026-11-23,,13:30,15:30,,,500円,抹茶とお菓子つき,万葉の森公園,(053)586-8700,,,万葉の森公園,浜松市浜名区平口5051-1,,34.801440,137.760556,,,20人　先着順,,,"申込必要
【申込開始】2026年10月16日(金曜日)　9時00分
【方法】窓口／電話",https://manyou.hama-park.jp/,,イベント,浜名区,2026-08-13,,○,002677_00
221309,20260806389,静岡県,浜松市,万葉の森公園の季節の公園散策(解説付き),,,2026-11-01,,11:00,,40分程度,,,無料,万葉の森公園,(053)586-8700,,,万葉の森公園,浜松市浜名区平口5051-1,,34.801440,137.760556,,,,,,"申込不要
当日、直接会場へ",https://manyou.hama-park.jp/,,イベント,浜名区,2026-08-13,,○,002677_00
221309,20260806390,静岡県,浜松市,万葉の森公園の季節の公園散策(解説付き),,,2026-11-15,,11:00,,40分程度,,,無料,万葉の森公園,(053)586-8700,,,万葉の森公園,浜松市浜名区平口5051-1,,34.801440,137.760556,,,,,,"申込不要
当日、直接会場へ",https://manyou.hama-park.jp/,,イベント,浜名区,2026-08-13,,○,002677_00
221309,20260806391,静岡県,浜松市,万葉の森公園の季節の公園散策(解説付き),,,2026-11-29,,11:00,,40分程度,,,無料,万葉の森公園,(053)586-8700,,,万葉の森公園,浜松市浜名区平口5051-1,,34.801440,137.760556,,,,,,"申込不要
当日、直接会場へ",https://manyou.hama-park.jp/,,イベント,浜名区,2026-08-13,,○,002677_00
221309,20260806392,静岡県,浜松市,万葉植物等を描く絵手紙体験,,,2026-11-22,,10:00,14:30,随時受付,,300円,材料代として,万葉の森公園,(053)586-8700,,,万葉の森公園,浜松市浜名区平口5051-1,,34.801440,137.760556,,,,,,"申込不要
当日、直接会場へ",https://manyou.hama-park.jp/,,イベント,浜名区,2026-08-13,,○,002677_00
221309,20260806393,静岡県,浜松市,花の風車づくり(紅葉),,,2026-11-08,,9:30,12:00,,,1000円,材料代として,万葉の森公園,(053)586-8700,,,万葉の森公園,浜松市浜名区平口5051-1,,34.801440,137.760556,,,12人　先着順,,,"申込必要
【申込開始】2026年10月15日(木曜日)　9時00分
【方法】窓口／電話",https://manyou.hama-park.jp/,,イベント,浜名区,2026-08-13,,○,002677_00
221309,20260806394,静岡県,浜松市,万葉草木の香り～香り袋と線香～,,,2026-11-20,,10:00,13:00,,,3000円,材料代・昼食代,万葉の森公園,(053)586-8700,,,万葉の森公園,浜松市浜名区平口5051-1,,34.801440,137.760556,,,12人　先着順,,,"申込必要
【申込開始】2026年10月15日(木曜日)　9時00分
【方法】窓口／電話",https://manyou.hama-park.jp/,,イベント,浜名区,2026-08-13,2026-09-02,○,002677_00
221309,20260806395,静岡県,浜松市,企画展「大相撲逸品展」,キカクテン「オオズモウイッピンテン」,,2026-11-07,2026-11-23,9:00,17:00,,【内容】大相撲十一月場所の期間に合わせ、個人コレクター所蔵品から、力士を描いた江戸～近代の錦絵・絵画作品を中心に、力士の手形や化粧まわしなど、大相撲にまつわる逸品を展示。,,,市民ミュージアム浜北,(053)586-7310,,,浜松市市民ミュージアム浜北,浜松市浜名区貴布祢291-1,,34.794439,137.783274,,,,,,申込不要,https://www.hcf.or.jp/facilities/hamakita_museum/,,おしらせ,浜名区,2026-08-13,,○,002410_01
221309,20260806396,静岡県,浜松市,令和8年度みをつくしふれあい駅伝大会出場チーム募集,レイワハチネンドミヲツクシフレアイエキデンタイカイ,,2027-01-24,,,,9時30分開始,"【内容】小学生から大人まで、楽しく参加できる駅伝大会です。
【対象】小学生以上で、脚力に自信のある方(申し込みが多い場合は、市内居住の方優先で抽選となります)
【その他】1チーム4人",,"1チーム2,500円",浜名区北行政センター（まちづくり推進担当）,(053)523-2903,,みをつくしふれあい駅伝大会実行委員会,交通教育センターレインボー浜名湖,浜松市浜名区細江町気賀5200-5,,34.796125,137.641245,車,本田技研工場(株)細江船外機工場駐車場,各部門(小学生・中高生・一般)50チーム程度,2026-11-16,,"申込必要
【締切】締切
【申込開始】2026年09月30日(水曜日)　
【方法】窓口／FAX((050)-3537-9144)／ホームページ
インターネット申し込みはHP上のリンクから",https://www.city.hamamatsu.shizuoka.jp/n-machi/sports/miwotsukushiekiden.html,,スポーツ,浜名区,2026-08-13,,,
221309,20260806397,静岡県,浜松市,行政相談委員による行政相談,,,2026-10-21,,9:00,12:00,,,,,北行政センター,(053)523-1116,,,引佐支所,浜松市浜名区引佐町井伊谷616-5,,34.834554,137.670504,,,,,,"申込不要
当日、直接会場へ",https://www.soumu.go.jp/main_sosiki/hyouka/soudan_n/index.html,,そうだん,浜名区,2026-08-13,,,004483_00
221309,20260806398,静岡県,浜松市,行政相談委員による行政相談,,,2026-10-21,,9:00,12:00,,,,,北行政センター,(053)523-1116,,,新都田市民サービスセンター,浜松市浜名区新都田3-13-1,,34.817828,137.739565,,,,,,"申込不要
当日、直接会場へ",https://www.soumu.go.jp/main_sosiki/hyouka/soudan_n/index.html,,そうだん,浜名区,2026-08-13,,,004434_00
221309,20260806399,静岡県,浜松市,行政相談委員による行政相談,,,2026-10-21,,13:00,15:30,,,,,水窪支所,(053)982-0002,,,水窪支所,浜松市天竜区水窪町奥領家2980-1,,35.165959,137.869545,,,,,,"申込不要
当日、直接会場へ",https://www.soumu.go.jp/main_sosiki/hyouka/soudan_n/soudan_uketuke.html,,そうだん,天竜区,2026-08-13,,,004487_00
221309,20260806400,静岡県,浜松市,天竜二俣駅前マルシェ,テンリュウフタマタエキマエマルシェ,,2026-10-10,,9:30,14:30,,【内容】天竜区の産業振興や地域の活性化を図るとともに、駅前のにぎわい創出を目的として、天竜浜名湖鉄道の「天竜二俣駅」前において、天竜区を中心とした飲食物、農作物、農産加工品、工芸品等の販売を行います。また、「はままつのお茶サポーター」のfishbowl、kidsbowlによる天竜茶・春野茶のPRイベント等も開催します。,,,天竜二俣駅前マルシェ実行委員会事務局（天竜区まちづくり推進課内）,(053)922-0033,7312,天竜二俣駅前マルシェ実行委員会,天竜二俣駅西公園,,,34.859542,137.819399,天竜浜名湖鉄道「天竜二俣駅」下車、駅前,なし(近くのコインパーキングまたは公共交通機関をご利用ください。),,,,申込不要,"https://www.city.hamamatsu.shizuoka.jp/ tn-machi/bunkasyougai/march20261010.html",,イベント,天竜区,2026-08-13,,○,
221309,20260806401,静岡県,浜松市,北遠秋まつり,ホクエンアキマツリ,"hokuen aki matsuri",2026-11-01,,,,,【内容】天竜区で各地で行われる物産展と各種催しのイベントです。11/1の水窪を皮切りに、11/15までの土日祝日に、天竜、龍山、佐久間、水窪、春野で開催されます。,,,天竜区まちづくり推進課,(053)922-0033,7312,天竜産業観光まつり実行委員会ほか,,,,,,,あり(二俣は公共交通機関がお勧め),,,,申込不要,https://www.city.hamamatsu.shizuoka.jp/tn-machi/kanko/sangyo_sai/r08sangyosa.html,,イベント,天竜区,2026-08-13,2026-08-26,○,
221309,20260806402,静岡県,浜松市,天竜産業観光まつり,テンリュウサンギョウカンコウマツリ,"tenryu sangyo kanko maturi",2026-11-03,,9:30,15:00,,【内容】各種地場産品など、地域の店舗、団体等が中心の、物産展と各種催しのイベントです。,,,天竜区まちづくり推進課,(053)922-0033,7312,天竜産業観光まつり実行委員会,クローバー通り商店街,浜松市天竜区二俣町,,34.864000,137.814669,天竜二俣線「二俣本町駅」から約5分、遠鉄バス「城下通りバス停」から徒歩約4分,あり(駐車場は満車になることがあります),,,,申込不要,https://www.city.hamamatsu.shizuoka.jp/tn-machi/kanko/sangyo_sai/r08sangyosa.html,,イベント,天竜区,2026-08-13,2026-08-26,○,
221309,20260806403,静岡県,浜松市,ほっとぴあたつやま産業祭,ホットピアタツヤマサンギョウマツリ,"hottopia tatuyama sangyo maturi",2026-11-08,,9:30,14:00,,【内容】各種地場産品など、地域の店舗、団体等が中心の、物産展と各種催しのイベントです。,,,浜松市龍山支所,(053)966-2111,,ほっとぴあたつやま産業祭実行委員会,龍山総合運動場,浜松市天竜区龍山町戸倉,,34.965453,137.835204,,あり(会場周辺で案内があります),,,,申込不要,https://www.city.hamamatsu.shizuoka.jp/tn-machi/kanko/sangyo_sai/r08sangyosa.html,,イベント,天竜区,2026-08-13,2026-08-26,○,
221309,20260806404,静岡県,浜松市,フェスタさくま,フェスタサクマ,"festa sakuma",2026-11-08,,9:30,14:30,,【内容】各種地場産品など、地域の店舗、団体等が中心の、物産展と各種催しのイベントです。,,,浜松市佐久間支所,(053)966-0001,,フェスタさくま実行委員会,浜松市佐久間歴史と民話の郷会館,浜松市天竜区佐久間町佐久間429-1,駐車場,35.091760,137.813648,,あり(会場周辺で案内があります),,,,申込不要,https://www.city.hamamatsu.shizuoka.jp/tn-machi/kanko/sangyo_sai/r08sangyosa.html,,イベント,天竜区,2026-08-13,2026-08-26,○,004484_00
221309,20260806405,静岡県,浜松市,みさくぼ夢街道,ミサクボユメカイドウ,"misakubo yume kaido",2026-11-01,,10:00,14:00,,【内容】各種地場産品など、地域の店舗、団体等が中心の、物産展と各種催しのイベントです。,,,浜松市水窪支所,(053)982-0001,,みさくぼ夢街道実行委員会,水窪商店街通り,浜松市天竜区水窪町奥領家,,35.166072,137.869864,,あり(会場周辺で案内があります),,,,申込不要,https://www.city.hamamatsu.shizuoka.jp/tn-machi/kanko/sangyo_sai/r08sangyosa.html,,イベント,天竜区,2026-08-13,2026-08-26,○,
221309,20260806406,静岡県,浜松市,はるの産業まつり,ハルノサンギョウマツリ,"haruno sangyo maturi",2026-11-14,2026-11-15,10:00,15:00,,"【内容】各種地場産品など、地域の店舗、団体等が中心の、物産展と各種催しのイベントです。
【その他】日曜日は午前9:00～午後2時30分",,,浜松市春野支所,(053)983-0001,,はるの産業まつり実行委員会,浜松市春野ふれあい公園,浜松市天竜区春野町領家145-1,,34.957889,137.887676,,あり(会場周辺で案内があります),,,,申込不要,https://www.city.hamamatsu.shizuoka.jp/tn-machi/kanko/sangyo_sai/r08sangyosa.html,,イベント,天竜区,2026-08-13,2026-08-26,○,T00602_00
221309,20260813407,静岡県,浜松市,市民相談(予約制),,,2026-09-01,,10:00,15:00,昼休憩あり(12:00～13:00),,,,浜松市くらしのセンター,(053)457-2025,,,北行政センター,浜松市浜名区細江町気賀305,1F相談室,34.806210,137.650988,,,,2026-08-31,12:00,"申込必要
【締切】締切
【方法】窓口／電話((053)457-2025)",,,そうだん,浜名区,2026-08-13,,,000935_00
221309,20260813408,静岡県,浜松市,市民相談(予約制),,,2026-09-02,,10:00,15:00,昼休憩あり(12:00～13:00),,,,浜松市くらしのセンター,(053)457-2025,,,天竜区役所,浜松市天竜区二俣町二俣481,1F相談室,34.872645,137.816250,,,,2026-09-01,12:00,"申込必要
【締切】締切
【方法】窓口／電話((053)457-2025)",,,そうだん,天竜区,2026-08-13,,,001994_00
221309,20260813409,静岡県,浜松市,交通事故相談(予約制),,,2026-09-02,,10:00,15:00,昼休憩あり(12:00～13:00),,,,浜松市くらしのセンター,(053)457-2233,,,浜名区役所,浜松市浜名区貴布祢3000,1F相談室,34.791664,137.783231,,,,2026-09-01,12:00,"申込必要
【締切】締切
【方法】窓口／電話((053)457-2233)",,,そうだん,浜名区,2026-08-13,,,002404_00
221309,20260813410,静岡県,浜松市,北行政法律相談(予約制),,,2026-09-03,,13:30,15:35,,,,,浜松市くらしのセンター,(053)457-2025,,,北行政センター,浜松市浜名区細江町気賀305,2F21会議室,34.806210,137.650988,,,,,,"申込必要
【申込開始】2026年08月17日(月曜日)　9時00分
【方法】窓口／電話((053)457-2025)",,,そうだん,浜名区,2026-08-13,,,000935_00
221309,20260813411,静岡県,浜松市,市民相談(予約制),,,2026-09-04,,10:00,15:00,昼休憩あり(12:00～13:00),,,,浜松市くらしのセンター,(053)457-2025,,,浜名区役所,浜松市浜名区貴布祢3000,1F相談室,34.791664,137.783231,,,,2026-09-03,12:00,"申込必要
【締切】締切
【方法】窓口／電話((053)457-2025)",,,そうだん,浜名区,2026-08-13,,,002404_00
221309,20260813412,静岡県,浜松市,法律相談(予約制),,,2026-09-04,,13:30,16:25,,,,,浜松市くらしのセンター,(053)457-2025,,,浜松市くらしのセンター,浜松市中央区海老塚町51-1,,34.702305,137.731964,,,,,,"申込必要
【申込開始】2026年08月17日(月曜日)　9時00分
【方法】窓口／電話((053)457-2025)",,,そうだん,中央区,2026-08-13,,,005359_01
221309,20260813413,静岡県,浜松市,市民相談(予約制),,,2026-09-07,,10:00,15:00,昼休憩あり(12:00～13:00),,,,浜松市くらしのセンター,(053)457-2025,,,浜名区役所,浜松市浜名区貴布祢3000,1F相談室,34.791664,137.783231,,,,2026-09-04,12:00,"申込必要
【締切】締切
【方法】窓口／電話((053)457-2025)",,,そうだん,浜名区,2026-08-13,,,002404_00
221309,20260813414,静岡県,浜松市,市民相談(予約制),,,2026-09-09,,10:00,15:00,昼休憩あり(12:00～13:00),,,,浜松市くらしのセンター,(053)457-2025,,,天竜区役所,浜松市天竜区二俣町二俣481,1F相談室,34.872645,137.816250,,,,2026-09-08,12:00,"申込必要
【締切】締切
【方法】窓口／電話((053)457-2025)",,,そうだん,天竜区,2026-08-13,,,001994_00
221309,20260813415,静岡県,浜松市,交通事故相談(予約制),,,2026-09-09,,10:00,15:00,昼休憩あり(12:00～13:00),,,,浜松市くらしのセンター,(053)457-2233,,,浜名区役所,浜松市浜名区貴布祢3000,1F相談室,34.791664,137.783231,,,,2026-09-08,12:00,"申込必要
【締切】締切
【方法】窓口／電話((053)457-2233)",,,そうだん,浜名区,2026-08-13,,,002404_00
221309,20260813416,静岡県,浜松市,市民相談(予約制),,,2026-09-11,,10:00,15:00,昼休憩あり(12:00～13:00),,,,浜松市くらしのセンター,(053)457-2025,,,浜名区役所,浜松市浜名区貴布祢3000,1F相談室,34.791664,137.783231,,,,2026-09-10,12:00,"申込必要
【締切】締切
【方法】窓口／電話((053)457-2025)",,,そうだん,浜名区,2026-08-13,,,002404_00
221309,20260813417,静岡県,浜松市,法律相談(予約制),,,2026-09-11,,13:30,16:25,,,,,浜松市くらしのセンター,(053)457-2025,,,浜松市くらしのセンター,浜松市中央区海老塚町51-1,,34.702305,137.731964,,,,,,"申込必要
【申込開始】2026年08月24日(月曜日)　9時00分
【方法】窓口／電話((053)457-2025)",,,そうだん,中央区,2026-08-13,,,005359_01
221309,20260813418,静岡県,浜松市,市民相談(予約制),,,2026-09-14,,10:00,15:00,昼休憩あり(12:00～13:00),,,,浜松市くらしのセンター,(053)457-2025,,,浜名区役所,浜松市浜名区貴布祢3000,1F相談室,34.791664,137.783231,,,,2026-09-11,12:00,"申込必要
【締切】締切
【方法】窓口／電話((053)457-2025)",,,そうだん,浜名区,2026-08-13,,,002404_00
221309,20260813419,静岡県,浜松市,市民相談(予約制),,,2026-09-15,,10:00,15:00,昼休憩あり(12:00～13:00),,,,浜松市くらしのセンター,(053)457-2025,,,北行政センター,浜松市浜名区細江町気賀305,1F相談室,34.806210,137.650988,,,,2026-09-14,12:00,"申込必要
【締切】締切
【方法】窓口／電話((053)457-2025)",,,そうだん,浜名区,2026-08-13,,,000935_00
221309,20260813420,静岡県,浜松市,交通事故相談(予約制),,,2026-09-15,,10:00,15:00,昼休憩あり(12:00～13:00),,,,浜松市くらしのセンター,(053)457-2233,,,北行政センター,浜松市浜名区細江町気賀305,3F相談室,34.806210,137.650988,,,,2026-09-14,12:00,"申込必要
【締切】締切
【方法】窓口／電話((053)457-2233)",,,そうだん,浜名区,2026-08-13,,,000935_00
221309,20260813421,静岡県,浜松市,市民相談(予約制),,,2026-09-16,,10:00,15:00,昼休憩あり(12:00～13:00),,,,浜松市くらしのセンター,(053)457-2025,,,天竜区役所,浜松市天竜区二俣町二俣481,1F相談室,34.872645,137.816250,,,,2026-09-15,12:00,"申込必要
【締切】締切
【方法】窓口／電話((053)457-2025)",,,そうだん,天竜区,2026-08-13,,,001994_00
221309,20260813422,静岡県,浜松市,交通事故相談(予約制),,,2026-09-16,,10:00,15:00,昼休憩あり(12:00～13:00),,,,浜松市くらしのセンター,(053)457-2233,,,浜名区役所,浜松市浜名区貴布祢3000,1F相談室,34.791664,137.783231,,,,2026-09-15,12:00,"申込必要
【締切】締切
【方法】窓口／電話((053)457-2233)",,,そうだん,浜名区,2026-08-13,,,002404_00
221309,20260813423,静岡県,浜松市,天竜区法律相談(予約制),,,2026-09-17,,13:30,15:35,,,,,浜松市くらしのセンター,(053)457-2025,,,天竜区役所,浜松市天竜区二俣町二俣481,1F相談室,34.872645,137.816250,,,,,,"申込必要
【申込開始】2026年08月31日(月曜日)　9時00分
【方法】窓口／電話((053)457-2025)",,,そうだん,天竜区,2026-08-13,,,001994_00
221309,20260813424,静岡県,浜松市,市民相談(予約制),,,2026-09-18,,10:00,15:00,昼休憩あり(12:00～13:00),,,,浜松市くらしのセンター,(053)457-2025,,,浜名区役所,浜松市浜名区貴布祢3000,1F相談室,34.791664,137.783231,,,,2026-09-17,12:00,"申込必要
【締切】締切
【方法】窓口／電話((053)457-2025)",,,そうだん,浜名区,2026-08-13,,,002404_00
221309,20260813425,静岡県,浜松市,法律相談(予約制),,,2026-09-18,,13:30,16:25,,,,,浜松市くらしのセンター,(053)457-2025,,,浜松市くらしのセンター,浜松市中央区海老塚町51-1,,34.702305,137.731964,,,,,,"申込必要
【申込開始】2026年08月31日(月曜日)　9時00分
【方法】窓口／電話((053)457-2025)",,,そうだん,中央区,2026-08-13,,,005359_01
221309,20260813426,静岡県,浜松市,市民相談(予約制),,,2026-09-25,,10:00,15:00,昼休憩あり(12:00～13:00),,,,浜松市くらしのセンター,(053)457-2025,,,浜名区役所,浜松市浜名区貴布祢3000,1F相談室,34.791664,137.783231,,,,2026-09-24,12:00,"申込必要
【締切】締切
【方法】窓口／電話((053)457-2025)",,,そうだん,浜名区,2026-08-13,,,002404_00
221309,20260813427,静岡県,浜松市,法律相談(予約制),,,2026-09-25,,13:30,16:25,,,,,浜松市くらしのセンター,(053)457-2025,,,浜松市くらしのセンター,浜松市中央区海老塚町51-1,,34.702305,137.731964,,,,,,"申込必要
【申込開始】2026年09月07日(月曜日)　9時00分
【方法】窓口／電話((053)457-2025)",,,そうだん,中央区,2026-08-13,,,005359_01
221309,20260813428,静岡県,浜松市,市民相談(予約制),,,2026-09-28,,10:00,15:00,昼休憩あり(12:00～13:00),,,,浜松市くらしのセンター,(053)457-2025,,,浜名区役所,浜松市浜名区貴布祢3000,1F相談室,34.791664,137.783231,,,,2026-09-25,12:00,"申込必要
【締切】締切
【方法】窓口／電話((053)457-2025)",,,そうだん,浜名区,2026-08-13,,,002404_00
221309,20260813429,静岡県,浜松市,交通事故相談(予約制),,,2026-09-28,,10:00,15:00,昼休憩あり(12:00～13:00),,,,浜松市くらしのセンター,(053)457-2233,,,天竜区役所,浜松市天竜区二俣町二俣481,1F相談室,34.872645,137.816250,,,,2026-09-25,12:00,"申込必要
【締切】締切
【方法】窓口／電話((053)457-2233)",,,そうだん,天竜区,2026-08-13,,,001994_00
221309,20260813430,静岡県,浜松市,市民相談(予約制),,,2026-09-30,,10:00,15:00,昼休憩あり(12:00～13:00),,,,浜松市くらしのセンター,(053)457-2025,,,天竜区役所,浜松市天竜区二俣町二俣481,1F相談室,34.872645,137.816250,,,,2026-09-29,12:00,"申込必要
【締切】締切
【方法】窓口／電話((053)457-2025)",,,そうだん,天竜区,2026-08-13,,,001994_00
221309,20260813431,静岡県,浜松市,交通事故相談(予約制),,,2026-09-30,,10:00,15:00,昼休憩あり(12:00～13:00),,,,浜松市くらしのセンター,(053)457-2233,,,浜名区役所,浜松市浜名区貴布祢3000,1F相談室,34.791664,137.783231,,,,2026-09-29,12:00,"申込必要
【締切】締切
【方法】窓口／電話((053)457-2233)",,,そうだん,浜名区,2026-08-13,,,002404_00
221309,20260813432,静岡県,浜松市,悩みごと相談(電話),,,2026-09-01,,10:00,16:00,,,,,あいホール,(053)412-0352,,,浜松市男女共同参画・文化芸術活動推進センター（あいホール）,浜松市中央区幸三丁目3-1,,34.741648,137.726455,,,,,,申込不要,,,そうだん,中央区,2026-08-13,,,004617_00
221309,20260813433,静岡県,浜松市,悩みごと相談(電話),,,2026-09-02,,10:00,20:00,10:00～16:00及び18:00～20:00,,,,あいホール,(053)412-0352,,,浜松市男女共同参画・文化芸術活動推進センター（あいホール）,浜松市中央区幸三丁目3-1,,34.741648,137.726455,,,,,,申込不要,,,そうだん,中央区,2026-08-13,,,004617_00
221309,20260813434,静岡県,浜松市,悩みごと相談(電話),,,2026-09-03,,10:00,16:00,,,,,あいホール,(053)412-0352,,,浜松市男女共同参画・文化芸術活動推進センター（あいホール）,浜松市中央区幸三丁目3-1,,34.741648,137.726455,,,,,,申込不要,,,そうだん,中央区,2026-08-13,,,004617_00
221309,20260813435,静岡県,浜松市,悩みごと相談(電話),,,2026-09-05,,10:00,20:00,10:00～16:00及び18:00～20:00,,,,あいホール,(053)412-0352,,,浜松市男女共同参画・文化芸術活動推進センター（あいホール）,浜松市中央区幸三丁目3-1,,34.741648,137.726455,,,,,,申込不要,,,そうだん,中央区,2026-08-13,,,004617_00
221309,20260813436,静岡県,浜松市,悩みごと相談(電話),,,2026-09-08,,10:00,16:00,,,,,あいホール,(053)412-0352,,,浜松市男女共同参画・文化芸術活動推進センター（あいホール）,浜松市中央区幸三丁目3-1,,34.741648,137.726455,,,,,,申込不要,,,そうだん,中央区,2026-08-13,,,004617_00
221309,20260813437,静岡県,浜松市,悩みごと相談(電話),,,2026-09-09,,10:00,20:00,10:00～16:00及び18:00～20:00,,,,あいホール,(053)412-0352,,,浜松市男女共同参画・文化芸術活動推進センター（あいホール）,浜松市中央区幸三丁目3-1,,34.741648,137.726455,,,,,,申込不要,,,そうだん,中央区,2026-08-13,,,004617_00
221309,20260813438,静岡県,浜松市,悩みごと相談(電話),,,2026-09-10,,10:00,16:00,,,,,あいホール,(053)412-0352,,,浜松市男女共同参画・文化芸術活動推進センター（あいホール）,浜松市中央区幸三丁目3-1,,34.741648,137.726455,,,,,,申込不要,,,そうだん,中央区,2026-08-13,,,004617_00
221309,20260813439,静岡県,浜松市,悩みごと相談(電話),,,2026-09-12,,10:00,20:00,10:00～16:00及び18:00～20:00,,,,あいホール,(053)412-0352,,,浜松市男女共同参画・文化芸術活動推進センター（あいホール）,浜松市中央区幸三丁目3-1,,34.741648,137.726455,,,,,,申込不要,,,そうだん,中央区,2026-08-13,,,004617_00
221309,20260813440,静岡県,浜松市,悩みごと相談(電話),,,2026-09-15,,10:00,16:00,,,,,あいホール,(053)412-0352,,,浜松市男女共同参画・文化芸術活動推進センター（あいホール）,浜松市中央区幸三丁目3-1,,34.741648,137.726455,,,,,,申込不要,,,そうだん,中央区,2026-08-13,,,004617_00
221309,20260813441,静岡県,浜松市,悩みごと相談(電話),,,2026-09-16,,10:00,20:00,10:00～16:00及び18:00～20:00,,,,あいホール,(053)412-0352,,,浜松市男女共同参画・文化芸術活動推進センター（あいホール）,浜松市中央区幸三丁目3-1,,34.741648,137.726455,,,,,,申込不要,,,そうだん,中央区,2026-08-13,,,004617_00
221309,20260813442,静岡県,浜松市,悩みごと相談(電話),,,2026-09-17,,10:00,16:00,,,,,あいホール,(053)412-0352,,,浜松市男女共同参画・文化芸術活動推進センター（あいホール）,浜松市中央区幸三丁目3-1,,34.741648,137.726455,,,,,,申込不要,,,そうだん,中央区,2026-08-13,,,004617_00
221309,20260813443,静岡県,浜松市,悩みごと相談(電話),,,2026-09-19,,10:00,20:00,10:00～16:00及び18:00～20:00,,,,あいホール,(053)412-0352,,,浜松市男女共同参画・文化芸術活動推進センター（あいホール）,浜松市中央区幸三丁目3-1,,34.741648,137.726455,,,,,,申込不要,,,そうだん,中央区,2026-08-13,,,004617_00
221309,20260813444,静岡県,浜松市,悩みごと相談(電話),,,2026-09-24,,10:00,16:00,,,,,あいホール,(053)412-0352,,,浜松市男女共同参画・文化芸術活動推進センター（あいホール）,浜松市中央区幸三丁目3-1,,34.741648,137.726455,,,,,,申込不要,,,そうだん,中央区,2026-08-13,,,004617_00
221309,20260813445,静岡県,浜松市,悩みごと相談(電話),,,2026-09-26,,10:00,20:00,10:00～16:00及び18:00～20:00,,,,あいホール,(053)412-0352,,,浜松市男女共同参画・文化芸術活動推進センター（あいホール）,浜松市中央区幸三丁目3-1,,34.741648,137.726455,,,,,,申込不要,,,そうだん,中央区,2026-08-13,,,004617_00
221309,20260813446,静岡県,浜松市,悩みごと相談(電話),,,2026-09-29,,10:00,16:00,,,,,あいホール,(053)412-0352,,,浜松市男女共同参画・文化芸術活動推進センター（あいホール）,浜松市中央区幸三丁目3-1,,34.741648,137.726455,,,,,,申込不要,,,そうだん,中央区,2026-08-13,,,004617_00
221309,20260813447,静岡県,浜松市,悩みごと相談(電話),,,2026-09-30,,10:00,20:00,10:00～16:00及び18:00～20:00,,,,あいホール,(053)412-0352,,,浜松市男女共同参画・文化芸術活動推進センター（あいホール）,浜松市中央区幸三丁目3-1,,34.741648,137.726455,,,,,,申込不要,,,そうだん,中央区,2026-08-13,,,004617_00
221309,20260813448,静岡県,浜松市,悩みごと相談(面接),,,2026-09-01,,10:00,16:00,,,,,あいホール,(053)412-0352,,,浜松市男女共同参画・文化芸術活動推進センター（あいホール）,浜松市中央区幸三丁目3-1,,34.741648,137.726455,,,,,,"申込必要
【方法】電話((053)412-0352)",,,そうだん,中央区,2026-08-13,,,004617_00
221309,20260813449,静岡県,浜松市,悩みごと相談(面接),,,2026-09-02,,10:00,20:00,10:00～16:00及び18:00～20:00,,,,あいホール,(053)412-0352,,,浜松市男女共同参画・文化芸術活動推進センター（あいホール）,浜松市中央区幸三丁目3-1,,34.741648,137.726455,,,,,,"申込必要
【方法】電話((053)412-0352)",,,そうだん,中央区,2026-08-13,,,004617_00
221309,20260813450,静岡県,浜松市,悩みごと相談(面接),,,2026-09-05,,10:00,16:00,,,,,あいホール,(053)412-0352,,,浜松市男女共同参画・文化芸術活動推進センター（あいホール）,浜松市中央区幸三丁目3-1,,34.741648,137.726455,,,,,,"申込必要
【方法】電話((053)412-0352)",,,そうだん,中央区,2026-08-13,,,004617_00
221309,20260813451,静岡県,浜松市,悩みごと相談(面接),,,2026-09-08,,10:00,16:00,,,,,あいホール,(053)412-0352,,,浜松市男女共同参画・文化芸術活動推進センター（あいホール）,浜松市中央区幸三丁目3-1,,34.741648,137.726455,,,,,,"申込必要
【方法】電話((053)412-0352)",,,そうだん,中央区,2026-08-13,,,004617_00
221309,20260813452,静岡県,浜松市,悩みごと相談(面接),,,2026-09-09,,10:00,20:00,10:00～16:00及び18:00～20:00,,,,あいホール,(053)412-0352,,,浜松市男女共同参画・文化芸術活動推進センター（あいホール）,浜松市中央区幸三丁目3-1,,34.741648,137.726455,,,,,,"申込必要
【方法】電話((053)412-0352)",,,そうだん,中央区,2026-08-13,,,004617_00
221309,20260813453,静岡県,浜松市,悩みごと相談(面接),,,2026-09-12,,10:00,16:00,,,,,あいホール,(053)412-0352,,,浜松市男女共同参画・文化芸術活動推進センター（あいホール）,浜松市中央区幸三丁目3-1,,34.741648,137.726455,,,,,,"申込必要
【方法】電話((053)412-0352)",,,そうだん,中央区,2026-08-13,,,004617_00
221309,20260813454,静岡県,浜松市,悩みごと相談(面接),,,2026-09-15,,10:00,16:00,,,,,あいホール,(053)412-0352,,,浜松市男女共同参画・文化芸術活動推進センター（あいホール）,浜松市中央区幸三丁目3-1,,34.741648,137.726455,,,,,,"申込必要
【方法】電話((053)412-0352)",,,そうだん,中央区,2026-08-13,,,004617_00
221309,20260813455,静岡県,浜松市,悩みごと相談(面接),,,2026-09-16,,10:00,20:00,10:00～16:00及び18:00～20:00,,,,あいホール,(053)412-0352,,,浜松市男女共同参画・文化芸術活動推進センター（あいホール）,浜松市中央区幸三丁目3-1,,34.741648,137.726455,,,,,,"申込必要
【方法】電話((053)412-0352)",,,そうだん,中央区,2026-08-13,,,004617_00
221309,20260813456,静岡県,浜松市,悩みごと相談(面接),,,2026-09-19,,10:00,16:00,,,,,あいホール,(053)412-0352,,,浜松市男女共同参画・文化芸術活動推進センター（あいホール）,浜松市中央区幸三丁目3-1,,34.741648,137.726455,,,,,,"申込必要
【方法】電話((053)412-0352)",,,そうだん,中央区,2026-08-13,,,004617_00
221309,20260813457,静岡県,浜松市,悩みごと相談(面接),,,2026-09-26,,10:00,16:00,,,,,あいホール,(053)412-0352,,,浜松市男女共同参画・文化芸術活動推進センター（あいホール）,浜松市中央区幸三丁目3-1,,34.741648,137.726455,,,,,,"申込必要
【方法】電話((053)412-0352)",,,そうだん,中央区,2026-08-13,,,004617_00
221309,20260813458,静岡県,浜松市,悩みごと相談(面接),,,2026-09-29,,10:00,16:00,,,,,あいホール,(053)412-0352,,,浜松市男女共同参画・文化芸術活動推進センター（あいホール）,浜松市中央区幸三丁目3-1,,34.741648,137.726455,,,,,,"申込必要
【方法】電話((053)412-0352)",,,そうだん,中央区,2026-08-13,,,004617_00
221309,20260813459,静岡県,浜松市,悩みごと相談(LINE),,,2026-09-02,,13:00,21:00,最終受付20:30,,,,あいホール,(053)412-0352,,,浜松市男女共同参画・文化芸術活動推進センター（あいホール）,浜松市中央区幸三丁目3-1,,34.741648,137.726455,,,,,,申込不要,,友だち追加必要,そうだん,中央区,2026-08-13,,,004617_00
221309,20260813460,静岡県,浜松市,悩みごと相談(LINE),,,2026-09-06,,10:00,16:00,最終受付15:30,,,,あいホール,(053)412-0352,,,浜松市男女共同参画・文化芸術活動推進センター（あいホール）,浜松市中央区幸三丁目3-1,,34.741648,137.726455,,,,,,申込不要,,友だち追加必要,そうだん,中央区,2026-08-13,,,004617_00
221309,20260813461,静岡県,浜松市,悩みごと相談(LINE),,,2026-09-09,,13:00,21:00,最終受付20:30,,,,あいホール,(053)412-0352,,,浜松市男女共同参画・文化芸術活動推進センター（あいホール）,浜松市中央区幸三丁目3-1,,34.741648,137.726455,,,,,,申込不要,,友だち追加必要,そうだん,中央区,2026-08-13,,,004617_00
221309,20260813462,静岡県,浜松市,悩みごと相談(LINE),,,2026-09-13,,10:00,16:00,最終受付15:30,,,,あいホール,(053)412-0352,,,浜松市男女共同参画・文化芸術活動推進センター（あいホール）,浜松市中央区幸三丁目3-1,,34.741648,137.726455,,,,,,申込不要,,友だち追加必要,そうだん,中央区,2026-08-13,,,004617_00
221309,20260813463,静岡県,浜松市,悩みごと相談(LINE),,,2026-09-16,,13:00,21:00,最終受付20:30,,,,あいホール,(053)412-0352,,,浜松市男女共同参画・文化芸術活動推進センター（あいホール）,浜松市中央区幸三丁目3-1,,34.741648,137.726455,,,,,,申込不要,,友だち追加必要,そうだん,中央区,2026-08-13,,,004617_00
221309,20260813464,静岡県,浜松市,悩みごと相談(LINE),,,2026-09-20,,10:00,16:00,最終受付15:30,,,,あいホール,(053)412-0352,,,浜松市男女共同参画・文化芸術活動推進センター（あいホール）,浜松市中央区幸三丁目3-1,,34.741648,137.726455,,,,,,申込不要,,友だち追加必要,そうだん,中央区,2026-08-13,,,004617_00
221309,20260813465,静岡県,浜松市,悩みごと相談(LINE),,,2026-09-27,,10:00,16:00,最終受付15:30,,,,あいホール,(053)412-0352,,,浜松市男女共同参画・文化芸術活動推進センター（あいホール）,浜松市中央区幸三丁目3-1,,34.741648,137.726455,,,,,,申込不要,,友だち追加必要,そうだん,中央区,2026-08-13,,,004617_00
221309,20260813466,静岡県,浜松市,悩みごと相談(LINE),,,2026-09-30,,13:00,21:00,最終受付20:30,,,,あいホール,(053)412-0352,,,浜松市男女共同参画・文化芸術活動推進センター（あいホール）,浜松市中央区幸三丁目3-1,,34.741648,137.726455,,,,,,申込不要,,友だち追加必要,そうだん,中央区,2026-08-13,,,004617_00
221309,20260813467,静岡県,浜松市,男性の生き方相談(電話),,,2026-09-03,,18:00,20:00,,,,,あいホール,(053)412-0352,,,浜松市男女共同参画・文化芸術活動推進センター（あいホール）,浜松市中央区幸三丁目3-1,,34.741648,137.726455,,,,,,申込不要,,,そうだん,中央区,2026-08-13,,,004617_00
221309,20260813468,静岡県,浜松市,男性の生き方相談(電話),,,2026-09-10,,18:00,20:00,,,,,あいホール,(053)412-0352,,,浜松市男女共同参画・文化芸術活動推進センター（あいホール）,浜松市中央区幸三丁目3-1,,34.741648,137.726455,,,,,,申込不要,,,そうだん,中央区,2026-08-13,,,004617_00
221309,20260813469,静岡県,浜松市,男性の生き方相談(電話),,,2026-09-13,,18:00,20:00,,,,,あいホール,(053)412-0352,,,浜松市男女共同参画・文化芸術活動推進センター（あいホール）,浜松市中央区幸三丁目3-1,,34.741648,137.726455,,,,,,申込不要,,,そうだん,中央区,2026-08-13,,,004617_00
221309,20260813470,静岡県,浜松市,男性の生き方相談(電話),,,2026-09-17,,18:00,20:00,,,,,あいホール,(053)412-0352,,,浜松市男女共同参画・文化芸術活動推進センター（あいホール）,浜松市中央区幸三丁目3-1,,34.741648,137.726455,,,,,,申込不要,,,そうだん,中央区,2026-08-13,,,004617_00
221309,20260813471,静岡県,浜松市,男性の生き方相談(電話),,,2026-09-24,,18:00,20:00,,,,,あいホール,(053)412-0352,,,浜松市男女共同参画・文化芸術活動推進センター（あいホール）,浜松市中央区幸三丁目3-1,,34.741648,137.726455,,,,,,申込不要,,,そうだん,中央区,2026-08-13,,,004617_00
221309,20260813472,静岡県,浜松市,男性の生き方相談(電話),,,2026-09-27,,18:00,20:00,,,,,あいホール,(053)412-0352,,,浜松市男女共同参画・文化芸術活動推進センター（あいホール）,浜松市中央区幸三丁目3-1,,34.741648,137.726455,,,,,,申込不要,,,そうだん,中央区,2026-08-13,,,004617_00
221309,20260813473,静岡県,浜松市,男性の生き方相談(面接),,,2026-09-27,,18:00,20:00,,,,,あいホール,(053)412-0352,,,浜松市男女共同参画・文化芸術活動推進センター（あいホール）,浜松市中央区幸三丁目3-1,,34.741648,137.726455,,,,,,"申込必要
【方法】電話((053)412-0352)",,,そうだん,中央区,2026-08-13,,,004617_00
221309,20260813474,静岡県,浜松市,女性のための法律相談,,,2026-09-10,,12:30,16:00,,,,,あいホール,(053)412-0351,,,浜松市男女共同参画・文化芸術活動推進センター（あいホール）,浜松市中央区幸三丁目3-1,,34.741648,137.726455,,,,,,"申込必要
【方法】電話((053)412-0351)",,,そうだん,中央区,2026-08-13,,,004617_00
221309,20260813475,静岡県,浜松市,女性のための法律相談,,,2026-09-24,,12:30,16:00,,,,,あいホール,(053)412-0351,,,浜松市男女共同参画・文化芸術活動推進センター（あいホール）,浜松市中央区幸三丁目3-1,,34.741648,137.726455,,,,,,"申込必要
【方法】電話((053)412-0351)",,,そうだん,中央区,2026-08-13,,,004617_00
221309,20260813476,静岡県,浜松市,浜松まちなかスポーツフェスティバル2026,ハママツマチナカスポーツフェスティバル,,2026-10-12,,,,10:00～16:00,【内容】浜松まちなかスポーツフェスティバルを開催します。,,,スポーツ振興課,(053)457-2421,2421,まちなかスポーツフェスティバル実行委員会,,,,,,,なし,,,,申込不要,,,スポーツ,中央区,2026-08-13,,○,
221309,20260813478,静岡県,浜松市,認知症相談会,ニンチショウソウダンカイ,,2026-10-22,,14:00,17:00,,【内容】認知症に関する相談を、浜松市認知症疾患医療センターの認知症看護認定看護師、医療ソーシャルワーカーがお受けします。,,,聖隷三方原病院　浜松市認知症疾患医療センター,(053)-439-0006,,浜松市認知症疾患医療センター,聖隷三方原病院,浜松市中央区三方原町3453,患者サポートセンター,34.792297,137.690894,,,3人　先着順,,,"申込必要
【申込開始】2026年10月15日(木曜日)　
【方法】電話((053)-439-0006)",https://www.city.hamamatsu.shizuoka.jp/kourei/welfare/elderly/nintisyou/supporter.html,,そうだん,中央区,2026-08-13,,,
221309,20260813479,静岡県,浜松市,認知症相談会,ニンチショウソウダンカイ,,2026-11-26,,14:00,17:00,,【内容】認知症に関する相談を、浜松市認知症疾患医療センターの認知症看護認定看護師、医療ソーシャルワーカーがお受けします。,,,聖隷三方原病院　浜松市認知症疾患医療センター,(053)-439-0006,,浜松市認知症疾患医療センター,聖隷三方原病院,浜松市中央区三方原町3453,患者サポートセンター,34.792297,137.690894,,,3人　先着順,,,"申込必要
【申込開始】2026年10月15日(木曜日)　
【方法】電話((053)-439-0006)",https://www.city.hamamatsu.shizuoka.jp/kourei/welfare/elderly/nintisyou/supporter.html,,そうだん,中央区,2026-08-13,,,
221309,20260813480,静岡県,浜松市,認知症サポーター養成講座,ニンチショウサポーターヨウセイコウザ,,2026-11-25,,14:00,16:00,,"【内容】認知症を正しく理解し、認知症の人や家族に対して温かい目で接することができる応援者「認知症サポーター」を養成
【対象】原則、過去に受講歴のない人
【講師】キャラバン・メイト",,,中央福祉事業所（西行政センター）・長寿支援課,(053)597-1164,,,西行政センター,浜松市中央区雄踏一丁目31番1号,大会議室,34.692738,137.645291,,,30人　先着順,,,"申込必要
【申込開始】2026年10月15日(木曜日)　
【方法】電話((053)597-1164)
受付時間:8:30～17:00(平日のみ)",https://www.city.hamamatsu.shizuoka.jp/kourei/welfare/elderly/nintisyou/kouza.html,,けんこう,中央区,2026-08-13,,,001568_00
221309,20260813481,静岡県,浜松市,認知症当事者交流会「本人ミーティング」,ニンチショウトウジシャコウリュウカイ「ホンニンミーティング」,,2026-11-07,,10:00,11:30,,"【内容】認知症本人が気軽に話し合う場
【対象】浜松市民",,,高齢者福祉課,(053)457-2105,2105,浜松市,浜松市立舞阪図書館,浜松市中央区舞阪町舞阪2668-56,,34.679240,137.613319,,,,,,"申込必要
【方法】電話((053)457-2105)／FAX／ホームページ／E-mail
※ホームページの申請フォームから申込",https://www.city.hamamatsu.shizuoka.jp/kourei/welfare/elderly/nintisyou/supporter.html,,けんこう,中央区,2026-08-13,,,002459_00
221309,20260813482,静岡県,浜松市,浜松オート　場外発売(山陽),,,2026-11-04,2026-11-06,10:00,,,,,,浜松オートレース場,(053)471-0311,,,浜松オートレース場,浜松市中央区和合町936-19,,34.738015,137.703645,,,,,,申込不要,,,おしらせ,中央区,2026-08-13,,,000727_00
221309,20260813483,静岡県,浜松市,浜松オート　ナイター場外発売(伊勢崎),,,2026-11-06,2026-11-09,14:00,,,,,,浜松オートレース場,(053)471-0311,,,浜松オートレース場,浜松市中央区和合町936-19,,34.738015,137.703645,,,,,,申込不要,,,おしらせ,中央区,2026-08-13,,,000727_00
221309,20260813484,静岡県,浜松市,浜松オート　場外発売(川口),,,2026-11-07,2026-11-10,10:00,,,,,,浜松オートレース場,(053)471-0311,,,浜松オートレース場,浜松市中央区和合町936-19,,34.738015,137.703645,,,,,,申込不要,,,おしらせ,中央区,2026-08-13,,,000727_00
221309,20260813485,静岡県,浜松市,浜松オート　場外発売(山陽GⅡ第37回若獅子杯争奪戦),,,2026-11-11,2026-11-15,10:00,,,,,,浜松オートレース場,(053)471-0311,,,浜松オートレース場,浜松市中央区和合町936-19,,34.738015,137.703645,,,,,,申込不要,,,おしらせ,中央区,2026-08-13,,,000727_00
221309,20260813486,静岡県,浜松市,浜松オート　場外発売(飯塚),,,2026-11-16,2026-11-18,10:00,,,,,,浜松オートレース場,(053)471-0311,,,浜松オートレース場,浜松市中央区和合町936-19,,34.738015,137.703645,,,,,,申込不要,,,おしらせ,中央区,2026-08-13,,,000727_00
221309,20260813487,静岡県,浜松市,浜松オート第7回2節　Gamboo杯GⅡウィナーズカップ,,,2026-11-19,2026-11-23,10:00,,,,,,浜松オートレース場,(053)471-0311,,,浜松オートレース場,浜松市中央区和合町936-19,,34.738015,137.703645,,,,,,申込不要,,,おしらせ,中央区,2026-08-13,,,000727_00
221309,20260813488,静岡県,浜松市,浜松オート　場外発売(飯塚),,,2026-11-24,2026-11-26,10:00,,,,,,浜松オートレース場,(053)471-0311,,,浜松オートレース場,浜松市中央区和合町936-19,,34.738015,137.703645,,,,,,申込不要,,,おしらせ,中央区,2026-08-13,,,000727_00
221309,20260813489,静岡県,浜松市,浜松オート　場外発売(山陽),,,2026-11-28,2026-12-01,10:00,,,,,,浜松オートレース場,(053)471-0311,,,浜松オートレース場,浜松市中央区和合町936-19,,34.738015,137.703645,,,,,,申込不要,,,おしらせ,中央区,2026-08-13,,,000727_00
221309,20260818490,静岡県,浜松市,「津波防災の日」水門工事現場見学会,「ツナミボウサイノヒ」スイモンコウジゲンバケンガクカイ,,2026-10-17,2026-10-17,10:00,15:00,,,,,危機管理課,(053)457-2537,,,馬込川水門,浜松市中央区中田島町,,34.660380,137.750004,,あり,,,,申込不要,https://www.pref.shizuoka.jp/machizukuri/dobokujimusho/hamamatsudoboku/index.html,,イベント,中央区,2026-08-18,,○,
221309,20260818491,静岡県,浜松市,はままつクリエイティブスイッチ(東海調理製菓専門学校),ハママツクリエイティブスイッチ,,2026-09-19,,10:00,16:00,※参加するワークショップにより異なります,"【内容】?創造力を刺激する、楽しいワークショップを開催
【対象】市内在住の小学校4年生～中学校3年生
【講師】市内アーティスト等",,※参加するワークショップにより異なります,浜松市音楽創造都市推進会議,(053)457-2301,,浜松市音楽創造都市推進会議,東海調理製菓専門学校,浜松市中央区板屋町101-11,,34.707956,137.733908,,なし,10人　抽選　各ワークショップ10名,2026-08-30,23:59,"申込必要
【締切】締切
【方法】ホームページ",https://www.creative-hamamatsu.jp/projects/hcb/,,イベント,中央区,2026-08-18,,○,
221309,20260826492,静岡県,浜松市,"省エネおうちチャレンジ(夏季編) ～応募受付中～",ショウエネオウチチャレンジカキヘン　オウボウケツケチュウ,,,2026-10-31,,,,"【内容】夏季(8月または9月)に家庭の電気使用量を前年同月と比較して5％以上の削減できた世帯にクオカードがあたるチャンスです。
【対象】浜松市内の住居のある家庭",,無料,浜松市スマート省エネスタイル推進事業事務局,(03)6824-7645,,,,,,,,,,,2026-10-31,,"申込必要
【締切】締切
【方法】郵送(　浜松市スマート省エネスタイル推進事業事務局)／ホームページ／E-mail(hamamatsu-smart@kmri.co.jp )",https://www.kmri.co.jp/hamamatsu,,かんきょう,,2026-08-26,,○,
221309,20260827493,静岡県,浜松市,子育て支援ひろばの妊婦さんと家族のための講座,コソダテシエンヒロバノニンプサントカゾクノタメノコウザ,,2026-09-09,,10:00,12:00,,【内容】助産師による「お産の話」「授乳の話」「赤ちゃん用品の話」などの講座や、赤ちゃん人形を使っての抱っこやおむつ替え、沐浴体験,,,ここみ広場,(080)3623-0553,,,ここみ広場,浜松市中央区板屋町692,,34.707060,137.737186,,,,,,申込必要,https://www.hamamatsu-pippi.net/shisetsu/kosodateshienhiroba/,予約の必要なひろばがあります。ひろばへ直接お問い合わせください。,こそだて,中央区,2026-08-27,,○,202101
221309,20260827494,静岡県,浜松市,子育て支援ひろばの妊婦さんと家族のための講座,コソダテシエンヒロバノニンプサントカゾクノタメノコウザ,,2026-09-26,,10:00,12:00,,【内容】助産師による「お産の話」「授乳の話」「赤ちゃん用品の話」などの講座や、赤ちゃん人形を使っての抱っこやおむつ替え、沐浴体験,,,ここみ広場,(080)3623-0553,,,ここみ広場,浜松市中央区板屋町692,,34.707060,137.737186,,,,,,申込必要,https://www.hamamatsu-pippi.net/shisetsu/kosodateshienhiroba/,予約の必要なひろばがあります。ひろばへ直接お問い合わせください。,こそだて,中央区,2026-08-27,,○,202101
221309,20260827495,静岡県,浜松市,子育て支援ひろばの妊婦さんと家族のための講座,コソダテシエンヒロバノニンプサントカゾクノタメノコウザ,,2026-09-01,,10:00,12:00,,【内容】助産師による「お産の話」「授乳の話」「赤ちゃん用品の話」などの講座や、赤ちゃん人形を使っての抱っこやおむつ替え、沐浴体験,,,カンガルーのおうち,(090)4217-8706,,,カンガルーのおうち,浜松市中央区佐藤二丁目22-1,,34.713505,137.749472,,,,,,申込不要,https://www.hamamatsu-pippi.net/shisetsu/kosodateshienhiroba/,予約の必要なひろばがあります。ひろばへ直接お問い合わせください。,こそだて,中央区,2026-08-27,,○,202102
221309,20260827496,静岡県,浜松市,子育て支援ひろばの妊婦さんと家族のための講座,コソダテシエンヒロバノニンプサントカゾクノタメノコウザ,,2026-09-19,,10:00,12:00,,【内容】助産師による「お産の話」「授乳の話」「赤ちゃん用品の話」などの講座や、赤ちゃん人形を使っての抱っこやおむつ替え、沐浴体験,,,カンガルーのおうち,(090)4217-8706,,,カンガルーのおうち,浜松市中央区佐藤二丁目22-1,,34.713505,137.749472,,,,,,申込不要,https://www.hamamatsu-pippi.net/shisetsu/kosodateshienhiroba/,予約の必要なひろばがあります。ひろばへ直接お問い合わせください。,こそだて,中央区,2026-08-27,,○,202102
221309,20260827497,静岡県,浜松市,子育て支援ひろばの妊婦さんと家族のための講座,コソダテシエンヒロバノニンプサントカゾクノタメノコウザ,,2026-09-04,,10:00,12:00,,【内容】助産師による「お産の話」「授乳の話」「赤ちゃん用品の話」などの講座や、赤ちゃん人形を使っての抱っこやおむつ替え、沐浴体験,,,Luana（るあな）,(090)1742-2336,,,Luana（るあな）,浜松市中央区西伊場町77-1,一条タウン西伊場内,34.698379,137.705467,,,,,,申込不要,https://www.hamamatsu-pippi.net/shisetsu/kosodateshienhiroba/,予約の必要なひろばがあります。ひろばへ直接お問い合わせください。,こそだて,中央区,2026-08-27,,○,202103
221309,20260827498,静岡県,浜松市,子育て支援ひろばの妊婦さんと家族のための講座,コソダテシエンヒロバノニンプサントカゾクノタメノコウザ,,2026-09-18,,10:00,12:00,,【内容】助産師による「お産の話」「授乳の話」「赤ちゃん用品の話」などの講座や、赤ちゃん人形を使っての抱っこやおむつ替え、沐浴体験,,,Luana（るあな）,(090)1742-2336,,,Luana（るあな）,浜松市中央区西伊場町77-1,一条タウン西伊場内,34.698379,137.705467,,,,,,申込不要,https://www.hamamatsu-pippi.net/shisetsu/kosodateshienhiroba/,予約の必要なひろばがあります。ひろばへ直接お問い合わせください。,こそだて,中央区,2026-08-27,,○,202103
221309,20260827499,静岡県,浜松市,子育て支援ひろばの妊婦さんと家族のための講座,コソダテシエンヒロバノニンプサントカゾクノタメノコウザ,,2026-09-02,,10:00,12:00,,【内容】助産師による「お産の話」「授乳の話」「赤ちゃん用品の話」などの講座や、赤ちゃん人形を使っての抱っこやおむつ替え、沐浴体験,,,わわわひろば,(053)472-2522,,,わわわひろば,浜松市中央区和合町220-1280,,34.742243,137.708270,,,,,,申込不要,https://www.hamamatsu-pippi.net/shisetsu/kosodateshienhiroba/,予約の必要なひろばがあります。ひろばへ直接お問い合わせください。,こそだて,中央区,2026-08-27,,○,202104
221309,20260827500,静岡県,浜松市,子育て支援ひろばの妊婦さんと家族のための講座,コソダテシエンヒロバノニンプサントカゾクノタメノコウザ,,2026-09-16,,10:00,12:00,,【内容】助産師による「お産の話」「授乳の話」「赤ちゃん用品の話」などの講座や、赤ちゃん人形を使っての抱っこやおむつ替え、沐浴体験,,,わわわひろば,(053)472-2522,,,わわわひろば,浜松市中央区和合町220-1280,,34.742243,137.708270,,,,,,申込不要,https://www.hamamatsu-pippi.net/shisetsu/kosodateshienhiroba/,予約の必要なひろばがあります。ひろばへ直接お問い合わせください。,こそだて,中央区,2026-08-27,,○,202104
221309,20260827501,静岡県,浜松市,子育て支援ひろばの妊婦さんと家族のための講座,コソダテシエンヒロバノニンプサントカゾクノタメノコウザ,,2026-09-03,,10:00,12:00,,【内容】助産師による「お産の話」「授乳の話」「赤ちゃん用品の話」などの講座や、赤ちゃん人形を使っての抱っこやおむつ替え、沐浴体験,,,さわさわひろば,(053)451-6558,,,さわさわひろば,浜松市中央区広沢三丁目11-9,,34.712065,137.718449,,,,,,申込必要,https://www.hamamatsu-pippi.net/shisetsu/kosodateshienhiroba/,予約の必要なひろばがあります。ひろばへ直接お問い合わせください。,こそだて,中央区,2026-08-27,,○,202105
221309,20260827502,静岡県,浜松市,子育て支援ひろばの妊婦さんと家族のための講座,コソダテシエンヒロバノニンプサントカゾクノタメノコウザ,,2026-09-19,,10:00,12:00,,【内容】助産師による「お産の話」「授乳の話」「赤ちゃん用品の話」などの講座や、赤ちゃん人形を使っての抱っこやおむつ替え、沐浴体験,,,さわさわひろば,(053)451-6558,,,さわさわひろば,浜松市中央区広沢三丁目11-9,,34.712065,137.718449,,,,,,申込必要,https://www.hamamatsu-pippi.net/shisetsu/kosodateshienhiroba/,予約の必要なひろばがあります。ひろばへ直接お問い合わせください。,こそだて,中央区,2026-08-27,,○,202105
221309,20260827503,静岡県,浜松市,子育て支援ひろばの妊婦さんと家族のための講座,コソダテシエンヒロバノニンプサントカゾクノタメノコウザ,,2026-09-05,,10:00,12:00,,【内容】助産師による「お産の話」「授乳の話」「赤ちゃん用品の話」などの講座や、赤ちゃん人形を使っての抱っこやおむつ替え、沐浴体験,,,まんまのつぼみ,(090)6645-3139,,,まんまのつぼみ,浜松市中央区葵西六丁目6-30,,34.769729,137.703218,,,,,,申込不要,https://www.hamamatsu-pippi.net/shisetsu/kosodateshienhiroba/,予約の必要なひろばがあります。ひろばへ直接お問い合わせください。,こそだて,中央区,2026-08-27,,○,202106
221309,20260827504,静岡県,浜松市,子育て支援ひろばの妊婦さんと家族のための講座,コソダテシエンヒロバノニンプサントカゾクノタメノコウザ,,2026-09-15,,10:00,12:00,,【内容】助産師による「お産の話」「授乳の話」「赤ちゃん用品の話」などの講座や、赤ちゃん人形を使っての抱っこやおむつ替え、沐浴体験,,,まんまのつぼみ,(090)6645-3139,,,まんまのつぼみ,浜松市中央区葵西六丁目6-30,,34.769729,137.703218,,,,,,申込不要,https://www.hamamatsu-pippi.net/shisetsu/kosodateshienhiroba/,予約の必要なひろばがあります。ひろばへ直接お問い合わせください。,こそだて,中央区,2026-08-27,,○,202106
221309,20260827505,静岡県,浜松市,子育て支援ひろばの妊婦さんと家族のための講座,コソダテシエンヒロバノニンプサントカゾクノタメノコウザ,,2026-09-05,,10:00,12:00,,【内容】助産師による「お産の話」「授乳の話」「赤ちゃん用品の話」などの講座や、赤ちゃん人形を使っての抱っこやおむつ替え、沐浴体験,,,ぞうさん,(053)435-4030,,,ぞうさん,浜松市中央区小池町743-1,,34.750886,137.761084,,,,,,申込不要,https://www.hamamatsu-pippi.net/shisetsu/kosodateshienhiroba/,予約の必要なひろばがあります。ひろばへ直接お問い合わせください。,こそだて,中央区,2026-08-27,,○,202107
221309,20260827506,静岡県,浜松市,子育て支援ひろばの妊婦さんと家族のための講座,コソダテシエンヒロバノニンプサントカゾクノタメノコウザ,,2026-09-17,,10:00,12:00,,【内容】助産師による「お産の話」「授乳の話」「赤ちゃん用品の話」などの講座や、赤ちゃん人形を使っての抱っこやおむつ替え、沐浴体験,,,ぞうさん,(053)435-4030,,,ぞうさん,浜松市中央区小池町743-1,,34.750886,137.761084,,,,,,申込不要,https://www.hamamatsu-pippi.net/shisetsu/kosodateshienhiroba/,予約の必要なひろばがあります。ひろばへ直接お問い合わせください。,こそだて,中央区,2026-08-27,,○,202107
221309,20260827507,静岡県,浜松市,子育て支援ひろばの妊婦さんと家族のための講座,コソダテシエンヒロバノニンプサントカゾクノタメノコウザ,,2026-09-14,,9:30,11:30,,【内容】助産師による「お産の話」「授乳の話」「赤ちゃん用品の話」などの講座や、赤ちゃん人形を使っての抱っこやおむつ替え、沐浴体験,,,きらり,(053)411-4811,,,きらり,浜松市中央区中田町776,,34.736621,137.760277,,,,,,申込不要,https://www.hamamatsu-pippi.net/shisetsu/kosodateshienhiroba/,予約の必要なひろばがあります。ひろばへ直接お問い合わせください。,こそだて,中央区,2026-08-27,,○,202108
221309,20260827508,静岡県,浜松市,子育て支援ひろばの妊婦さんと家族のための講座,コソダテシエンヒロバノニンプサントカゾクノタメノコウザ,,2026-09-28,,9:30,11:30,,【内容】助産師による「お産の話」「授乳の話」「赤ちゃん用品の話」などの講座や、赤ちゃん人形を使っての抱っこやおむつ替え、沐浴体験,,,きらり,(053)411-4811,,,きらり,浜松市中央区中田町776,,34.736621,137.760277,,,,,,申込不要,https://www.hamamatsu-pippi.net/shisetsu/kosodateshienhiroba/,予約の必要なひろばがあります。ひろばへ直接お問い合わせください。,こそだて,中央区,2026-08-27,,○,202108
221309,20260827509,静岡県,浜松市,子育て支援ひろばの妊婦さんと家族のための講座,コソダテシエンヒロバノニンプサントカゾクノタメノコウザ,,2026-09-08,,10:00,12:00,,【内容】助産師による「お産の話」「授乳の話」「赤ちゃん用品の話」などの講座や、赤ちゃん人形を使っての抱っこやおむつ替え、沐浴体験,,,どんぐりひろば,(070)3350-6875,,,どんぐりひろば,浜松市中央区中郡町1802-2,,34.772575,137.781021,,,,,,申込不要,https://www.hamamatsu-pippi.net/shisetsu/kosodateshienhiroba/,予約の必要なひろばがあります。ひろばへ直接お問い合わせください。,こそだて,中央区,2026-08-27,,○,202109
221309,20260827510,静岡県,浜松市,子育て支援ひろばの妊婦さんと家族のための講座,コソダテシエンヒロバノニンプサントカゾクノタメノコウザ,,2026-09-29,,10:00,12:00,,【内容】助産師による「お産の話」「授乳の話」「赤ちゃん用品の話」などの講座や、赤ちゃん人形を使っての抱っこやおむつ替え、沐浴体験,,,どんぐりひろば,(070)3350-6875,,,どんぐりひろば,浜松市中央区中郡町1802-2,,34.772575,137.781021,,,,,,申込不要,https://www.hamamatsu-pippi.net/shisetsu/kosodateshienhiroba/,予約の必要なひろばがあります。ひろばへ直接お問い合わせください。,こそだて,中央区,2026-08-27,,○,202109
221309,20260827511,静岡県,浜松市,子育て支援ひろばの妊婦さんと家族のための講座,コソダテシエンヒロバノニンプサントカゾクノタメノコウザ,,2026-09-04,,10:00,12:00,,【内容】助産師による「お産の話」「授乳の話」「赤ちゃん用品の話」などの講座や、赤ちゃん人形を使っての抱っこやおむつ替え、沐浴体験,,,グリーンランド,(080)8267-9098,,,グリーンランド,浜松市中央区有玉西町1222,,34.762459,137.744593,,,,,,申込不要,https://www.hamamatsu-pippi.net/shisetsu/kosodateshienhiroba/,予約の必要なひろばがあります。ひろばへ直接お問い合わせください。,こそだて,中央区,2026-08-27,,○,202111
221309,20260827512,静岡県,浜松市,子育て支援ひろばの妊婦さんと家族のための講座,コソダテシエンヒロバノニンプサントカゾクノタメノコウザ,,2026-09-11,,10:00,12:00,,【内容】助産師による「お産の話」「授乳の話」「赤ちゃん用品の話」などの講座や、赤ちゃん人形を使っての抱っこやおむつ替え、沐浴体験,,,グリーンランド,(080)8267-9098,,,グリーンランド,浜松市中央区有玉西町1222,,34.762459,137.744593,,,,,,申込不要,https://www.hamamatsu-pippi.net/shisetsu/kosodateshienhiroba/,予約の必要なひろばがあります。ひろばへ直接お問い合わせください。,こそだて,中央区,2026-08-27,,○,202111
221309,20260827513,静岡県,浜松市,子育て支援ひろばの妊婦さんと家族のための講座,コソダテシエンヒロバノニンプサントカゾクノタメノコウザ,,2026-09-07,,9:30,11:30,,【内容】助産師による「お産の話」「授乳の話」「赤ちゃん用品の話」などの講座や、赤ちゃん人形を使っての抱っこやおむつ替え、沐浴体験,,,ささっこひろば,(053)464-8424,,,ささっこひろば,浜松市中央区篠ケ瀬町286,,34.728907,137.773208,,,,,,申込不要,https://www.hamamatsu-pippi.net/shisetsu/kosodateshienhiroba/,予約の必要なひろばがあります。ひろばへ直接お問い合わせください。,こそだて,中央区,2026-08-27,,○,202401
221309,20260827514,静岡県,浜松市,子育て支援ひろばの妊婦さんと家族のための講座,コソダテシエンヒロバノニンプサントカゾクノタメノコウザ,,2026-09-14,,9:30,11:30,,【内容】助産師による「お産の話」「授乳の話」「赤ちゃん用品の話」などの講座や、赤ちゃん人形を使っての抱っこやおむつ替え、沐浴体験,,,ささっこひろば,(053)464-8424,,,ささっこひろば,浜松市中央区篠ケ瀬町286,,34.728907,137.773208,,,,,,申込不要,https://www.hamamatsu-pippi.net/shisetsu/kosodateshienhiroba/,予約の必要なひろばがあります。ひろばへ直接お問い合わせください。,こそだて,中央区,2026-08-27,,○,202401
221309,20260827515,静岡県,浜松市,子育て支援ひろばの妊婦さんと家族のための講座,コソダテシエンヒロバノニンプサントカゾクノタメノコウザ,,2026-09-08,,9:30,11:30,,【内容】助産師による「お産の話」「授乳の話」「赤ちゃん用品の話」などの講座や、赤ちゃん人形を使っての抱っこやおむつ替え、沐浴体験,,,さなるのひろば,(070)9254-4384,,,さなるのひろば,浜松市中央区入野町9277-1,,34.699853,137.682763,,,,,,申込不要,https://www.hamamatsu-pippi.net/shisetsu/kosodateshienhiroba/,予約の必要なひろばがあります。ひろばへ直接お問い合わせください。,こそだて,中央区,2026-08-27,,○,202402
221309,20260827516,静岡県,浜松市,子育て支援ひろばの妊婦さんと家族のための講座,コソダテシエンヒロバノニンプサントカゾクノタメノコウザ,,2026-09-29,,9:30,11:30,,【内容】助産師による「お産の話」「授乳の話」「赤ちゃん用品の話」などの講座や、赤ちゃん人形を使っての抱っこやおむつ替え、沐浴体験,,,さなるのひろば,(070)9254-4384,,,さなるのひろば,浜松市中央区入野町9277-1,,34.699853,137.682763,,,,,,申込不要,https://www.hamamatsu-pippi.net/shisetsu/kosodateshienhiroba/,予約の必要なひろばがあります。ひろばへ直接お問い合わせください。,こそだて,中央区,2026-08-27,,○,202402
221309,20260827517,静岡県,浜松市,子育て支援ひろばの妊婦さんと家族のための講座,コソダテシエンヒロバノニンプサントカゾクノタメノコウザ,,2026-09-09,,10:00,12:00,,【内容】助産師による「お産の話」「授乳の話」「赤ちゃん用品の話」などの講座や、赤ちゃん人形を使っての抱っこやおむつ替え、沐浴体験,,,やまぼうしの家,(053)448-5000,,,やまぼうしの家,浜松市中央区篠原町9554,,34.684710,137.656719,,,,,,申込不要,https://www.hamamatsu-pippi.net/shisetsu/kosodateshienhiroba/,予約の必要なひろばがあります。ひろばへ直接お問い合わせください。,こそだて,中央区,2026-08-27,,○,202114
221309,20260827518,静岡県,浜松市,子育て支援ひろばの妊婦さんと家族のための講座,コソダテシエンヒロバノニンプサントカゾクノタメノコウザ,,2026-09-30,,10:00,12:00,,【内容】助産師による「お産の話」「授乳の話」「赤ちゃん用品の話」などの講座や、赤ちゃん人形を使っての抱っこやおむつ替え、沐浴体験,,,やまぼうしの家,(053)448-5000,,,やまぼうしの家,浜松市中央区篠原町9554,,34.684710,137.656719,,,,,,申込不要,https://www.hamamatsu-pippi.net/shisetsu/kosodateshienhiroba/,予約の必要なひろばがあります。ひろばへ直接お問い合わせください。,こそだて,中央区,2026-08-27,,○,202114
221309,20260827519,静岡県,浜松市,子育て支援ひろばの妊婦さんと家族のための講座,コソダテシエンヒロバノニンプサントカゾクノタメノコウザ,,2026-09-05,,10:00,12:00,,【内容】助産師による「お産の話」「授乳の話」「赤ちゃん用品の話」などの講座や、赤ちゃん人形を使っての抱っこやおむつ替え、沐浴体験,,,マイひろば,(053)486-0434,,,マイひろば,浜松市中央区和光町517,,34.786344,137.680454,,,,,,申込不要,https://www.hamamatsu-pippi.net/shisetsu/kosodateshienhiroba/,予約の必要なひろばがあります。ひろばへ直接お問い合わせください。,こそだて,中央区,2026-08-27,,○,202112
221309,20260827520,静岡県,浜松市,子育て支援ひろばの妊婦さんと家族のための講座,コソダテシエンヒロバノニンプサントカゾクノタメノコウザ,,2026-09-17,,10:00,12:00,,【内容】助産師による「お産の話」「授乳の話」「赤ちゃん用品の話」などの講座や、赤ちゃん人形を使っての抱っこやおむつ替え、沐浴体験,,,マイひろば,(053)486-0434,,,マイひろば,浜松市中央区和光町517,,34.786344,137.680454,,,,,,申込不要,https://www.hamamatsu-pippi.net/shisetsu/kosodateshienhiroba/,予約の必要なひろばがあります。ひろばへ直接お問い合わせください。,こそだて,中央区,2026-08-27,,○,202112
221309,20260827521,静岡県,浜松市,子育て支援ひろばの妊婦さんと家族のための講座,コソダテシエンヒロバノニンプサントカゾクノタメノコウザ,,2026-09-01,,9:30,11:30,,【内容】助産師による「お産の話」「授乳の話」「赤ちゃん用品の話」などの講座や、赤ちゃん人形を使っての抱っこやおむつ替え、沐浴体験,,,ころころルーム,(070)8304-5656,,,ころころルーム,浜松市中央区大平台四丁目11-23,,34.710461,137.679302,,,,,,申込不要,https://www.hamamatsu-pippi.net/shisetsu/kosodateshienhiroba/,予約の必要なひろばがあります。ひろばへ直接お問い合わせください。,こそだて,中央区,2026-08-27,,○,202115
221309,20260827522,静岡県,浜松市,子育て支援ひろばの妊婦さんと家族のための講座,コソダテシエンヒロバノニンプサントカゾクノタメノコウザ,,2026-09-05,,9:30,11:30,,【内容】助産師による「お産の話」「授乳の話」「赤ちゃん用品の話」などの講座や、赤ちゃん人形を使っての抱っこやおむつ替え、沐浴体験,,,ころころルーム,(070)8304-5656,,,ころころルーム,浜松市中央区大平台四丁目11-23,,34.710461,137.679302,,,,,,申込不要,https://www.hamamatsu-pippi.net/shisetsu/kosodateshienhiroba/,予約の必要なひろばがあります。ひろばへ直接お問い合わせください。,こそだて,中央区,2026-08-27,,○,202115
221309,20260827523,静岡県,浜松市,子育て支援ひろばの妊婦さんと家族のための講座,コソダテシエンヒロバノニンプサントカゾクノタメノコウザ,,2026-09-11,,10:00,12:00,,【内容】助産師による「お産の話」「授乳の話」「赤ちゃん用品の話」などの講座や、赤ちゃん人形を使っての抱っこやおむつ替え、沐浴体験,,,サンサンひろば,(053)426-5500,,,サンサンひろば,浜松市中央区飯田町1507,,34.708218,137.781600,,,,,,申込不要,https://www.hamamatsu-pippi.net/shisetsu/kosodateshienhiroba/,予約の必要なひろばがあります。ひろばへ直接お問い合わせください。,こそだて,中央区,2026-08-27,,○,202116
221309,20260827524,静岡県,浜松市,子育て支援ひろばの妊婦さんと家族のための講座,コソダテシエンヒロバノニンプサントカゾクノタメノコウザ,,2026-09-25,,10:00,12:00,,【内容】助産師による「お産の話」「授乳の話」「赤ちゃん用品の話」などの講座や、赤ちゃん人形を使っての抱っこやおむつ替え、沐浴体験,,,サンサンひろば,(053)426-5500,,,サンサンひろば,浜松市中央区飯田町1507,,34.708218,137.781600,,,,,,申込不要,https://www.hamamatsu-pippi.net/shisetsu/kosodateshienhiroba/,予約の必要なひろばがあります。ひろばへ直接お問い合わせください。,こそだて,中央区,2026-08-27,,○,202116
221309,20260827525,静岡県,浜松市,子育て支援ひろばの妊婦さんと家族のための講座,コソダテシエンヒロバノニンプサントカゾクノタメノコウザ,,2026-09-04,,10:00,12:00,,【内容】助産師による「お産の話」「授乳の話」「赤ちゃん用品の話」などの講座や、赤ちゃん人形を使っての抱っこやおむつ替え、沐浴体験,,,ここみのおうち,(070)1641-0553,,,ここみのおうち,浜松市中央区瓜内町148-D,,34.690549,137.736840,,,,,,申込必要,https://www.hamamatsu-pippi.net/shisetsu/kosodateshienhiroba/,予約の必要なひろばがあります。ひろばへ直接お問い合わせください。,こそだて,中央区,2026-08-27,,○,202118
221309,20260827526,静岡県,浜松市,子育て支援ひろばの妊婦さんと家族のための講座,コソダテシエンヒロバノニンプサントカゾクノタメノコウザ,,2026-09-20,,10:00,12:00,,【内容】助産師による「お産の話」「授乳の話」「赤ちゃん用品の話」などの講座や、赤ちゃん人形を使っての抱っこやおむつ替え、沐浴体験,,,ここみのおうち,(070)1641-0553,,,ここみのおうち,浜松市中央区瓜内町148-D,,34.690549,137.736840,,,,,,申込必要,https://www.hamamatsu-pippi.net/shisetsu/kosodateshienhiroba/,予約の必要なひろばがあります。ひろばへ直接お問い合わせください。,こそだて,中央区,2026-08-27,,○,202118
221309,20260827527,静岡県,浜松市,子育て支援ひろばの妊婦さんと家族のための講座,コソダテシエンヒロバノニンプサントカゾクノタメノコウザ,,2026-09-04,,10:00,12:00,,【内容】助産師による「お産の話」「授乳の話」「赤ちゃん用品の話」などの講座や、赤ちゃん人形を使っての抱っこやおむつ替え、沐浴体験,,,なごみCIRCUS（サーカス）,(053)420-8701,,,なごみCIRCUS（サーカス）,浜松市中央区三方原町1364-5,,34.783410,137.711570,,,,,,申込不要,https://www.hamamatsu-pippi.net/shisetsu/kosodateshienhiroba/,予約の必要なひろばがあります。ひろばへ直接お問い合わせください。,こそだて,中央区,2026-08-27,,○,202119
221309,20260827528,静岡県,浜松市,子育て支援ひろばの妊婦さんと家族のための講座,コソダテシエンヒロバノニンプサントカゾクノタメノコウザ,,2026-09-19,,10:00,12:00,,【内容】助産師による「お産の話」「授乳の話」「赤ちゃん用品の話」などの講座や、赤ちゃん人形を使っての抱っこやおむつ替え、沐浴体験,,,なごみCIRCUS（サーカス）,(053)420-8701,,,なごみCIRCUS（サーカス）,浜松市中央区三方原町1364-5,,34.783410,137.711570,,,,,,申込不要,https://www.hamamatsu-pippi.net/shisetsu/kosodateshienhiroba/,予約の必要なひろばがあります。ひろばへ直接お問い合わせください。,こそだて,中央区,2026-08-27,,○,202119
221309,20260827529,静岡県,浜松市,子育て支援ひろばの妊婦さんと家族のための講座,コソダテシエンヒロバノニンプサントカゾクノタメノコウザ,,2026-09-05,,10:00,12:00,,【内容】助産師による「お産の話」「授乳の話」「赤ちゃん用品の話」などの講座や、赤ちゃん人形を使っての抱っこやおむつ替え、沐浴体験,,,おひさま,(053)437-0822,,,おひさま,浜松市中央区根洗町645-1,,34.793969,137.695202,,,,,,申込不要,https://www.hamamatsu-pippi.net/shisetsu/kosodateshienhiroba/,予約の必要なひろばがあります。ひろばへ直接お問い合わせください。,こそだて,中央区,2026-08-27,,○,202120
221309,20260827530,静岡県,浜松市,子育て支援ひろばの妊婦さんと家族のための講座,コソダテシエンヒロバノニンプサントカゾクノタメノコウザ,,2026-09-16,,10:00,12:00,,【内容】助産師による「お産の話」「授乳の話」「赤ちゃん用品の話」などの講座や、赤ちゃん人形を使っての抱っこやおむつ替え、沐浴体験,,,おひさま,(053)437-0822,,,おひさま,浜松市中央区根洗町645-1,,34.793969,137.695202,,,,,,申込不要,https://www.hamamatsu-pippi.net/shisetsu/kosodateshienhiroba/,予約の必要なひろばがあります。ひろばへ直接お問い合わせください。,こそだて,中央区,2026-08-27,,○,202120
221309,20260827531,静岡県,浜松市,子育て支援ひろばの妊婦さんと家族のための講座,コソダテシエンヒロバノニンプサントカゾクノタメノコウザ,,2026-09-04,,10:00,12:00,,【内容】助産師による「お産の話」「授乳の話」「赤ちゃん用品の話」などの講座や、赤ちゃん人形を使っての抱っこやおむつ替え、沐浴体験,,,引佐子育て支援広場,(090)1757-9793,,,引佐子育て支援広場,浜松市浜名区引佐町井伊谷616-5,,34.834538,137.670722,,,,,,申込不要,https://www.hamamatsu-pippi.net/shisetsu/kosodateshienhiroba/,予約の必要なひろばがあります。ひろばへ直接お問い合わせください。,こそだて,浜名区,2026-08-27,,○,202121
221309,20260827532,静岡県,浜松市,子育て支援ひろばの妊婦さんと家族のための講座,コソダテシエンヒロバノニンプサントカゾクノタメノコウザ,,2026-09-18,,10:00,12:00,,【内容】助産師による「お産の話」「授乳の話」「赤ちゃん用品の話」などの講座や、赤ちゃん人形を使っての抱っこやおむつ替え、沐浴体験,,,引佐子育て支援広場,(090)1757-9793,,,引佐子育て支援広場,浜松市浜名区引佐町井伊谷616-5,,34.834538,137.670722,,,,,,申込不要,https://www.hamamatsu-pippi.net/shisetsu/kosodateshienhiroba/,予約の必要なひろばがあります。ひろばへ直接お問い合わせください。,こそだて,浜名区,2026-08-27,,○,202121
221309,20260827533,静岡県,浜松市,子育て支援ひろばの妊婦さんと家族のための講座,コソダテシエンヒロバノニンプサントカゾクノタメノコウザ,,2026-09-08,,10:00,12:00,,【内容】助産師による「お産の話」「授乳の話」「赤ちゃん用品の話」などの講座や、赤ちゃん人形を使っての抱っこやおむつ替え、沐浴体験,,,そよかぜ,(053)580-0390,,,そよかぜ,浜松市浜名区於呂3087-2,,34.823381,137.799693,,,,,,申込不要,https://www.hamamatsu-pippi.net/shisetsu/kosodateshienhiroba/,予約の必要なひろばがあります。ひろばへ直接お問い合わせください。,こそだて,浜名区,2026-08-27,,○,202122
221309,20260827534,静岡県,浜松市,子育て支援ひろばの妊婦さんと家族のための講座,コソダテシエンヒロバノニンプサントカゾクノタメノコウザ,,2026-09-29,,10:00,12:00,,【内容】助産師による「お産の話」「授乳の話」「赤ちゃん用品の話」などの講座や、赤ちゃん人形を使っての抱っこやおむつ替え、沐浴体験,,,そよかぜ,(053)580-0390,,,そよかぜ,浜松市浜名区於呂3087-2,,34.823381,137.799693,,,,,,申込不要,https://www.hamamatsu-pippi.net/shisetsu/kosodateshienhiroba/,予約の必要なひろばがあります。ひろばへ直接お問い合わせください。,こそだて,浜名区,2026-08-27,,○,202122
221309,20260827535,静岡県,浜松市,子育て支援ひろばの妊婦さんと家族のための講座,コソダテシエンヒロバノニンプサントカゾクノタメノコウザ,,2026-09-14,,10:00,12:00,,【内容】助産師による「お産の話」「授乳の話」「赤ちゃん用品の話」などの講座や、赤ちゃん人形を使っての抱っこやおむつ替え、沐浴体験,,,ゆりかご,(053)580-1077,,,ゆりかご,浜松市浜名区新原2669,,34.815280,137.773797,,,,,,申込不要,https://www.hamamatsu-pippi.net/shisetsu/kosodateshienhiroba/,予約の必要なひろばがあります。ひろばへ直接お問い合わせください。,こそだて,浜名区,2026-08-27,,○,202123
221309,20260827536,静岡県,浜松市,子育て支援ひろばの妊婦さんと家族のための講座,コソダテシエンヒロバノニンプサントカゾクノタメノコウザ,,2026-09-28,,10:00,12:00,,【内容】助産師による「お産の話」「授乳の話」「赤ちゃん用品の話」などの講座や、赤ちゃん人形を使っての抱っこやおむつ替え、沐浴体験,,,ゆりかご,(053)580-1077,,,ゆりかご,浜松市浜名区新原2669,,34.815280,137.773797,,,,,,申込不要,https://www.hamamatsu-pippi.net/shisetsu/kosodateshienhiroba/,予約の必要なひろばがあります。ひろばへ直接お問い合わせください。,こそだて,浜名区,2026-08-27,,○,202123
221309,20260827537,静岡県,浜松市,子育て支援ひろばの妊婦さんと家族のための講座,コソダテシエンヒロバノニンプサントカゾクノタメノコウザ,,2026-09-13,,10:00,12:00,,【内容】助産師による「お産の話」「授乳の話」「赤ちゃん用品の話」などの講座や、赤ちゃん人形を使っての抱っこやおむつ替え、沐浴体験,,,ここみの森,(080)3285-5533,,,ここみの森,浜松市浜名区中瀬4486-1,,34.814557,137.819311,,,,,,申込必要,https://www.hamamatsu-pippi.net/shisetsu/kosodateshienhiroba/,予約の必要なひろばがあります。ひろばへ直接お問い合わせください。,こそだて,浜名区,2026-08-27,,○,202124
221309,20260827538,静岡県,浜松市,子育て支援ひろばの妊婦さんと家族のための講座,コソダテシエンヒロバノニンプサントカゾクノタメノコウザ,,2026-09-17,,10:00,12:00,,【内容】助産師による「お産の話」「授乳の話」「赤ちゃん用品の話」などの講座や、赤ちゃん人形を使っての抱っこやおむつ替え、沐浴体験,,,ここみの森,(080)3285-5533,,,ここみの森,浜松市浜名区中瀬4486-1,,34.814557,137.819311,,,,,,申込必要,https://www.hamamatsu-pippi.net/shisetsu/kosodateshienhiroba/,予約の必要なひろばがあります。ひろばへ直接お問い合わせください。,こそだて,浜名区,2026-08-27,,○,202124
221309,20260827539,静岡県,浜松市,子育て支援ひろばの妊婦さんと家族のための講座,コソダテシエンヒロバノニンプサントカゾクノタメノコウザ,,2026-09-01,,10:00,12:00,,【内容】助産師による「お産の話」「授乳の話」「赤ちゃん用品の話」などの講座や、赤ちゃん人形を使っての抱っこやおむつ替え、沐浴体験,,,ねむのき,(053)545-3870,,,ねむのき,浜松市浜名区中瀬2308,,34.829986,137.809337,,,,,,申込不要,https://www.hamamatsu-pippi.net/shisetsu/kosodateshienhiroba/,予約の必要なひろばがあります。ひろばへ直接お問い合わせください。,こそだて,浜名区,2026-08-27,,○,202403
221309,20260827540,静岡県,浜松市,子育て支援ひろばの妊婦さんと家族のための講座,コソダテシエンヒロバノニンプサントカゾクノタメノコウザ,,2026-09-15,,10:00,12:00,,【内容】助産師による「お産の話」「授乳の話」「赤ちゃん用品の話」などの講座や、赤ちゃん人形を使っての抱っこやおむつ替え、沐浴体験,,,ねむのき,(053)545-3870,,,ねむのき,浜松市浜名区中瀬2308,,34.829986,137.809337,,,,,,申込不要,https://www.hamamatsu-pippi.net/shisetsu/kosodateshienhiroba/,予約の必要なひろばがあります。ひろばへ直接お問い合わせください。,こそだて,浜名区,2026-08-27,,○,202403
221309,20260827541,静岡県,浜松市,子育て支援ひろばの妊婦さんと家族のための講座,コソダテシエンヒロバノニンプサントカゾクノタメノコウザ,,2026-09-07,,10:00,12:00,,【内容】助産師による「お産の話」「授乳の話」「赤ちゃん用品の話」などの講座や、赤ちゃん人形を使っての抱っこやおむつ替え、沐浴体験,,,やまびこ,(053)922-0180,,,やまびこ,浜松市天竜区山東3577,,34.870505,137.825595,,,,,,申込不要,https://www.hamamatsu-pippi.net/shisetsu/kosodateshienhiroba/,予約の必要なひろばがあります。ひろばへ直接お問い合わせください。,こそだて,天竜区,2026-08-27,,○,202125
221309,20260827542,静岡県,浜松市,子育て支援ひろばの妊婦さんと家族のための講座,コソダテシエンヒロバノニンプサントカゾクノタメノコウザ,,2026-09-14,,10:00,12:00,,【内容】助産師による「お産の話」「授乳の話」「赤ちゃん用品の話」などの講座や、赤ちゃん人形を使っての抱っこやおむつ替え、沐浴体験,,,やまびこ,(053)922-0180,,,やまびこ,浜松市天竜区山東3577,,34.870505,137.825595,,,,,,申込不要,https://www.hamamatsu-pippi.net/shisetsu/kosodateshienhiroba/,予約の必要なひろばがあります。ひろばへ直接お問い合わせください。,こそだて,天竜区,2026-08-27,,○,202125
221309,20260902001,静岡県,浜松市,まちを元気に！出張市長室(浜松市政を語る会),マチヲゲンキニ！シュッチョウシチョウシツ(ハママツシセイヲカタルカイ),,2026-09-29,,19:00,20:00,,"【内容】市長から市政について報告し、その内容について皆さまからの質問にも答えます。
【対象】市内に在住、または在勤・通学している人",,,広聴広報課,(053)457-2023,,,浜松市天竜壬生ホール,浜松市天竜区二俣町二俣20-2,,34.858793,137.815750,,,200人　先着順,,,申込不要,https://www.city.hamamatsu.shizuoka.jp/koho2/politics/kataru/index.html,,おしらせ,天竜区,2026-09-02,,,001989_00
221309,20260902002,静岡県,浜松市,まちを元気に！出張市長室(浜松市政を語る会),マチヲゲンキニ！シュッチョウシチョウシツ(ハママツシセイヲカタルカイ),,2026-10-22,,19:00,20:00,,"【内容】市長から市政について報告し、その内容について皆さまからの質問にも答えます。
【対象】市内に在住、または在勤・通学している人",,,広聴広報課,(053)457-2023,,,浜松市雄踏文化センター,浜松市中央区雄踏町宇布見5427,(雄踏協働センター),34.701630,137.634487,,,200人　先着順,,,申込不要,https://www.city.hamamatsu.shizuoka.jp/koho2/politics/kataru/index.html,,おしらせ,中央区,2026-09-02,,,002760_00
221309,20260902003,静岡県,浜松市,まちを元気に！出張市長室(浜松市政を語る会),マチヲゲンキニ！シュッチョウシチョウシツ(ハママツシセイヲカタルカイ),,2026-12-22,,19:00,20:00,,"【内容】市長から市政について報告し、その内容について皆さまからの質問にも答えます。
【対象】市内に在住、または在勤・通学している人",,,広聴広報課,(053)457-2023,,,浜松市浜北文化センター,浜松市浜名区貴布祢291-1,,34.794439,137.783274,,,200人　先着順,,,申込不要,https://www.city.hamamatsu.shizuoka.jp/koho2/politics/kataru/index.html,,おしらせ,浜名区,2026-09-02,,,002410_00
221309,20260902004,静岡県,浜松市,"第11回 小・中学生 理科研究 プレゼンテーションコンテスト 決勝","ダイ11カイ ショウ・チュウガクセイ リカケンキュウ プレゼンテーションコンテスト ケッショウ",,2026-10-25,,9:50,16:30,,"【内容】夏休みの自由研究や科学部での研究など、理科・数学・技術の研究に興味をもって取り組んでいる小・中学生が、その成果を披露し、研究内容や発表技術を競うコンテストです。
【対象】どなたでも",0円,,浜松科学館,(053)454-0178,,浜松科学館,浜松科学館,浜松市中央区北寺島町256-3,,34.705034,137.739694,,,,,,申込不要,https://www.mirai-ra.jp,,イベント,中央区,2026-09-02,,○,005123_00
221309,20260902005,静岡県,浜松市,ワークショップ「フェルトで惑星を作ろう」,ワークショップ「フェルトデワクセイヲツクロウ」,,2026-10-14,2026-10-25,13:30,15:30,,"【内容】羊毛をシャカシャカ振ってフェルトボールを作ろう！出来上がりは、まるで惑星みたい?
【対象】どなたでも",200円,"別途、常設展入場料が必要【常設展入場料】大人600円、高校生300円、中学生以下、70歳以上 無料",浜松科学館,(053)454-0178,,浜松科学館,浜松科学館,浜松市中央区北寺島町256-3,,34.705034,137.739694,,,,,,申込不要,https://www.mirai-ra.jp,,イベント,中央区,2026-09-02,,○,005123_00
221309,20260902006,静岡県,浜松市,ワークショップ「コインが消える？びっくり貯金箱」,ワークショップ「コインガキエル？ビックリチョキンバコ」,,2026-10-27,2026-11-08,13:30,15:30,,"【内容】コインを入れたはずなのに・・・
光の性質を使った驚きの貯金箱を作ろう。
【対象】どなたでも",300円,"別途、常設展入場料が必要【常設展入場料】大人600円、高校生300円、中学生以下、70歳以上 無料",浜松科学館,(053)454-0178,,浜松科学館,浜松科学館,浜松市中央区北寺島町256-3,,34.705034,137.739694,,,,,,申込不要,https://www.mirai-ra.jp,,イベント,中央区,2026-09-02,,○,005123_00
221309,20260902007,静岡県,浜松市,ちょこっと体験「黒を分解！クロマトフラワー」,チョコットタイケン「クロヲブンカイ！クロマトフラワー」,,2026-10-31,2026-11-01,10:00,11:30,,"【内容】黒ペンは何色でできている？クロマトグラフィー法で色を分解してみよう。
【対象】どなたでも",0円,"別途、常設展入場料が必要【常設展入場料】大人600円、高校生300円、中学生以下、70歳以上 無料",浜松科学館,(053)454-0178,,浜松科学館,浜松科学館,浜松市中央区北寺島町256-3,,34.705034,137.739694,,,,,,申込不要,https://www.mirai-ra.jp,,イベント,中央区,2026-09-02,,○,005123_00
221309,20260902008,静岡県,浜松市,〈開館25周年記念〉大ビンゴ大会！！,,,2026-11-01,,15:00,,,"【内容】浜松こども館は今年で25周年。25周年を記念して大ビンゴ大会を開催します。
【対象】どなたでも
【その他】14時半からビンゴカートを配布します。",,,浜松こども館,(053)450-9111,,,浜松こども館,浜松市中央区鍛冶町100-1,ザザシティ浜松中央館6・7階,34.705228,137.730166,,,先着300人人,,,申込不要,https://kodomokan.entetsuassist-dms.com/event/,,こそだて,中央区,2026-09-02,2026-09-07,○,002327_00
221309,20260907009,静岡県,イベント,ウェルネスデイ,,,2026-10-24,,9:30,16:00,,【内容】イベントを通じ生き生きとした生活を目指してみませんか？,,,はままつフラワーパーク,(053)487-0511,,,はままつフラワーパーク,浜松市中央区舘山寺町195,,34.763174,137.633296,,,,,,申込不要,https://e-flowerpark.com,,ウェルネスDay,中央区,2026-09-07,,,000464_00
221309,20260907010,静岡県,浜松市,ブックスタート,ブックスタート,Bookstart,2026-12-18,,10:00,,各開催月の前月18日から申し込み受付開始,"【内容】読み聞かせやわらべうたの体験とアドバイス、おすすめの絵本1冊プレゼント
【対象】6ヵ月から満1歳(お誕生日当月まで)の赤ちゃんとその保護者
【条件】対象期間内に1回受講可",,,中央図書館,(053)456-0234,,,東部保健福祉センター,浜松市中央区青屋町300,いきいきプラザ天竜川,34.715732,137.782995,,有,先着順　各会場に応じて,,,"申込必要
【申込開始】2026年11月18日(水曜日)　
【方法】窓口／電話((053)456-0234)
各開催月の前月18日から申し込み受付開始",https://www.lib-city-hamamatsu.jp/service/jidou/bookstart/bookstart_202610-12.html,,こそだて,中央区,2026-09-07,,○,000029_00
